exp_ic	logreg_prob	gnb_prob	SVC_prob	rnd_clf_prob	voting_clf_prob
B2056b_baseline1_dfof-10perc_pyseas_1000iter_training_ica-filt-0000	0.9999523524393105	0.9999999969171115	0.9999993586873033	1.0	0.9999840980101959
B2056b_baseline1_dfof-10perc_pyseas_1000iter_training_ica-filt-0001	0.999974948287209	0.9999999927076343	0.9999964248249006	1.0	0.9999915040369896
B2056b_baseline1_dfof-10perc_pyseas_1000iter_training_ica-filt-0002	0.9999946276602184	0.9999999997654196	0.9999998942301976	1.0	0.9999982068576229
B2056b_baseline1_dfof-10perc_pyseas_1000iter_training_ica-filt-0003	0.9999454454348733	0.9999999942182766	0.9999999870199677	1.0	0.999981814942161
B2056b_baseline1_dfof-10perc_pyseas_1000iter_training_ica-filt-0004	0.9995504842652573	0.9999999906862859	0.9999964940410014	1.0	0.9998500193175909
B2056b_baseline1_dfof-10perc_pyseas_1000iter_training_ica-filt-0005	0.9999871376606766	0.9999999979226822	0.9999995211526436	1.0	0.9999956987215605
B2056b_baseline1_dfof-10perc_pyseas_1000iter_training_ica-filt-0006	0.9999989951879307	0.9999999995375753	0.8066266788996331	1.0	0.942165213300826
B2056b_baseline1_dfof-10perc_pyseas_1000iter_training_ica-filt-0007	0.9999882171679588	0.9999999996936246	0.9999998725195427	1.0	0.9999960694499431
B2056b_baseline1_dfof-10perc_pyseas_1000iter_training_ica-filt-0008	0.9999856440597414	0.9999999995485052	0.9999842298315974	1.0	0.9999943895025849
B2056b_baseline1_dfof-10perc_pyseas_1000iter_training_ica-filt-0009	0.999972780587772	0.999999998637378	0.9999973905035036	1.0	0.9999908262738488
B2056b_baseline1_dfof-10perc_pyseas_1000iter_training_ica-filt-0010	0.9999604573815983	0.9999999994306741	0.9999999921056864	1.0	0.9999868190138805
B2056b_baseline1_dfof-10perc_pyseas_1000iter_training_ica-filt-0011	0.9996537157436574	0.9999999716148129	0.999996456567522	1.0	0.9998844280316724
B2056b_baseline1_dfof-10perc_pyseas_1000iter_training_ica-filt-0012	0.9999936531253324	0.9999999995432544	0.9999996454584632	1.0	0.9999978746447118
B2056b_baseline1_dfof-10perc_pyseas_1000iter_training_ica-filt-0013	0.9999906627546968	0.9999999468838073	0.9969029107908808	1.0	0.999995202086133
B2056b_baseline1_dfof-10perc_pyseas_1000iter_training_ica-filt-0014	0.9999991567736639	0.9999999999891216	0.9920833433797074	1.0	0.9987001603948708
B2056b_baseline1_dfof-10perc_pyseas_1000iter_training_ica-filt-0015	0.9999936587106971	0.9999999993031796	0.9999995446464177	1.0	0.9999978731957205
B2056b_baseline1_dfof-10perc_pyseas_1000iter_training_ica-filt-0016	0.9999812466676511	0.9999999991715534	0.9999964494515867	1.0	0.9999936046682095
B2056b_baseline1_dfof-10perc_pyseas_1000iter_training_ica-filt-0017	0.9999900248576461	0.9999999995266489	0.9999993407167057	1.0	0.9999966548430249
B2056b_baseline1_dfof-10perc_pyseas_1000iter_training_ica-filt-0018	0.9998646811595588	0.9999999522148263	0.9999995023778219	1.0	0.9999548792510974
B2056b_baseline1_dfof-10perc_pyseas_1000iter_training_ica-filt-0019	0.9999794932223339	0.9999999889920305	0.9999964759698445	1.0	0.9999930214459175
B2056b_baseline1_dfof-10perc_pyseas_1000iter_training_ica-filt-0020	0.999878331195454	0.9999999979780726	0.9999999327463319	1.0	0.9999594423411615
B2056b_baseline1_dfof-10perc_pyseas_1000iter_training_ica-filt-0021	0.2372567142140573	4.562195867987457e-13	1.0000000994736041e-07	0.05	0.09575227140468907
B2056b_baseline1_dfof-10perc_pyseas_1000iter_training_ica-filt-0022	0.999966925932918	0.999999997966894	0.9999999892174296	1.0	0.9999889751477493
B2056b_baseline1_dfof-10perc_pyseas_1000iter_training_ica-filt-0023	0.9999749093598146	0.9999999831695983	0.9999964730320705	1.0	0.9999914933522943
B2056b_baseline1_dfof-10perc_pyseas_1000iter_training_ica-filt-0024	0.9999909581141037	0.9999999993299475	0.9999999385700611	1.0	0.9999969847872482
B2056b_baseline1_dfof-10perc_pyseas_1000iter_training_ica-filt-0025	0.9997223339621041	0.9999999839865714	0.9999998837291679	1.0	0.9999074420148251
B2056b_baseline1_dfof-10perc_pyseas_1000iter_training_ica-filt-0026	0.9999869635388666	0.999999988278436	0.9999999604053136	1.0	0.9999956537648803
B2056b_baseline1_dfof-10perc_pyseas_1000iter_training_ica-filt-0027	0.9999251852034599	0.9999999985022381	0.9999995130578185	1.0	0.9999750476284598
B2056b_baseline1_dfof-10perc_pyseas_1000iter_training_ica-filt-0028	0.9999728413737953	0.9999984933856377	0.9999964712479261	1.0	0.9999908039389219
B2056b_baseline1_dfof-10perc_pyseas_1000iter_training_ica-filt-0029	0.999998515469412	0.9999999999445528	0.9810608975700787	1.0	0.9963698477971112
B2056b_baseline1_dfof-10perc_pyseas_1000iter_training_ica-filt-0030	0.9999508951537405	0.999999996297314	0.9999996210651458	1.0	0.9999836211995433
B2056b_baseline1_dfof-10perc_pyseas_1000iter_training_ica-filt-0031	0.9999704848829274	0.999999999119174	0.999999971954102	1.0	0.9999901611279968
B2056b_baseline1_dfof-10perc_pyseas_1000iter_training_ica-filt-0032	0.9999966806349222	0.9999999975598063	0.9999995001396312	1.0	0.9999988790000329
B2056b_baseline1_dfof-10perc_pyseas_1000iter_training_ica-filt-0033	0.9999858988531694	0.9999999995846327	0.9999999892437277	1.0	0.9999952994549656
B2056b_baseline1_dfof-10perc_pyseas_1000iter_training_ica-filt-0034	0.9990812072524852	0.9999993955327466	0.9999983680700371	1.0	0.9996936776718233
B2056b_baseline1_dfof-10perc_pyseas_1000iter_training_ica-filt-0035	0.9994613061429625	0.9999997152286235	0.9999997663355921	1.0	0.9998204294075855
B2056b_baseline1_dfof-10perc_pyseas_1000iter_training_ica-filt-0036	0.999996296121713	0.9999999996377991	0.999999976383141	1.0	0.9999987649653056
B2056b_baseline1_dfof-10perc_pyseas_1000iter_training_ica-filt-0037	0.9999843592267628	0.9999999979207708	0.9999999839076642	1.0	0.9999947861481204
B2056b_baseline1_dfof-10perc_pyseas_1000iter_training_ica-filt-0038	0.9998106053037141	0.9999990603821419	0.9774459522057517	1.0	0.9954755025849455
B2056b_baseline1_dfof-10perc_pyseas_1000iter_training_ica-filt-0039	0.9999964152373415	0.9999999998555699	0.9999999781747567	1.0	0.9999988047065537
B2056b_baseline1_dfof-10perc_pyseas_1000iter_training_ica-filt-0040	0.9999047972106567	0.9999999946153314	0.9999999909484336	1.0	0.9999682656038908
B2056b_baseline1_dfof-10perc_pyseas_1000iter_training_ica-filt-0041	0.9999894831928313	0.9999999918637635	0.9999999869778001	1.0	0.9999964941940425
B2056b_baseline1_dfof-10perc_pyseas_1000iter_training_ica-filt-0042	0.9999394126345518	0.9999999982814671	0.9999999934012821	1.0	0.9999798041196456
B2056b_baseline1_dfof-10perc_pyseas_1000iter_training_ica-filt-0043	0.999989811927795	0.9999999569070105	0.9999964741562186	1.0	0.9999964609283177
B2056b_baseline1_dfof-10perc_pyseas_1000iter_training_ica-filt-0044	0.9999769061831014	0.9999999990428582	0.9999999596816967	1.0	0.9999923012969331
B2056b_baseline1_dfof-10perc_pyseas_1000iter_training_ica-filt-0045	0.997674041905693	0.9999995207774001	0.9999981433933774	1.0	0.9992246130942436
B2056b_baseline1_dfof-10perc_pyseas_1000iter_training_ica-filt-0046	0.9999968559415536	0.9999999976989145	0.9999964730921698	1.0	0.9999988088823937
B2056b_baseline1_dfof-10perc_pyseas_1000iter_training_ica-filt-0047	0.9999911075749023	0.9999999994500898	0.9999999215625928	1.0	0.9999970341933264
B2056b_baseline1_dfof-10perc_pyseas_1000iter_training_ica-filt-0048	0.9999960409705279	0.9999999993103473	0.999996436425783	1.0	0.999998535483257
B2056b_baseline1_dfof-10perc_pyseas_1000iter_training_ica-filt-0049	0.9999895415957478	0.9999999996062492	0.9999999894855878	1.0	0.9999965137067667
B2056b_baseline1_dfof-10perc_pyseas_1000iter_training_ica-filt-0050	0.9999712432799597	0.9999999991270646	0.9999994966523621	1.0	0.9999903997628937
B2056b_baseline1_dfof-10perc_pyseas_1000iter_training_ica-filt-0051	0.9998579284969012	0.9999999815872995	0.9999964515630815	1.0	0.9999524987116365
B2056b_baseline1_dfof-10perc_pyseas_1000iter_training_ica-filt-0052	0.9998930208261252	0.9999999717162162	0.9999999949225814	1.0	0.9999643402077713
B2056b_baseline1_dfof-10perc_pyseas_1000iter_training_ica-filt-0053	0.9998745442766392	0.999999999226505	0.9999964882466922	1.0	0.999958039046562
B2056b_baseline1_dfof-10perc_pyseas_1000iter_training_ica-filt-0054	0.9996746663644868	0.9999997932647685	0.9999964666494593	1.0	0.9998914120508143
B2056b_baseline1_dfof-10perc_pyseas_1000iter_training_ica-filt-0055	0.999880192032775	0.999999975141398	0.9999999423664379	1.0	0.999960062850121
B2056b_baseline1_dfof-10perc_pyseas_1000iter_training_ica-filt-0056	0.9999866299772673	0.9999999994871143	0.9999999732603202	1.0	0.9999955428532359
B2056b_baseline1_dfof-10perc_pyseas_1000iter_training_ica-filt-0057	0.9999868687592125	0.999999999521192	0.9999999869113458	1.0	0.999995622714953
B2056b_baseline1_dfof-10perc_pyseas_1000iter_training_ica-filt-0058	0.9999040960600866	0.9999999862181249	0.999999977614062	1.0	0.9999680316362425
B2056b_baseline1_dfof-10perc_pyseas_1000iter_training_ica-filt-0059	0.9996804274278659	0.9999999837568441	0.9999965607834979	1.0	0.9998933368651212
B2056b_baseline1_dfof-10perc_pyseas_1000iter_training_ica-filt-0060	0.9979334756761237	0.9999996703886318	0.9999999282849437	1.0	0.9993111570594856
B2056b_baseline1_dfof-10perc_pyseas_1000iter_training_ica-filt-0061	0.9999954917624939	0.9999999987957225	0.9999998917041549	1.0	0.9999984948255499
B2056b_baseline1_dfof-10perc_pyseas_1000iter_training_ica-filt-0062	0.9999952327980416	0.9999999990512158	0.9999999658481017	1.0	0.9999984103034901
B2056b_baseline1_dfof-10perc_pyseas_1000iter_training_ica-filt-0063	0.9999951513884757	0.9999999995683808	0.9999994211523571	1.0	0.9999983665268636
B2056b_baseline1_dfof-10perc_pyseas_1000iter_training_ica-filt-0064	0.9999967903005911	0.9999999999692832	0.9999979244717794	1.0	0.9999988531498353
B2056b_baseline1_dfof-10perc_pyseas_1000iter_training_ica-filt-0065	0.9999871719499565	0.9999999994624744	0.9999999895467812	1.0	0.9999957238259153
B2056b_baseline1_dfof-10perc_pyseas_1000iter_training_ica-filt-0066	0.9998016916059178	0.9999999924501674	0.9999999529461666	1.0	0.999933896286441
B2056b_baseline1_dfof-10perc_pyseas_1000iter_training_ica-filt-0067	0.9999885818630553	0.9999999981883524	0.9999999689565013	1.0	0.9999961933916516
B2056b_baseline1_dfof-10perc_pyseas_1000iter_training_ica-filt-0068	0.9999916659204947	0.9999999996232117	0.9999999952937179	1.0	0.9999972219116412
B2056b_baseline1_dfof-10perc_pyseas_1000iter_training_ica-filt-0069	0.9959056637293485	0.9999838717907499	0.9817078651209579	0.925	0.9784847793033098
B2056b_baseline1_dfof-10perc_pyseas_1000iter_training_ica-filt-0070	0.9999921367767179	0.9999999985458282	0.9999999476762036	1.0	0.9999973778889234
B2056b_baseline1_dfof-10perc_pyseas_1000iter_training_ica-filt-0071	0.9999834774555758	0.9999999966330454	0.9999999834089193	1.0	0.9999944922149065
B2056b_baseline1_dfof-10perc_pyseas_1000iter_training_ica-filt-0072	0.9999115301105763	0.9999999964421386	0.9999999687734306	1.0	0.999970509470273
B2056b_baseline1_dfof-10perc_pyseas_1000iter_training_ica-filt-0073	0.9706730139522786	0.8498361065031451	0.9999964527506682	1.0	0.9818908605865286
B2056b_baseline1_dfof-10perc_pyseas_1000iter_training_ica-filt-0074	0.9999988954992671	0.9999999997785382	0.9999981101270714	1.0	0.9999995628739032
B2056b_baseline1_dfof-10perc_pyseas_1000iter_training_ica-filt-0075	0.9999921153927324	0.9999999962288905	0.9999999618501181	1.0	0.9999973710813496
B2056b_baseline1_dfof-10perc_pyseas_1000iter_training_ica-filt-0076	0.9999974323466049	0.9999999997675372	0.9999999639660291	1.0	0.9999991434455757
B2056b_baseline1_dfof-10perc_pyseas_1000iter_training_ica-filt-0077	0.9999616391506035	0.9999999980633252	0.9999999988691454	1.0	0.999987213038544
B2056b_baseline1_dfof-10perc_pyseas_1000iter_training_ica-filt-0078	0.9999941539193142	0.9999999998344276	0.9999998501093786	1.0	0.9999980477536851
B2056b_baseline1_dfof-10perc_pyseas_1000iter_training_ica-filt-0079	0.9999866185885886	0.9999999988807087	0.9999997979357973	1.0	0.9999955344902087
B2056b_baseline1_dfof-10perc_pyseas_1000iter_training_ica-filt-0080	0.9999856810456459	0.9999998436785108	0.9999996348049476	1.0	0.9999952169417772
B2056b_baseline1_dfof-10perc_pyseas_1000iter_training_ica-filt-0081	0.9999931152477418	0.9999999994748503	0.9999964757188144	1.0	0.9999975621091384
B2056b_baseline1_dfof-10perc_pyseas_1000iter_training_ica-filt-0082	0.9999498735593033	0.9999999964347489	0.9999999930742722	1.0	0.999983291089212
B2056b_baseline1_dfof-10perc_pyseas_1000iter_training_ica-filt-0083	0.9999339880133777	0.9999999929076574	0.9999999954074871	1.0	0.9999779959443487
B2056b_baseline1_dfof-10perc_pyseas_1000iter_training_ica-filt-0084	0.999985160481549	0.999999967923135	0.9999999278667668	1.0	0.9999950519843911
B2056b_baseline1_dfof-10perc_pyseas_1000iter_training_ica-filt-0085	0.9999983722359822	0.9999999996427587	0.9999996378247664	1.0	0.9999994474359681
B2056b_baseline1_dfof-10perc_pyseas_1000iter_training_ica-filt-0086	0.9999881952204047	0.9999999989192522	0.999999916067594	1.0	0.9999960632711845
B2056b_baseline1_dfof-10perc_pyseas_1000iter_training_ica-filt-0087	0.9877363911632134	0.9999625771699236	0.9125778786966836	0.95	0.9735834878971147
B2056b_baseline1_dfof-10perc_pyseas_1000iter_training_ica-filt-0088	0.9999905117645626	0.9999999996363051	0.9999964297785021	1.0	0.999996692098443
B2056b_baseline1_dfof-10perc_pyseas_1000iter_training_ica-filt-0089	0.9999960781344469	0.9999999998309619	0.9999999891889463	1.0	0.9999986925477541
B2056b_baseline1_dfof-10perc_pyseas_1000iter_training_ica-filt-0090	0.9999891699593324	0.9999999990828928	0.999999939469178	1.0	0.9999963887570568
B2056b_baseline1_dfof-10perc_pyseas_1000iter_training_ica-filt-0091	0.9999853349324289	0.9999999994111075	0.9999999749027549	1.0	0.9999951112054108
B2056b_baseline1_dfof-10perc_pyseas_1000iter_training_ica-filt-0092	0.9999611701941422	0.9999999957693381	0.9999999058354931	1.0	0.9999870546693718
B2056b_baseline1_dfof-10perc_pyseas_1000iter_training_ica-filt-0093	0.9999572042429073	0.9999999915204311	0.9999964510986954	1.0	0.9999855906049039
B2056b_baseline1_dfof-10perc_pyseas_1000iter_training_ica-filt-0094	0.9999617249967822	0.9999999922101958	0.999998858721584	1.0	0.9999872034462541
B2056b_baseline1_dfof-10perc_pyseas_1000iter_training_ica-filt-0095	0.999995740615738	0.9999999998823768	0.9999998739834635	1.0	0.9999985773053344
B2056b_baseline1_dfof-10perc_pyseas_1000iter_training_ica-filt-0096	0.9998500581019626	0.9999994326003165	0.9999965183429976	1.0	0.9999498784149564
B2056b_baseline1_dfof-10perc_pyseas_1000iter_training_ica-filt-0097	0.9999976802149736	0.9999999999387655	0.9999999931925404	1.0	0.9999992266430424
B2056b_baseline1_dfof-10perc_pyseas_1000iter_training_ica-filt-0098	0.9980749530644851	0.9999991409573368	0.9999996215878575	1.0	0.9993583071867693
B2056b_baseline1_dfof-10perc_pyseas_1000iter_training_ica-filt-0099	0.999747403153603	0.9999999940498211	0.9999999966929087	1.0	0.9999158010102706
B2056b_baseline1_dfof-10perc_pyseas_1000iter_training_ica-filt-0100	0.9999987149483809	0.9999999999292797	0.9999998172901851	1.0	0.999999567170292
B2056b_baseline1_dfof-10perc_pyseas_1000iter_training_ica-filt-0101	0.9998928321119464	0.999999982519155	0.9999999752568022	1.0	0.9999642769391516
B2056b_baseline1_dfof-10perc_pyseas_1000iter_training_ica-filt-0102	0.9999982085333786	0.999999999784638	0.999999824099988	1.0	0.9999993985600408
B2056b_baseline1_dfof-10perc_pyseas_1000iter_training_ica-filt-0103	0.9999976873916865	0.9999999996630926	0.9999999199867586	1.0	0.9999992274263733
B2056b_baseline1_dfof-10perc_pyseas_1000iter_training_ica-filt-0104	0.9999399564589126	0.9999999631809907	0.9999998372095643	1.0	0.9999799815731579
B2056b_baseline1_dfof-10perc_pyseas_1000iter_training_ica-filt-0105	0.9851068168131649	0.9998705888059575	0.9999964653401514	1.0	0.9950354621381982
B2056b_baseline1_dfof-10perc_pyseas_1000iter_training_ica-filt-0106	0.9999980464523898	0.999999999617124	0.9999998268712894	1.0	0.9999993446119353
B2056b_baseline1_dfof-10perc_pyseas_1000iter_training_ica-filt-0107	0.9999884033050146	0.999999998544519	0.9999964878827896	1.0	0.999995992038758
B2056b_baseline1_dfof-10perc_pyseas_1000iter_training_ica-filt-0108	0.9999572172619383	0.9999999981110204	0.9999999934541081	1.0	0.9999857389963013
B2056b_baseline1_dfof-10perc_pyseas_1000iter_training_ica-filt-0109	0.9913117827917458	0.9998809998922262	0.9999965018066351	0.975	0.9804371191946218
B2056b_baseline1_dfof-10perc_pyseas_1000iter_training_ica-filt-0110	0.9966051422351617	0.9999960661345461	0.9999989814050471	1.0	0.9988683472879757
B2056b_baseline1_dfof-10perc_pyseas_1000iter_training_ica-filt-0111	0.999995717146861	0.9999999995530171	0.999999974294004	1.0	0.9999985719310743
B2056b_baseline1_dfof-10perc_pyseas_1000iter_training_ica-filt-0112	0.9999911175540696	0.9999999987246878	0.9999999966423629	1.0	0.9999970391430262
B2056b_baseline1_dfof-10perc_pyseas_1000iter_training_ica-filt-0113	0.9999879694177329	0.9999999983742871	0.9999999836749208	1.0	0.9999959895406905
B2056b_baseline1_dfof-10perc_pyseas_1000iter_training_ica-filt-0114	0.999966813783094	0.9999999854722469	0.999999802815476	1.0	0.9999889330305031
B2056b_baseline1_dfof-10perc_pyseas_1000iter_training_ica-filt-0115	0.9999820515105757	0.9999999991346655	0.9999965281902261	1.0	0.9999938766841504
B2056b_baseline1_dfof-10perc_pyseas_1000iter_training_ica-filt-0116	0.9999061288997318	0.9999999926707216	0.9999999927038037	1.0	0.9999687095299074
B2056b_baseline1_dfof-10perc_pyseas_1000iter_training_ica-filt-0117	0.9999894651174374	0.9999999996154685	0.9999999731461379	1.0	0.9999964878975969
B2056b_baseline1_dfof-10perc_pyseas_1000iter_training_ica-filt-0118	0.9999980722336189	0.9999999993107719	0.9999996351129743	1.0	0.9999993473477108
B2056b_baseline1_dfof-10perc_pyseas_1000iter_training_ica-filt-0119	0.9999970258805149	0.9999999998310614	0.9999999210744542	1.0	0.9999990069497309
B2056b_baseline1_dfof-10perc_pyseas_1000iter_training_ica-filt-0120	0.9994671116693299	0.9999093117217808	0.9999942991827087	1.0	0.9998221195863454
B2056b_baseline1_dfof-10perc_pyseas_1000iter_training_ica-filt-0121	0.9999967929575424	0.999999992297239	0.9999979790349713	1.0	0.9999988563971854
B2056b_baseline1_dfof-10perc_pyseas_1000iter_training_ica-filt-0122	0.9999946514869865	0.9999999998027836	0.9999875037372687	1.0	0.9999975886014588
B2056b_baseline1_dfof-10perc_pyseas_1000iter_training_ica-filt-0123	0.9999787595479559	0.9999999993663451	0.9999999221293976	1.0	0.9999929181984166
B2056b_baseline1_dfof-10perc_pyseas_1000iter_training_ica-filt-0124	0.9966120811168141	0.9999997484049297	0.9999965001268388	1.0	0.9988705518900102
B2056b_baseline1_dfof-10perc_pyseas_1000iter_training_ica-filt-0125	0.9998891352599981	0.9999989438422947	0.999999907370219	1.0	0.9999630430639342
B2056b_baseline1_dfof-10perc_pyseas_1000iter_training_ica-filt-0126	0.9999883046615079	0.9999999994502033	0.9999999899851634	1.0	0.9999961014041303
B2056b_baseline1_dfof-10perc_pyseas_1000iter_training_ica-filt-0127	0.9999836042821756	0.9999999998481872	0.9613145309205037	1.0	0.9915417897318187
B2056b_baseline1_dfof-10perc_pyseas_1000iter_training_ica-filt-0128	0.9999946700654585	0.9999999996827373	0.9999999480167554	1.0	0.9999982223263957
B2056b_baseline1_dfof-10perc_pyseas_1000iter_training_ica-filt-0129	0.9999983892854718	0.9999999992042632	0.9999998999808709	1.0	0.999999460882325
B2056b_baseline1_dfof-10perc_pyseas_1000iter_training_ica-filt-0130	0.999970251520138	0.9999999966060732	0.9999984623530093	1.0	0.99999002966775
B2056b_baseline1_dfof-10perc_pyseas_1000iter_training_ica-filt-0131	0.9999947140272112	0.9999999977845172	0.9999999673847392	1.0	0.9999982374128845
B2056b_baseline1_dfof-10perc_pyseas_1000iter_training_ica-filt-0132	0.9998177381753177	0.9999998404655258	0.9999964835735542	1.0	0.9999391034577526
B2056b_baseline1_dfof-10perc_pyseas_1000iter_training_ica-filt-0133	0.9995819209089073	0.9999582791310194	0.9999965008199626	1.0	0.9998604985202344
B2056b_baseline1_dfof-10perc_pyseas_1000iter_training_ica-filt-0134	0.9999523191900521	0.999999992751155	0.9999991215706132	1.0	0.9999840782614228
B2056b_baseline1_dfof-10perc_pyseas_1000iter_training_ica-filt-0135	0.9980748106682419	0.9999888150757128	0.9999964647076575	1.0	0.9993581267265204
B2056b_baseline1_dfof-10perc_pyseas_1000iter_training_ica-filt-0136	0.9999684389022809	0.9999999977027284	0.9999999983749768	1.0	0.9999894796162749
B2056b_baseline1_dfof-10perc_pyseas_1000iter_training_ica-filt-0137	0.999964771096394	0.9999919726103067	0.9999965134568672	1.0	0.9999881158482974
B2056b_baseline1_dfof-10perc_pyseas_1000iter_training_ica-filt-0138	0.9999951392377671	0.9999999988738698	0.9999999577056988	1.0	0.9999983789378127
B2056b_baseline1_dfof-10perc_pyseas_1000iter_training_ica-filt-0139	0.9999985897174177	0.9999999999436575	0.9999998172123957	1.0	0.9999995254244057
B2056b_baseline1_dfof-10perc_pyseas_1000iter_training_ica-filt-0140	0.9999957793372555	0.9999999996383888	0.999999913515432	1.0	0.999998591245832
B2056b_baseline1_dfof-10perc_pyseas_1000iter_training_ica-filt-0141	0.9996164016352841	0.9999998682257195	0.9999997761810627	1.0	0.9998721281985089
B2056b_baseline1_dfof-10perc_pyseas_1000iter_training_ica-filt-0142	0.9999911259802351	0.9999999992717666	0.9999999731881887	1.0	0.9999970415193996
B2056b_baseline1_dfof-10perc_pyseas_1000iter_training_ica-filt-0143	0.9999999838744844	0.9999999999999859	0.9999964713039996	0.975	0.9749998514418138
B2056b_baseline1_dfof-10perc_pyseas_1000iter_training_ica-filt-0144	0.9999971215119666	0.999999999731644	0.9999999802245906	1.0	0.9999990401720448
B2056b_baseline1_dfof-10perc_pyseas_1000iter_training_ica-filt-0145	0.9984691024479209	0.9999989990225996	0.9999998596871957	1.0	0.9994896975274304
B2056b_baseline1_dfof-10perc_pyseas_1000iter_training_ica-filt-0146	0.999974597734551	0.9999999944358803	0.9999995803491156	1.0	0.9999915207254433
B2056b_baseline1_dfof-10perc_pyseas_1000iter_training_ica-filt-0147	0.9999995004574711	0.9999999999547562	0.999999838273495	1.0	0.9999998296025913
B2056b_baseline1_dfof-10perc_pyseas_1000iter_training_ica-filt-0148	0.999993531430634	0.9999999989620019	0.9999999006514473	1.0	0.9999978416147322
B2056b_baseline1_dfof-10perc_pyseas_1000iter_training_ica-filt-0149	0.9999819760554524	0.9999999983338484	0.9999964631866264	1.0	0.9999938484500204
B2056b_baseline1_dfof-10perc_pyseas_1000iter_training_ica-filt-0150	0.9996527401210596	0.99999980596298	0.9999999370773617	1.0	0.99988424542059
B2056b_baseline1_dfof-10perc_pyseas_1000iter_training_ica-filt-0151	0.9999980398684561	0.999999999892209	0.9999999049410968	1.0	0.9999993445378698
B2056b_baseline1_dfof-10perc_pyseas_1000iter_training_ica-filt-0152	0.0877395004583914	9.068595169535097e-11	1.0000000994736041e-07	0.2	0.04591320015280045
B2056b_baseline1_dfof-10perc_pyseas_1000iter_training_ica-filt-0153	0.9999964683448027	0.9999999985355076	0.9999999529710717	1.0	0.9999988218666364
B2056b_baseline1_dfof-10perc_pyseas_1000iter_training_ica-filt-0154	0.9999834988962434	0.9999999976477688	0.9999999644124372	1.0	0.9999944989718254
B2056b_baseline1_dfof-10perc_pyseas_1000iter_training_ica-filt-0155	0.9999971896708534	0.9999999979670147	0.9999997310317286	1.0	0.9999990561809594
B2056b_baseline1_dfof-10perc_pyseas_1000iter_training_ica-filt-0156	0.9999669891460393	0.9999999989139852	0.9999997900416912	1.0	0.999988991111533
B2056b_baseline1_dfof-10perc_pyseas_1000iter_training_ica-filt-0157	0.9999753562497532	0.9999999990920134	0.9999999948122756	1.0	0.9999917853472585
B2056b_baseline1_dfof-10perc_pyseas_1000iter_training_ica-filt-0158	0.9998966204442028	0.9999998495951832	0.9999965068834136	1.0	0.9999653986527438
B2056b_baseline1_dfof-10perc_pyseas_1000iter_training_ica-filt-0159	0.9999399197488407	0.9999998361184473	0.9999997590084847	1.0	0.9999799670564226
B2056b_baseline1_dfof-10perc_pyseas_1000iter_training_ica-filt-0160	0.9978551256413986	0.7543855370107619	0.9506980856859104	0.95	0.971342165811674
B2056b_baseline1_dfof-10perc_pyseas_1000iter_training_ica-filt-0161	0.9999966797466231	0.9999999998893029	0.999999965620399	1.0	0.9999988926147716
B2056b_baseline1_dfof-10perc_pyseas_1000iter_training_ica-filt-0162	0.9999955753992313	0.9999999971560954	0.9999998335809122	1.0	0.9999985211176572
B2056b_baseline1_dfof-10perc_pyseas_1000iter_training_ica-filt-0163	0.9997882876995434	0.9999999867024877	0.999999962430501	1.0	0.999929428529689
B2056b_baseline1_dfof-10perc_pyseas_1000iter_training_ica-filt-0164	0.9952543030042186	0.999848625807235	0.9958592295003235	1.0	0.9984147646842826
B2056b_baseline1_dfof-10perc_pyseas_1000iter_training_ica-filt-0165	0.999980494301647	0.9999999874312825	0.9999998623626387	1.0	0.999993494885271
B2056b_baseline1_dfof-10perc_pyseas_1000iter_training_ica-filt-0166	0.9999957875698975	0.9999999999148681	0.9999998149623205	1.0	0.9999985913106048
B2056b_baseline1_dfof-10perc_pyseas_1000iter_training_ica-filt-0167	0.9997690019691845	0.9999999955296347	0.9999998562042207	1.0	0.9999229972721162
B2056b_baseline1_dfof-10perc_pyseas_1000iter_training_ica-filt-0168	0.9999672171718695	0.99999999750594	0.9999990774961548	1.0	0.9999890425964814
B2056b_baseline1_dfof-10perc_pyseas_1000iter_training_ica-filt-0169	0.999955762533789	0.9999999988363709	0.9999999115371879	1.0	0.9999852522612773
B2056b_baseline1_dfof-10perc_pyseas_1000iter_training_ica-filt-0170	0.9998117762518837	0.9999992727337118	0.9999992059660147	1.0	0.9999372337519677
B2056b_baseline1_dfof-10perc_pyseas_1000iter_training_ica-filt-0171	0.9999491663483058	0.9999999585615074	0.999996499596867	1.0	0.9999829136087147
B2056b_baseline1_dfof-10perc_pyseas_1000iter_training_ica-filt-0172	0.9999915359238756	0.9999999996922018	0.9999999473404881	1.0	0.9999971775968541
B2056b_baseline1_dfof-10perc_pyseas_1000iter_training_ica-filt-0173	0.9999974419543163	0.9999999997138325	0.9999999690132276	1.0	0.9999991467566085
B2056b_baseline1_dfof-10perc_pyseas_1000iter_training_ica-filt-0174	0.9999795490118439	0.9999999983726459	0.9999999734723356	1.0	0.99999318253581
B2056b_baseline1_dfof-10perc_pyseas_1000iter_training_ica-filt-0175	0.9999852016136679	0.9999999977682831	0.9999987749573268	1.0	0.9999950256826692
B2056b_baseline1_dfof-10perc_pyseas_1000iter_training_ica-filt-0176	0.9983188669065655	0.9999997772736844	0.9999964920281619	1.0	0.9994394801025671
B2056b_baseline1_dfof-10perc_pyseas_1000iter_training_ica-filt-0177	0.9999699592401825	0.9999999983026574	0.9999964916218245	1.0	0.9999898441945009
B2056b_baseline1_dfof-10perc_pyseas_1000iter_training_ica-filt-0178	0.9921646925237623	0.9999900692573206	0.9941229762682648	1.0	0.9964724096303348
B2056b_baseline1_dfof-10perc_pyseas_1000iter_training_ica-filt-0179	0.9999949643253168	0.9999999978989981	0.9999998607170039	1.0	0.9999983181814581
B2056b_baseline1_dfof-10perc_pyseas_1000iter_training_ica-filt-0180	0.9999974222151921	0.9999999996278267	0.9999999732006524	1.0	0.9999991402646433
B2056b_baseline1_dfof-10perc_pyseas_1000iter_training_ica-filt-0181	0.9999976445914891	0.9999999994146087	0.999999897967847	1.0	0.9999992125987861
B2056b_baseline1_dfof-10perc_pyseas_1000iter_training_ica-filt-0182	0.996025407994093	4.980398061023651e-10	0.9999965024658249	0.825	0.9403416609599861
B2056b_baseline1_dfof-10perc_pyseas_1000iter_training_ica-filt-0183	0.9999506172035814	0.9999999993234034	0.9999964757526785	1.0	0.9999833960960256
B2056b_baseline1_dfof-10perc_pyseas_1000iter_training_ica-filt-0184	0.9997325821488829	0.9999999592063533	0.9999983116964815	1.0	0.9999108002828461
B2056b_baseline1_dfof-10perc_pyseas_1000iter_training_ica-filt-0185	0.9999904699259798	0.9999999993917861	0.9999965055527218	1.0	0.999996681750268
B2056b_baseline1_dfof-10perc_pyseas_1000iter_training_ica-filt-0186	0.9999440840474711	0.9999999573883055	0.999999897193051	1.0	0.9999813590639709
B2056b_baseline1_dfof-10perc_pyseas_1000iter_training_ica-filt-0187	0.9999993220598757	0.9999999998800426	0.9999992636842788	1.0	0.9999997511343213
B2056b_baseline1_dfof-10perc_pyseas_1000iter_training_ica-filt-0188	0.99992743130547	0.9999998923229475	0.9999982224604416	1.0	0.9999757462475009
B2056b_baseline1_dfof-10perc_pyseas_1000iter_training_ica-filt-0189	0.9998476167132848	0.9999999328431871	0.9999964567690297	1.0	0.9999490616977883
B2056b_baseline1_dfof-10perc_pyseas_1000iter_training_ica-filt-0190	0.9999513504050535	0.999999995186622	0.9999998650353777	1.0	0.9999837803260228
B2056b_baseline1_dfof-10perc_pyseas_1000iter_training_ica-filt-0191	0.9993811238054322	0.9999984447960163	0.9999966513757067	1.0	0.9997935732634892
B2056b_baseline1_dfof-10perc_pyseas_1000iter_training_ica-filt-0192	0.9999981291262866	0.9999999998781597	0.999998848404045	1.0	0.9999993377514665
B2056b_baseline1_dfof-10perc_pyseas_1000iter_training_ica-filt-0193	0.9999363652655777	0.9999999541604787	0.9999999726213396	1.0	0.9999787879360974
B2056b_baseline1_dfof-10perc_pyseas_1000iter_training_ica-filt-0194	0.9997661302986943	0.9999999724827426	0.9999995379120258	1.0	0.9999220301657287
B2056b_baseline1_dfof-10perc_pyseas_1000iter_training_ica-filt-0195	0.9999291321215305	0.9999999943093619	0.9999999984648856	1.0	0.9999763773571732
B2056b_baseline1_dfof-10perc_pyseas_1000iter_training_ica-filt-0196	0.9989482555913941	0.9999999259530795	0.9974495748381579	1.0	0.9996483503934289
B2056b_baseline1_dfof-10perc_pyseas_1000iter_training_ica-filt-0197	0.9999731630626243	0.9999999973094021	0.9999964556025697	1.0	0.9999909104254833
B2056b_baseline1_dfof-10perc_pyseas_1000iter_training_ica-filt-0198	0.9999875162613304	0.9999999882140785	0.9999999938960378	1.0	0.9999958386699146
B2056b_baseline1_dfof-10perc_pyseas_1000iter_training_ica-filt-0199	0.9951319872185823	0.9999955567370177	0.9954408063403366	0.975	0.9983731444812362
B2056b_baseline1_dfof-10perc_pyseas_1000iter_training_ica-filt-0200	0.9999852930231916	0.9999999723666755	0.9999998276758774	1.0	0.9999950934917333
B2056b_baseline1_dfof-10perc_pyseas_1000iter_training_ica-filt-0201	0.999987864749515	0.9999999982156105	0.9999964425901015	1.0	0.9999958103693515
B2056b_baseline1_dfof-10perc_pyseas_1000iter_training_ica-filt-0202	0.9998887333783798	0.9999999548704654	0.9999965044374995	1.0	0.9999627695148753
B2056b_baseline1_dfof-10perc_pyseas_1000iter_training_ica-filt-0203	0.9999886642289317	0.9999999997004103	0.9999996848880766	1.0	0.9999962129332755
B2056b_baseline1_dfof-10perc_pyseas_1000iter_training_ica-filt-0204	0.9999926443272888	0.9999999987866596	0.9887070956307416	1.0	0.9980241322616911
B2056b_baseline1_dfof-10perc_pyseas_1000iter_training_ica-filt-0205	0.9999787415248232	0.9999999067983181	0.9999998182767761	1.0	0.9999929093907323
B2056b_baseline1_dfof-10perc_pyseas_1000iter_training_ica-filt-0206	0.9999840783489333	0.9999999997105977	0.9999972378599019	1.0	0.9999945852759398
B2056b_baseline1_dfof-10perc_pyseas_1000iter_training_ica-filt-0207	0.9952020568313227	0.9999993727904601	0.999996469463548	1.0	0.9984005423400468
B2056b_baseline1_dfof-10perc_pyseas_1000iter_training_ica-filt-0208	0.9999386093882157	0.9999999381058322	0.9999964665330978	1.0	0.9999793930531985
B2056b_baseline1_dfof-10perc_pyseas_1000iter_training_ica-filt-0209	0.9997285096055142	0.999999987588538	0.9999964668394568	1.0	0.9999093598068457
B2056b_baseline1_dfof-10perc_pyseas_1000iter_training_ica-filt-0210	0.9981567036370417	0.9999142025239272	0.9999993942196156	1.0	0.9993855496657477
B2056b_baseline1_dfof-10perc_pyseas_1000iter_training_ica-filt-0211	0.9999720263765014	0.9999997749476398	0.9999964650034351	1.0	0.9999905319766533
B2056b_baseline1_dfof-10perc_pyseas_1000iter_training_ica-filt-0212	0.99984375876618	0.9999999949124839	0.9999964766585596	1.0	0.9999477766598885
B2056b_baseline1_dfof-10perc_pyseas_1000iter_training_ica-filt-0213	0.9999687869300667	0.9999996282849909	0.9999994601158223	0.975	0.9999895797264413
B2056b_baseline1_dfof-10perc_pyseas_1000iter_training_ica-filt-0214	0.984699629503692	0.9998119331479147	0.9999964744937374	1.0	0.9948997334696382
B2056b_baseline1_dfof-10perc_pyseas_1000iter_training_ica-filt-0215	0.9999984191912051	0.9999999999388933	0.9873103982698541	1.0	0.9894023389619279
B2056b_baseline1_dfof-10perc_pyseas_1000iter_training_ica-filt-0216	0.9984651667807479	0.9951019854559131	0.9999964893569199	1.0	0.9994882466005954
B2056b_baseline1_dfof-10perc_pyseas_1000iter_training_ica-filt-0217	0.9999941355625759	0.9999999987999786	0.999999986774986	1.0	0.9999980449802418
B2056b_baseline1_dfof-10perc_pyseas_1000iter_training_ica-filt-0218	0.9999499900407043	0.9999999920665968	0.9999997935927892	1.0	0.9999833248472596
B2056b_baseline1_dfof-10perc_pyseas_1000iter_training_ica-filt-0219	0.984383209726944	0.9983347222222783	0.84460213183982	0.975	0.9253125333053974
B2056b_baseline1_dfof-10perc_pyseas_1000iter_training_ica-filt-0220	0.9999365729624573	0.9999999973330916	0.999997966140841	1.0	0.999978782508351
B2056b_baseline1_dfof-10perc_pyseas_1000iter_training_ica-filt-0221	0.006871660519466002	4.4499361250051774e-07	0.034233316326870426	0.625	0.21639962078299405
B2056b_baseline1_dfof-10perc_pyseas_1000iter_training_ica-filt-0222	0.9999972829820954	0.9999999997997708	0.9999997956704748	1.0	0.9999990892218648
B2056b_baseline1_dfof-10perc_pyseas_1000iter_training_ica-filt-0223	0.9999600085967976	0.9999999966187937	0.9999964787929094	1.0	0.9999865267047253
B2056b_baseline1_dfof-10perc_pyseas_1000iter_training_ica-filt-0224	0.9999955622555855	0.9999999999452385	0.9999993248064171	1.0	0.9999985000732726
B2056b_baseline1_dfof-10perc_pyseas_1000iter_training_ica-filt-0225	0.0004160292047775983	7.138981613458215e-27	0.35742371166088094	0.175	0.14459257900233588
B2056b_baseline1_dfof-10perc_pyseas_1000iter_training_ica-filt-0226	0.9999984429401069	0.9999999999877147	0.9999989791790559	1.0	0.999999447437383
B2056b_baseline1_dfof-10perc_pyseas_1000iter_training_ica-filt-0227	0.9999998448465411	0.9999999999969802	0.6879047525829427	1.0	0.8976683816243222
B2056b_baseline1_dfof-10perc_pyseas_1000iter_training_ica-filt-0228	0.9999912165473303	0.9999999980741806	0.9999999152661763	1.0	0.9999970703600031
B2056b_baseline1_dfof-10perc_pyseas_1000iter_training_ica-filt-0229	0.9999967119638394	0.9999999999212044	0.9999981216516848	1.0	0.9999988355205586
B2056b_baseline1_dfof-10perc_pyseas_1000iter_training_ica-filt-0230	0.9998967829369878	0.999999987678816	0.9999964665064359	1.0	0.9999654509015231
B2056b_baseline1_dfof-10perc_pyseas_1000iter_training_ica-filt-0231	0.9997883089052536	0.9999892344515089	0.9999964281891854	1.0	0.9999292910697338
B2056b_baseline1_dfof-10perc_pyseas_1000iter_training_ica-filt-0232	0.999997272652208	0.9999999995679599	0.9999992264186566	1.0	0.9999990666372586
B2056b_baseline1_dfof-10perc_pyseas_1000iter_training_ica-filt-0233	0.9999915780631635	0.9999999955072331	0.9999968062105679	1.0	0.9999970652727885
B2056b_baseline1_dfof-10perc_pyseas_1000iter_training_ica-filt-0234	0.9999428380901306	0.9999999973830712	0.9999998835035578	1.0	0.9999809433848396
B2056b_baseline1_dfof-10perc_pyseas_1000iter_training_ica-filt-0235	0.9999946514794121	0.9999999998789839	0.9999996750595088	1.0	0.9999982083732178
B2056b_baseline1_dfof-10perc_pyseas_1000iter_training_ica-filt-0236	0.9999279141294944	0.9998012445780546	0.999996523704075	1.0	0.9999758306780394
B2056b_baseline1_dfof-10perc_pyseas_1000iter_training_ica-filt-0237	0.999999933387443	0.9999999999999574	0.9999964782491346	1.0	0.9916665016091334
B2056b_baseline1_dfof-10perc_pyseas_1000iter_training_ica-filt-0238	0.9999993453000818	0.9999999999667822	0.9936783862626658	1.0	0.9990020803165306
B2056b_baseline1_dfof-10perc_pyseas_1000iter_training_ica-filt-0239	0.9999949187007061	0.9999999997585435	0.9932025807150145	1.0	0.9989118378803612
B2056b_baseline1_dfof-10perc_pyseas_1000iter_training_ica-filt-0240	0.99999701284308	0.9999999971520152	0.9999997600393798	1.0	0.9999989981188288
B2056b_baseline1_dfof-10perc_pyseas_1000iter_training_ica-filt-0241	0.999999497491671	0.9999999999955378	0.9999964450926785	1.0	0.9999996880690372
B2056b_baseline1_dfof-10perc_pyseas_1000iter_training_ica-filt-0242	0.03538054955852977	2.509830689992355e-13	1.0000000994736041e-07	0.15	0.07012688318617989
B2056b_baseline1_dfof-10perc_pyseas_1000iter_training_ica-filt-0243	0.999939082024265	0.9999995465635789	0.9999992182015744	1.0	0.999979669459615
B2056b_baseline1_dfof-10perc_pyseas_1000iter_training_ica-filt-0244	0.9999986321753231	0.9999999999460645	0.9999993880826494	1.0	0.9999995256290664
B2056b_baseline1_dfof-10perc_pyseas_1000iter_training_ica-filt-0245	0.999998375322659	0.9999999968792058	0.9999964829234351	1.0	0.9999993158093531
B2056b_baseline1_dfof-10perc_pyseas_1000iter_training_ica-filt-0246	0.9999993410946494	0.9999999999976623	0.9999966720008153	1.0	0.9999996466632283
B2056b_baseline1_dfof-10perc_pyseas_1000iter_training_ica-filt-0247	0.9999991406570823	0.9999999999941275	0.9999964638063922	1.0	0.9999995700133315
B2056b_baseline1_dfof-10perc_pyseas_1000iter_training_ica-filt-0248	0.9987100183003804	0.2204498451520794	0.9999964604744176	0.975	0.9995698624028414
B2056b_baseline1_dfof-10perc_pyseas_1000iter_training_ica-filt-0249	0.011923515920584287	3.388824390465896e-30	0.4312536728190176	0.6	0.2768338831272246
B2056b_baseline1_dfof-10perc_pyseas_1000iter_training_ica-filt-0250	0.9999997187927301	0.9999999999397424	0.9999965137920579	1.0	0.9999997650962901
B2056b_baseline1_dfof-10perc_pyseas_1000iter_training_ica-filt-0251	0.9999764724719253	0.9999999943091461	0.9999964729654307	1.0	0.9999920143865011
B2056b_baseline1_dfof-10perc_pyseas_1000iter_training_ica-filt-0252	0.9996043857867538	0.9999997920147926	0.9948231396218477	1.0	0.9998624845378924
B2056b_baseline1_dfof-10perc_pyseas_1000iter_training_ica-filt-0253	0.9999998497843975	0.9999999999998687	0.999996476760998	1.0	0.9999998070041564
B2056b_baseline1_dfof-10perc_pyseas_1000iter_training_ica-filt-0254	0.9999973967229283	0.9999999999625119	0.9923513501364114	1.0	0.9987511204687927
B2056b_baseline1_dfof-10perc_pyseas_1000iter_training_ica-filt-0255	0.9999824063716897	0.9999999945549974	0.9999994782090618	1.0	0.9999941201627568
B2056b_baseline1_dfof-10perc_pyseas_1000iter_training_ica-filt-0256	0.9980178905936667	0.9999994226267697	0.9999992242760349	1.0	0.9993392725391379
B2056b_baseline1_dfof-10perc_pyseas_1000iter_training_ica-filt-0257	0.9999369645530567	0.9999995406252616	0.9999999309288293	1.0	0.9999789867496113
B2056b_baseline1_dfof-10perc_pyseas_1000iter_training_ica-filt-0258	0.998460478737266	0.9976114274298115	0.9999964575730408	1.0	0.9994866824106453
B2056b_baseline1_dfof-10perc_pyseas_1000iter_training_ica-filt-0259	0.12546972296656428	0.01745381717380082	1.0000000994736041e-07	0.3	0.1418232743221914
B2056b_baseline1_dfof-10perc_pyseas_1000iter_training_ica-filt-0260	0.9999981122174822	0.9999999999383996	0.999996477058814	1.0	0.9999992278293197
B2056b_baseline1_dfof-10perc_pyseas_1000iter_training_ica-filt-0261	0.923735896821197	0.576662225655031	0.9999964315438228	0.95	0.9579118205346266
B2056b_baseline1_dfof-10perc_pyseas_1000iter_training_ica-filt-0262	0.9992751071217673	0.999999704537607	0.9999964773961707	1.0	0.9997582261467596
B2056b_baseline1_dfof-10perc_pyseas_1000iter_training_ica-filt-0263	0.9999871351874311	0.9999999992167137	0.9999999976680307	1.0	0.9999957117019499
B2056b_baseline1_dfof-10perc_pyseas_1000iter_training_ica-filt-0264	0.99981101658643	0.9999794013995199	0.9999999183899646	1.0	0.9999370037847507
B2056b_baseline1_dfof-10perc_pyseas_1000iter_training_ica-filt-0265	0.999980203549214	0.9999999977411066	0.9999999391787142	1.0	0.9999933999467769
B2056b_baseline1_dfof-10perc_pyseas_1000iter_training_ica-filt-0266	0.999979424689558	0.9999999997017072	0.9999964719605807	1.0	0.9999929984113424
B2056b_baseline1_dfof-10perc_pyseas_1000iter_training_ica-filt-0267	0.9999994288217958	0.9999999999332179	0.9999964784556451	1.0	0.9999996667637184
B2056b_baseline1_dfof-10perc_pyseas_1000iter_training_ica-filt-0268	0.9999877182525504	0.9999999984270982	0.9999999508497783	1.0	0.9999959051207342
B2056b_baseline1_dfof-10perc_pyseas_1000iter_training_ica-filt-0269	0.15086357990317456	6.507193127303896e-37	1.0000000994736041e-07	0.1	0.09195455996772817
B2056b_baseline1_dfof-10perc_pyseas_1000iter_training_ica-filt-0270	0.999879351155505	0.9999981347875894	0.9999990320083317	1.0	0.9999597521980884
B2056b_baseline1_dfof-10perc_pyseas_1000iter_training_ica-filt-0271	0.9999954999466322	0.9999999998953388	0.9999995319269821	1.0	0.9999984865137255
B2056b_baseline1_dfof-10perc_pyseas_1000iter_training_ica-filt-0273	0.9999725735092683	0.9999999933187685	0.9999999507704033	1.0	0.9999908568711523
B2056b_baseline1_dfof-10perc_pyseas_1000iter_training_ica-filt-0274	0.9999214473712471	0.9999928932803359	0.9999964706501652	1.0	0.99997367257636
B2056b_baseline1_dfof-10perc_pyseas_1000iter_training_ica-filt-0275	0.9999654329907895	0.999999837751587	0.9999964284281194	1.0	0.9999883324429458
B2056b_baseline1_dfof-10perc_pyseas_1000iter_training_ica-filt-0276	0.9999782593179013	0.9999542814908046	0.9999964681347735	1.0	0.9999926097724815
B2056b_baseline1_dfof-10perc_pyseas_1000iter_training_ica-filt-0277	0.9999928833604558	0.9999999995978381	0.9999999098469587	1.0	0.9999976258272381
B2056b_baseline1_dfof-10perc_pyseas_1000iter_training_ica-filt-0278	0.9989759966816889	0.9544112490490574	0.9999964257478909	0.975	0.9996585202123985
B2056b_baseline1_dfof-10perc_pyseas_1000iter_training_ica-filt-0279	0.9999932676304462	0.9999999997809469	0.999996490675114	1.0	0.9999976136130199
B2056b_baseline1_dfof-10perc_pyseas_1000iter_training_ica-filt-0280	0.9999933364664002	0.9999999994153193	0.999999844229284	1.0	0.999997775105732
B2056b_baseline1_dfof-10perc_pyseas_1000iter_training_ica-filt-0281	0.9999961762312682	0.9999999998181331	0.9999999863887825	1.0	0.999998725196037
B2056b_baseline1_dfof-10perc_pyseas_1000iter_training_ica-filt-0282	0.9999464064504622	0.9999999961162801	0.9999995474329982	1.0	0.9999821225356543
B2056b_baseline1_dfof-10perc_pyseas_1000iter_training_ica-filt-0283	0.9802599409550227	0.3319694717400022	0.9999964758900759	0.975	0.9934198373530275
B2056b_baseline1_dfof-10perc_pyseas_1000iter_training_ica-filt-0284	0.9999911935795163	0.9999999995818457	0.9999998625048908	1.0	0.9999970613151162
B2056b_baseline1_dfof-10perc_pyseas_1000iter_training_ica-filt-0285	0.9999893281234497	0.9999999995650857	0.9999998666508706	1.0	0.9999964396094624
B2056b_baseline1_dfof-10perc_pyseas_1000iter_training_ica-filt-0286	0.9999841275677172	0.9999999992506902	0.999999896476867	1.0	0.999994706885411
B2056b_baseline1_dfof-10perc_pyseas_1000iter_training_ica-filt-0287	0.9995771544272307	0.999999654335871	0.9999979722230314	1.0	0.9998589765928211
B2056b_baseline1_dfof-10perc_pyseas_1000iter_training_ica-filt-0288	0.9999813487922461	0.9999999982344329	0.9999977564761487	1.0	0.9999936986434537
B2056b_baseline1_dfof-10perc_pyseas_1000iter_training_ica-filt-0289	0.08146124926111824	0.0001735478339074754	1.0000000994736041e-07	0.275	0.0938204497537094
B2056b_baseline1_dfof-10perc_pyseas_1000iter_training_ica-filt-0290	0.9999894410756477	0.9999999991092139	0.9999995872819359	1.0	0.9999964687346369
B2056b_baseline1_dfof-10perc_pyseas_1000iter_training_ica-filt-0291	0.9999791072140446	0.9999999855022922	0.9999997091846259	1.0	0.9999930280213712
B2056b_baseline1_dfof-10perc_pyseas_1000iter_training_ica-filt-0292	0.999953529347447	0.9999999959761398	0.9968298276591421	1.0	0.9999827293340845
B2056b_baseline1_dfof-10perc_pyseas_1000iter_training_ica-filt-0293	0.999330557419618	0.9999626120890289	0.9999999829416342	1.0	0.9997768521939898
B2056b_baseline1_dfof-10perc_pyseas_1000iter_training_ica-filt-0294	0.00030549349337133727	4.1386289032954014e-58	1.0000000994736041e-07	0.0	0.008435197831127094
B2056b_baseline1_dfof-10perc_pyseas_1000iter_training_ica-filt-0295	0.9999917463214212	0.9999999989988844	0.999999992964958	1.0	0.9999972486747861
B2056b_baseline1_dfof-10perc_pyseas_1000iter_training_ica-filt-0296	0.003238300271637898	6.793181740178238e-24	0.45077018334616975	0.1	0.17294146430736146
B2056b_baseline1_dfof-10perc_pyseas_1000iter_training_ica-filt-0297	0.6195284427688168	0.006129580124386743	0.6079695250092142	0.875	0.7227752698539257
B2056b_baseline1_dfof-10perc_pyseas_1000iter_training_ica-filt-0298	0.9951298799498612	0.7631856112797049	0.9999964966208746	1.0	0.9983764846681303
B2056b_baseline1_dfof-10perc_pyseas_1000iter_training_ica-filt-0299	0.9997789068783156	0.9999859056949496	0.999999714764711	1.0	0.9999262947491219
B2056b_baseline1_dfof-10perc_pyseas_1000iter_training_ica-filt-0300	0.9999784787651373	0.9999999985600407	0.9999995860041345	1.0	0.9999928145890066
B2056b_baseline1_dfof-10perc_pyseas_1000iter_training_ica-filt-0301	0.24350726057034638	2.804144116007651e-10	0.43089797039195377	0.275	0.3288957490028838
B2056b_baseline1_dfof-10perc_pyseas_1000iter_training_ica-filt-0302	0.9999939174499494	0.9999987148629418	0.9999964821898479	1.0	0.9999978298169747
B2056b_baseline1_dfof-10perc_pyseas_1000iter_training_ica-filt-0303	3.268169509620903e-05	1.4959933393950122e-85	1.0000000994736041e-07	0.0	1.092723170205213e-05
B2056b_baseline1_dfof-10perc_pyseas_1000iter_training_ica-filt-0304	0.9999874514043033	0.999999998719444	0.9999997599275826	1.0	0.9999958109692099
B2056b_baseline1_dfof-10perc_pyseas_1000iter_training_ica-filt-0305	0.00484181671386303	1.1949706991736038e-20	1.0000000994736041e-07	0.0	0.009947305571290992
B2056b_baseline1_dfof-10perc_pyseas_1000iter_training_ica-filt-0306	0.993711892958756	0.9977077644311075	0.9999964408276208	1.0	0.9979038196886388
B2056b_baseline1_dfof-10perc_pyseas_1000iter_training_ica-filt-0307	0.9999957655575933	0.9999999070772095	0.9999964758497786	1.0	0.9999984455519718
B2056b_baseline1_dfof-10perc_pyseas_1000iter_training_ica-filt-0308	0.9999980828051601	0.9999999999167636	0.9999999175338339	1.0	0.9999993591695623
B2056b_baseline1_dfof-10perc_pyseas_1000iter_training_ica-filt-0309	0.9999494051926876	0.9999999932770437	0.9999986639924644	1.0	0.9999830891081948
B2056b_baseline1_dfof-10perc_pyseas_1000iter_training_ica-filt-0310	0.9999772095041686	0.9999999835834006	0.9999964881584076	1.0	0.9999922607848838
B2056b_baseline1_dfof-10perc_pyseas_1000iter_training_ica-filt-0311	0.9990932416914847	0.9999765545820618	0.9999999961656869	1.0	0.9996977471818278
B2056b_baseline1_dfof-10perc_pyseas_1000iter_training_ica-filt-0312	0.9999679008059279	0.9999999854730178	0.9999985597856623	1.0	0.9999892500909456
B2056b_baseline1_dfof-10perc_pyseas_1000iter_training_ica-filt-0313	0.05571048377912922	3.290420576140096e-11	1.0000000994736041e-07	0.0	0.04357019459304639
B2056b_baseline1_dfof-10perc_pyseas_1000iter_training_ica-filt-0314	0.999882875714349	0.9999999455746325	0.9999964851767538	1.0	0.9999608160468275
B2056b_baseline1_dfof-10perc_pyseas_1000iter_training_ica-filt-0315	0.9986575504509384	0.9954593909164207	0.9999965032716402	0.925	0.9995523751504658
B2056b_baseline1_dfof-10perc_pyseas_1000iter_training_ica-filt-0316	0.9995855065103425	0.9999944939293632	0.9999964687106752	1.0	0.9998616921973067
B2056b_baseline1_dfof-10perc_pyseas_1000iter_training_ica-filt-0317	0.9986443649390855	0.9974591395777884	0.9785907430952374	1.0	0.9870197401188993
B2056b_baseline1_dfof-10perc_pyseas_1000iter_training_ica-filt-0318	0.9987835784232675	0.9998331022113066	0.9999992058517417	1.0	0.999594501138219
B2056b_baseline1_dfof-10perc_pyseas_1000iter_training_ica-filt-0319	0.9999054404916377	0.9999955845364634	0.9999984901082336	1.0	0.999968427134018
B2056b_baseline1_dfof-10perc_pyseas_1000iter_training_ica-filt-0320	0.8921362906924613	0.12456816040764762	0.999996429405752	1.0	0.9557119517233441
B2056b_baseline1_dfof-10perc_pyseas_1000iter_training_ica-filt-0321	0.9998303673103937	0.7571232431552425	0.9999964647507186	0.95	0.9916099789426159
B2056b_baseline1_dfof-10perc_pyseas_1000iter_training_ica-filt-0322	0.9955909988532614	0.9804346991182206	0.995890901363139	1.0	0.9985270563611328
B2056b_baseline1_dfof-10perc_pyseas_1000iter_training_ica-filt-0323	0.9947526078948529	0.999910014346091	0.9999964817895582	0.975	0.9899173932796153
B2056b_baseline1_dfof-10perc_pyseas_1000iter_training_ica-filt-0324	0.4775568014239485	0.0034564654794136947	0.5394365864180541	0.875	0.6070243513254401
B2056b_baseline1_dfof-10perc_pyseas_1000iter_training_ica-filt-0325	0.9999726308945479	0.9999985970756669	0.9999999931541876	1.0	0.9999908768689384
B2056b_baseline1_dfof-10perc_pyseas_1000iter_training_ica-filt-0326	0.9760685311906557	0.9890476016257795	0.9184762094101647	0.8	0.9298159361260606
B2056b_baseline1_dfof-10perc_pyseas_1000iter_training_ica-filt-0327	0.637294019353457	0.005570375909358305	0.8093794044016497	0.775	0.772250128163619
B2056b_baseline1_dfof-10perc_pyseas_1000iter_training_ica-filt-0328	0.9999998121455511	0.023141855715590045	0.9999964275218199	0.925	0.9833331254514172
B2056b_baseline1_dfof-10perc_pyseas_1000iter_training_ica-filt-0329	0.3231564392461173	2.7804038736654083e-08	0.9999964803019747	0.85	0.7077186703261132
B2056b_baseline1_dfof-10perc_pyseas_1000iter_training_ica-filt-0330	0.9919550544217695	0.9992273695969418	0.9999987844333946	1.0	0.9973183103276265
B2056b_baseline1_dfof-10perc_pyseas_1000iter_training_ica-filt-0331	0.999812948022012	0.9996276566325584	0.9999992403425757	0.975	0.999937625603784
B2056b_baseline1_dfof-10perc_pyseas_1000iter_training_ica-filt-0332	0.9999965695619397	0.9999999281075782	0.9999992071480885	1.0	0.9999988315655308
B2056b_baseline1_dfof-10perc_pyseas_1000iter_training_ica-filt-0333	0.999978202485447	0.9999998006809431	0.9999979765907965	1.0	0.9999926594675902
B2056b_baseline1_dfof-10perc_pyseas_1000iter_training_ica-filt-0334	0.9197910497259383	0.20586986992231046	0.9999997374408407	0.95	0.9565970097286468
B2056b_baseline1_dfof-10perc_pyseas_1000iter_training_ica-filt-0335	0.9999818469086731	0.9999989120031558	0.9999999882083831	1.0	0.999993948788318
B2056b_baseline1_dfof-10perc_pyseas_1000iter_training_ica-filt-0336	0.6858935061587937	0.17338793145894263	0.24120796090592864	0.95	0.5835191517919812
B2056b_baseline1_dfof-10perc_pyseas_1000iter_training_ica-filt-0337	0.998872716640543	0.9973564523984846	0.9999958215040782	1.0	0.9996240643880377
B2056b_baseline1_dfof-10perc_pyseas_1000iter_training_ica-filt-0338	0.3762624824235112	0.0005180311568583948	0.9192510844865677	0.9	0.7301136298382006
B2056b_baseline1_dfof-10perc_pyseas_1000iter_training_ica-filt-0339	0.999986384268036	0.9999997601865708	0.9999964831573773	1.0	0.9999953188022456
B2056b_baseline1_dfof-10perc_pyseas_1000iter_training_ica-filt-0340	0.999499209323703	0.9999498244065677	0.9999994262376765	1.0	0.999833052682682
B2056b_baseline1_dfof-10perc_pyseas_1000iter_training_ica-filt-0341	0.9817657960728483	0.9183536968899078	0.9999964742763375	1.0	0.9939217889823707
B2056b_baseline1_dfof-10perc_pyseas_1000iter_training_ica-filt-0342	0.9998603215759204	0.9999998235142084	0.9999965013567762	1.0	0.9999532987680207
B2056b_baseline1_dfof-10perc_pyseas_1000iter_training_ica-filt-0343	0.9968196584438588	0.9996838683916552	0.9999964608872723	1.0	0.9989397424702782
B2056b_baseline1_dfof-10perc_pyseas_1000iter_training_ica-filt-0344	0.998639925742241	0.9986501722700424	0.9999978303614914	1.0	0.9995465608655438
B2056b_baseline1_dfof-10perc_pyseas_1000iter_training_ica-filt-0345	0.9999848280212164	0.9999999336733922	0.9999971212210248	1.0	0.9999948298360858
B2056b_baseline1_dfof-10perc_pyseas_1000iter_training_ica-filt-0364	0.9999344688210534	0.9999999896914745	0.9999999976518953	1.0	0.9999781562462703
B2056c_baseline1_dfof-10perc_pyseas_1000iter_training_ica-filt-0000	0.9999756270393854	0.9999999985344665	0.9999999711194978	1.0	0.9999918751627037
B2056c_baseline1_dfof-10perc_pyseas_1000iter_training_ica-filt-0001	0.9998838255800069	0.9999999954916935	0.9999999215636385	1.0	0.9999612735283873
B2056c_baseline1_dfof-10perc_pyseas_1000iter_training_ica-filt-0002	0.9999873848742205	0.9999999971969373	0.9999999854287401	1.0	0.9999957947258857
B2056c_baseline1_dfof-10perc_pyseas_1000iter_training_ica-filt-0003	0.999920124043132	0.9999999967032701	0.9999998060533603	1.0	0.9999733698778268
B2056c_baseline1_dfof-10perc_pyseas_1000iter_training_ica-filt-0004	0.9999351776485013	0.9999999984536229	0.9999998838170481	1.0	0.9999783899126252
B2056c_baseline1_dfof-10perc_pyseas_1000iter_training_ica-filt-0005	0.9999840607445682	0.9999999980962145	0.9999999880551043	1.0	0.9999946867308561
B2056c_baseline1_dfof-10perc_pyseas_1000iter_training_ica-filt-0006	0.9999694891651291	0.9999999989494182	0.9999998912875365	1.0	0.9999898272821569
B2056c_baseline1_dfof-10perc_pyseas_1000iter_training_ica-filt-0007	0.9997447737311606	0.9999999902875968	0.9999983714097517	1.0	0.9999148666371028
B2056c_baseline1_dfof-10perc_pyseas_1000iter_training_ica-filt-0008	0.9999084960737133	0.9999999958110256	0.9999999096290159	1.0	0.9999694967261119
B2056c_baseline1_dfof-10perc_pyseas_1000iter_training_ica-filt-0009	0.9999518050405434	0.9999999902752511	0.9999999794972453	1.0	0.9999839346672369
B2056c_baseline1_dfof-10perc_pyseas_1000iter_training_ica-filt-0010	0.9999974540635518	0.9999999987297842	0.9999954783901961	1.0	0.9999989599842599
B2056c_baseline1_dfof-10perc_pyseas_1000iter_training_ica-filt-0011	0.9999682786683985	0.999999997832731	0.9999999706294864	1.0	0.9999894256954253
B2056c_baseline1_dfof-10perc_pyseas_1000iter_training_ica-filt-0012	0.9998344837465966	0.9999999944977952	0.9999999489200864	1.0	0.9999448269076665
B2056c_baseline1_dfof-10perc_pyseas_1000iter_training_ica-filt-0013	0.9999247207123633	0.9999999929438986	0.9999999652833005	1.0	0.9999749062627354
B2056c_baseline1_dfof-10perc_pyseas_1000iter_training_ica-filt-0014	0.9995524248057354	0.9999999825604375	0.9999964250717558	1.0	0.9998506628882439
B2056c_baseline1_dfof-10perc_pyseas_1000iter_training_ica-filt-0015	0.9995452202496039	0.9999998957447024	0.9999992300849679	1.0	0.9998483826374781
B2056c_baseline1_dfof-10perc_pyseas_1000iter_training_ica-filt-0016	0.9998212358639245	0.9999999932059574	0.9999998831122644	1.0	0.9999404092990364
B2056c_baseline1_dfof-10perc_pyseas_1000iter_training_ica-filt-0017	0.9999692778372928	0.9999999988886525	0.9999965051222672	1.0	0.9999896177003033
B2056c_baseline1_dfof-10perc_pyseas_1000iter_training_ica-filt-0018	0.9999799093743358	0.9999999988098819	0.99999990717004	1.0	0.9999933010969301
B2056c_baseline1_dfof-10perc_pyseas_1000iter_training_ica-filt-0019	0.9999901159289117	0.9999999965618099	0.9999965267069773	1.0	0.9999965647533697
B2056c_baseline1_dfof-10perc_pyseas_1000iter_training_ica-filt-0020	0.9999605346252315	0.9999999983911678	0.9999999947745165	1.0	0.9999868448051603
B2056c_baseline1_dfof-10perc_pyseas_1000iter_training_ica-filt-0021	0.9999638612634199	0.9999999927451136	0.9999998837961465	1.0	0.9999879511170429
B2056c_baseline1_dfof-10perc_pyseas_1000iter_training_ica-filt-0022	0.9999272396245821	0.9999999958515976	0.9999998858118945	1.0	0.9999757439575608
B2056c_baseline1_dfof-10perc_pyseas_1000iter_training_ica-filt-0023	0.9999852891650977	0.9999999964584189	0.9999999965216549	1.0	0.9999950963449439
B2056c_baseline1_dfof-10perc_pyseas_1000iter_training_ica-filt-0024	0.9995983384261784	0.9999999687093523	0.9999987890093108	1.0	0.9998660718436211
B2056c_baseline1_dfof-10perc_pyseas_1000iter_training_ica-filt-0025	0.9999729882199321	0.9999999972998204	0.9999964380752059	1.0	0.9999908513114931
B2056c_baseline1_dfof-10perc_pyseas_1000iter_training_ica-filt-0026	0.9984076589877263	0.9999949585030206	0.9999989068647678	1.0	0.9994691833229702
B2056c_baseline1_dfof-10perc_pyseas_1000iter_training_ica-filt-0027	0.9999009559283087	0.9999999985245669	0.9999964845951876	1.0	0.9999668427572223
B2056c_baseline1_dfof-10perc_pyseas_1000iter_training_ica-filt-0028	0.999703341834714	0.9999999938800902	0.9999984768533126	1.0	0.9999010603698982
B2056c_baseline1_dfof-10perc_pyseas_1000iter_training_ica-filt-0029	0.9999681669352123	0.9999999982007798	0.9999994325862867	1.0	0.9999893721076242
B2056c_baseline1_dfof-10perc_pyseas_1000iter_training_ica-filt-0030	0.9998163083351091	0.9999999667814402	0.9999999874433715	1.0	0.9999387692499601
B2056c_baseline1_dfof-10perc_pyseas_1000iter_training_ica-filt-0031	0.9999139804735802	0.9999999982110453	0.9999997565858226	1.0	0.9999713205584116
B2056c_baseline1_dfof-10perc_pyseas_1000iter_training_ica-filt-0032	0.9999790169602268	0.9999999988198809	0.9999999397080933	1.0	0.9999930044296987
B2056c_baseline1_dfof-10perc_pyseas_1000iter_training_ica-filt-0033	0.9999828662393243	0.9999999975774153	0.9999999686046953	1.0	0.9999942881762708
B2056c_baseline1_dfof-10perc_pyseas_1000iter_training_ica-filt-0034	0.9997853424852275	0.999999988816244	0.9999984532776157	1.0	0.9999283929484624
B2056c_baseline1_dfof-10perc_pyseas_1000iter_training_ica-filt-0035	0.9999745199465314	0.9999999983842615	0.9999999500320349	1.0	0.9999915056666079
B2056c_baseline1_dfof-10perc_pyseas_1000iter_training_ica-filt-0036	0.9994075645236933	0.999999307999143	0.999996513065923	1.0	0.9998023803055412
B2056c_baseline1_dfof-10perc_pyseas_1000iter_training_ica-filt-0037	0.9999626447781095	0.9999999972528181	0.9999999868212498	1.0	0.9999875480529347
B2056c_baseline1_dfof-10perc_pyseas_1000iter_training_ica-filt-0038	0.9999784455997125	0.9999999955535764	0.9999999858451105	1.0	0.9999928149754626
B2056c_baseline1_dfof-10perc_pyseas_1000iter_training_ica-filt-0039	0.9999917078786431	0.9999999984892352	0.999999984947717	1.0	0.9999972357183641
B2056c_baseline1_dfof-10perc_pyseas_1000iter_training_ica-filt-0040	0.9999907206589628	0.9999999989493009	0.9999999813320857	1.0	0.9999969065760288
B2056c_baseline1_dfof-10perc_pyseas_1000iter_training_ica-filt-0041	0.9999287371926686	0.9999999844607841	0.9999998995662038	1.0	0.9999762435073167
B2056c_baseline1_dfof-10perc_pyseas_1000iter_training_ica-filt-0042	0.9999445392218862	0.9999999967264532	0.9999993856518443	1.0	0.9999814945588863
B2056c_baseline1_dfof-10perc_pyseas_1000iter_training_ica-filt-0043	0.9999746706928802	0.9999999967720169	0.9999998814212755	1.0	0.9999915541970047
B2056c_baseline1_dfof-10perc_pyseas_1000iter_training_ica-filt-0044	0.9997459237822868	0.9999999964115426	0.9999964948884026	1.0	0.999915165863453
B2056c_baseline1_dfof-10perc_pyseas_1000iter_training_ica-filt-0045	0.9999498156280149	0.9999999934830638	0.9999999545768554	1.0	0.9999832709974964
B2056c_baseline1_dfof-10perc_pyseas_1000iter_training_ica-filt-0046	0.999961713969569	0.9999999982208454	0.9999999744159919	1.0	0.9999872375411488
B2056c_baseline1_dfof-10perc_pyseas_1000iter_training_ica-filt-0047	0.9999588269794719	0.9999999960298444	0.999999986264204	1.0	0.99998627544314
B2056c_baseline1_dfof-10perc_pyseas_1000iter_training_ica-filt-0048	0.9999915655251798	0.9999999980596056	0.9999999323666036	1.0	0.9999971871085428
B2056c_baseline1_dfof-10perc_pyseas_1000iter_training_ica-filt-0049	0.9999487029198662	0.9999999962013658	0.9999997516664366	1.0	0.9999828945587165
B2056c_baseline1_dfof-10perc_pyseas_1000iter_training_ica-filt-0050	0.9999861651736217	0.9999999982731965	0.9999999730267273	1.0	0.9999953879138527
B2056c_baseline1_dfof-10perc_pyseas_1000iter_training_ica-filt-0051	0.998393111343013	0.999892945673456	0.999999329578732	1.0	0.9994643499400159
B2056c_baseline1_dfof-10perc_pyseas_1000iter_training_ica-filt-0052	0.9994948951256852	0.9999999762247483	0.9999964745574208	1.0	0.9998314886799923
B2056c_baseline1_dfof-10perc_pyseas_1000iter_training_ica-filt-0053	0.9999958708509276	0.9999999978579429	0.999999924815296	1.0	0.9999986220325185
B2056c_baseline1_dfof-10perc_pyseas_1000iter_training_ica-filt-0054	0.9999880774565881	0.9999999989338538	0.9999998019088867	1.0	0.9999960208953073
B2056c_baseline1_dfof-10perc_pyseas_1000iter_training_ica-filt-0055	0.9999862310968365	0.9999999987461958	0.9999999924939854	1.0	0.9999954102587892
B2056c_baseline1_dfof-10perc_pyseas_1000iter_training_ica-filt-0056	0.9999906615566816	0.9999999966001384	0.9999997768538958	1.0	0.9999968815256187
B2056c_baseline1_dfof-10perc_pyseas_1000iter_training_ica-filt-0057	0.9999707311254087	0.9999999775584406	0.9999964898011854	1.0	0.9999901014032221
B2056c_baseline1_dfof-10perc_pyseas_1000iter_training_ica-filt-0058	0.9990782579772954	0.9999997203913563	0.999994955653287	1.0	0.9996925351581885
B2056c_baseline1_dfof-10perc_pyseas_1000iter_training_ica-filt-0059	0.9999928891494106	0.9999999982453041	0.9999999665523982	1.0	0.9999976291024392
B2056c_baseline1_dfof-10perc_pyseas_1000iter_training_ica-filt-0060	0.9999058759381888	0.9999999942124501	0.999999638816832	1.0	0.9999686153686754
B2056c_baseline1_dfof-10perc_pyseas_1000iter_training_ica-filt-0061	0.9998992486825021	0.9999999909680054	0.9999999960594864	1.0	0.9999664161772523
B2056c_baseline1_dfof-10perc_pyseas_1000iter_training_ica-filt-0062	0.9999905415924576	0.9999995364237071	0.999996465832508	1.0	0.999996703754677
B2056c_baseline1_dfof-10perc_pyseas_1000iter_training_ica-filt-0063	0.999961219037937	0.999999996945757	0.9999999752609577	1.0	0.9999870725812331
B2056c_baseline1_dfof-10perc_pyseas_1000iter_training_ica-filt-0064	0.9999931864666788	0.9999999971026928	0.9999998905955051	1.0	0.999997726364489
B2056c_baseline1_dfof-10perc_pyseas_1000iter_training_ica-filt-0065	0.9999609240772922	0.9999999983532178	0.99999983472515	1.0	0.9999869707093025
B2056c_baseline1_dfof-10perc_pyseas_1000iter_training_ica-filt-0066	0.9999824492346788	0.999999997775385	0.9999999871122551	1.0	0.9999941495437827
B2056c_baseline1_dfof-10perc_pyseas_1000iter_training_ica-filt-0067	0.9999253266260602	0.999999939767367	0.9999986925780798	1.0	0.9999750640678121
B2056c_baseline1_dfof-10perc_pyseas_1000iter_training_ica-filt-0068	0.9999893907166223	0.9999999949253892	0.9999982655222208	1.0	0.9999964012002862
B2056c_baseline1_dfof-10perc_pyseas_1000iter_training_ica-filt-0069	0.999723355095487	0.9999999962801046	0.9999965132608057	1.0	0.9999076438387059
B2056c_baseline1_dfof-10perc_pyseas_1000iter_training_ica-filt-0070	0.9999937303595453	0.9999999986643432	0.9999998804814854	1.0	0.9999979073941602
B2056c_baseline1_dfof-10perc_pyseas_1000iter_training_ica-filt-0071	0.9999933357544109	0.9999999982278442	0.9999999766283737	1.0	0.9999977781811662
B2056c_baseline1_dfof-10perc_pyseas_1000iter_training_ica-filt-0072	0.9999870832268278	0.9999999988395363	0.9999997612431644	1.0	0.9999956882829069
B2056c_baseline1_dfof-10perc_pyseas_1000iter_training_ica-filt-0073	0.9999948846246501	0.9999999987223251	0.9999964750897157	1.0	0.9999981518715804
B2056c_baseline1_dfof-10perc_pyseas_1000iter_training_ica-filt-0074	0.9997548165119782	0.9999999531782067	0.9999998753430833	1.0	0.9999182693073309
B2056c_baseline1_dfof-10perc_pyseas_1000iter_training_ica-filt-0075	0.9999943986960772	0.9999999991863309	0.9999999278657693	1.0	0.9999981313892093
B2056c_baseline1_dfof-10perc_pyseas_1000iter_training_ica-filt-0076	0.9999844817287393	0.999999998138673	0.9999997994091206	1.0	0.9999948222465668
B2056c_baseline1_dfof-10perc_pyseas_1000iter_training_ica-filt-0077	0.9999847508961114	0.9999999990223128	0.9999999664760064	1.0	0.9999949163496978
B2056c_baseline1_dfof-10perc_pyseas_1000iter_training_ica-filt-0078	0.9999843182642919	0.999999998921938	0.9999999968902658	1.0	0.9999947727166774
B2056c_baseline1_dfof-10perc_pyseas_1000iter_training_ica-filt-0079	0.9997721518305296	0.99999996960872	0.9999999850067773	1.0	0.9999240503701001
B2056c_baseline1_dfof-10perc_pyseas_1000iter_training_ica-filt-0080	0.9999238580325034	0.9999999978145874	0.999999921471444	1.0	0.9999746176769287
B2056c_baseline1_dfof-10perc_pyseas_1000iter_training_ica-filt-0081	0.9999019376522188	0.9999999823805228	0.9999964770063783	1.0	0.9999671696384099
B2056c_baseline1_dfof-10perc_pyseas_1000iter_training_ica-filt-0082	0.995992907676286	0.8745411109379827	0.6089070019088443	0.95	0.8236284469056775
B2056c_baseline1_dfof-10perc_pyseas_1000iter_training_ica-filt-0083	0.9996617139145391	0.9999999729804547	0.9999999436847247	1.0	0.999887236841723
B2056c_baseline1_dfof-10perc_pyseas_1000iter_training_ica-filt-0084	0.9994906281210797	0.999999902986413	0.9999964764264969	1.0	0.9998300664338408
B2056c_baseline1_dfof-10perc_pyseas_1000iter_training_ica-filt-0085	0.9999897026570771	0.9999999930765161	0.9999996626290488	1.0	0.9999965583711431
B2056c_baseline1_dfof-10perc_pyseas_1000iter_training_ica-filt-0086	0.9993552988239227	0.9999999256285445	0.9999994452288049	1.0	0.9997850831762443
B2056c_baseline1_dfof-10perc_pyseas_1000iter_training_ica-filt-0087	0.9994080163651317	0.9999997912131727	0.9999964645322166	1.0	0.9998025286171518
B2056c_baseline1_dfof-10perc_pyseas_1000iter_training_ica-filt-0088	0.999935677279293	0.9999999818406347	0.9999997095859349	1.0	0.9999785513889144
B2056c_baseline1_dfof-10perc_pyseas_1000iter_training_ica-filt-0089	0.9999393818862068	0.999999992875754	0.9999998659539812	1.0	0.9999797908447562
B2056c_baseline1_dfof-10perc_pyseas_1000iter_training_ica-filt-0090	0.9999308238915275	0.9999999973842649	0.9999998219789168	1.0	0.9999769369522332
B2056c_baseline1_dfof-10perc_pyseas_1000iter_training_ica-filt-0091	0.9999415628418017	0.999999998303137	0.9999999683861448	1.0	0.9999805203724486
B2056c_baseline1_dfof-10perc_pyseas_1000iter_training_ica-filt-0092	0.9999745494901728	0.9999999982882654	0.9999999557327295	1.0	0.9999915156443223
B2056c_baseline1_dfof-10perc_pyseas_1000iter_training_ica-filt-0093	0.9999761138837716	0.9999999983480291	0.9999999538175783	1.0	0.9999920370655376
B2056c_baseline1_dfof-10perc_pyseas_1000iter_training_ica-filt-0094	0.9999099536650066	0.9999999854553413	0.9999990679556882	1.0	0.9999699543999737
B2056c_baseline1_dfof-10perc_pyseas_1000iter_training_ica-filt-0095	0.999968212603176	0.9999999990804351	0.999999960936168	1.0	0.9999894034647082
B2056c_baseline1_dfof-10perc_pyseas_1000iter_training_ica-filt-0096	0.9999867668439636	0.9999999974728891	0.9999997673678	1.0	0.9999955830054553
B2056c_baseline1_dfof-10perc_pyseas_1000iter_training_ica-filt-0097	0.9999770827757104	0.9999999976267748	0.9999993614859733	1.0	0.9999923415550537
B2056c_baseline1_dfof-10perc_pyseas_1000iter_training_ica-filt-0098	0.9993820522372923	0.999999821091306	0.9999980796496719	1.0	0.9997939471502099
B2056c_baseline1_dfof-10perc_pyseas_1000iter_training_ica-filt-0099	0.9999697427766989	0.9999999970983354	0.9999999832309364	1.0	0.9999899139852176
B2056c_baseline1_dfof-10perc_pyseas_1000iter_training_ica-filt-0100	0.9998949224685983	0.9999999707308036	0.9999999351172594	1.0	0.9999649728227459
B2056c_baseline1_dfof-10perc_pyseas_1000iter_training_ica-filt-0101	0.9999744134876477	0.9999999970044532	0.9999999842638055	1.0	0.999991470908491
B2056c_baseline1_dfof-10perc_pyseas_1000iter_training_ica-filt-0102	0.9999696299994153	0.9999999978523172	0.9999998415488264	1.0	0.9999898728751185
B2056c_baseline1_dfof-10perc_pyseas_1000iter_training_ica-filt-0103	0.9999581075164261	0.9999999933007137	0.9999999164736456	1.0	0.9999860340467251
B2056c_baseline1_dfof-10perc_pyseas_1000iter_training_ica-filt-0104	0.9999336913968726	0.9999999945876433	0.9999999938601138	1.0	0.9999778970478507
B2056c_baseline1_dfof-10perc_pyseas_1000iter_training_ica-filt-0105	0.9999933018198697	0.999999997875035	0.9999998855729554	1.0	0.9999977646829943
B2056c_baseline1_dfof-10perc_pyseas_1000iter_training_ica-filt-0106	0.9999186798504357	0.9999999834610593	0.9999999938366831	1.0	0.999972893198661
B2056c_baseline1_dfof-10perc_pyseas_1000iter_training_ica-filt-0107	0.9997408719346447	0.9999999245870577	0.9999973790753844	1.0	0.9999135228738439
B2056c_baseline1_dfof-10perc_pyseas_1000iter_training_ica-filt-0108	0.9999723684077727	0.9999999939027583	0.9999999799353513	1.0	0.9999907891316241
B2056c_baseline1_dfof-10perc_pyseas_1000iter_training_ica-filt-0109	0.9999096799370912	0.9999999889738121	0.9953648036071185	1.0	0.9999655426472706
B2056c_baseline1_dfof-10perc_pyseas_1000iter_training_ica-filt-0110	0.9999975182417552	0.9999999988306829	0.9999977933693266	1.0	0.9999990900794705
B2056c_baseline1_dfof-10perc_pyseas_1000iter_training_ica-filt-0111	0.9999927377530456	0.9999999992821333	0.9999993140890319	1.0	0.9999975581878044
B2056c_baseline1_dfof-10perc_pyseas_1000iter_training_ica-filt-0112	0.9999806538601295	0.9999999987057144	0.9999999746733154	1.0	0.9999935508432797
B2056c_baseline1_dfof-10perc_pyseas_1000iter_training_ica-filt-0113	0.9989227509190192	0.9999999493322185	0.9999995945285008	1.0	0.9996409055875795
B2056c_baseline1_dfof-10perc_pyseas_1000iter_training_ica-filt-0114	0.9999882515940315	0.9999999990375343	0.9999999923021197	1.0	0.9999960837546514
B2056c_baseline1_dfof-10perc_pyseas_1000iter_training_ica-filt-0115	0.9999882134058128	0.9999999982730348	0.9999999877517909	1.0	0.9999960709457908
B2056c_baseline1_dfof-10perc_pyseas_1000iter_training_ica-filt-0116	0.9999947318387338	0.9999999996628954	0.9999999079646331	1.0	0.9999982419386955
B2056c_baseline1_dfof-10perc_pyseas_1000iter_training_ica-filt-0117	0.999988158119103	0.9999999983977848	0.9999995390209862	1.0	0.9999960394764512
B2056c_baseline1_dfof-10perc_pyseas_1000iter_training_ica-filt-0118	0.9999961372967858	0.9999999961156459	0.9999997773411557	1.0	0.9999987067867813
B2056c_baseline1_dfof-10perc_pyseas_1000iter_training_ica-filt-0119	0.9861728726108514	0.9989948597612529	0.9999964728075716	1.0	0.995390814425316
B2056c_baseline1_dfof-10perc_pyseas_1000iter_training_ica-filt-0120	0.99986962750327	0.9999999323962522	0.9964662172902498	1.0	0.9999542444154691
B2056c_baseline1_dfof-10perc_pyseas_1000iter_training_ica-filt-0121	0.9999876514654474	0.9999999973531342	0.9999985387711384	1.0	0.9999958327863331
B2056c_baseline1_dfof-10perc_pyseas_1000iter_training_ica-filt-0122	0.9999570429428553	0.9999999980549409	0.9999990101032527	1.0	0.9999856486242599
B2056c_baseline1_dfof-10perc_pyseas_1000iter_training_ica-filt-0123	0.9999826018909335	0.999999998177799	0.9999999578244424	1.0	0.9999941998248563
B2056c_baseline1_dfof-10perc_pyseas_1000iter_training_ica-filt-0124	0.9999883615074434	0.9999999976518429	0.9999999467286137	1.0	0.9999961194438262
B2056c_baseline1_dfof-10perc_pyseas_1000iter_training_ica-filt-0125	0.9998999530294663	0.9999999822487633	0.999999791064414	1.0	0.9999666457693746
B2056c_baseline1_dfof-10perc_pyseas_1000iter_training_ica-filt-0126	0.9999439003054545	0.9999999879607132	0.9999999759604588	1.0	0.9999812996846477
B2056c_baseline1_dfof-10perc_pyseas_1000iter_training_ica-filt-0127	0.9998852544564193	0.9999999484702431	0.9999999023731174	1.0	0.9999617493344554
B2056c_baseline1_dfof-10perc_pyseas_1000iter_training_ica-filt-0128	0.9999150714497961	0.9999999787534739	0.9999999697842402	1.0	0.9999716899380848
B2056c_baseline1_dfof-10perc_pyseas_1000iter_training_ica-filt-0129	0.9999917308503424	0.9999999992605133	0.9999999944842595	1.0	0.9999972435422975
B2056c_baseline1_dfof-10perc_pyseas_1000iter_training_ica-filt-0130	0.9999830686204314	0.9999999980672066	0.9999999755757119	1.0	0.9999943557818151
B2056c_baseline1_dfof-10perc_pyseas_1000iter_training_ica-filt-0131	0.9999757375516247	0.9999999975497876	0.9999999967924176	1.0	0.9999919124777154
B2056c_baseline1_dfof-10perc_pyseas_1000iter_training_ica-filt-0132	0.999907217341282	0.9999999121186395	0.9999996577348883	1.0	0.9999690631098178
B2056c_baseline1_dfof-10perc_pyseas_1000iter_training_ica-filt-0133	0.9999758149311468	0.9999999923266377	0.999999905962906	1.0	0.9999919362516384
B2056c_baseline1_dfof-10perc_pyseas_1000iter_training_ica-filt-0134	0.999864463051643	0.9999999669227334	0.9999999335052505	1.0	0.9999548196449061
B2056c_baseline1_dfof-10perc_pyseas_1000iter_training_ica-filt-0135	0.9990711231692001	0.999999961027579	0.9999989263896079	1.0	0.9996903388084988
B2056c_baseline1_dfof-10perc_pyseas_1000iter_training_ica-filt-0136	0.9999697968470296	0.999999998478419	0.9999998375388769	1.0	0.9999899283784596
B2056c_baseline1_dfof-10perc_pyseas_1000iter_training_ica-filt-0137	0.999918754201126	0.9999999944019003	0.9999999976983233	1.0	0.9999729180402612
B2056c_baseline1_dfof-10perc_pyseas_1000iter_training_ica-filt-0138	0.9999949187291884	0.9999999965093364	0.9999985915489246	1.0	0.9999982573578583
B2056c_baseline1_dfof-10perc_pyseas_1000iter_training_ica-filt-0139	0.999991829628168	0.9999999428708682	0.9999964556997879	1.0	0.9999971326186167
B2056c_baseline1_dfof-10perc_pyseas_1000iter_training_ica-filt-0140	0.9999817094055061	0.9999999991848388	0.9999999966083981	1.0	0.9999939030930114
B2056c_baseline1_dfof-10perc_pyseas_1000iter_training_ica-filt-0141	0.9999310547015935	0.9999995750232651	0.9999999825980798	1.0	0.9999770179480557
B2056c_baseline1_dfof-10perc_pyseas_1000iter_training_ica-filt-0142	0.9999913870641095	0.9999999987690646	0.999999930947461	1.0	0.9999971275870818
B2056c_baseline1_dfof-10perc_pyseas_1000iter_training_ica-filt-0143	0.9999874421032509	0.9999997860118784	0.9999987971941712	1.0	0.9999957733931152
B2056c_baseline1_dfof-10perc_pyseas_1000iter_training_ica-filt-0144	0.9999897727653329	0.9999999911427083	0.999999910361583	1.0	0.9999965889752822
B2056c_baseline1_dfof-10perc_pyseas_1000iter_training_ica-filt-0145	0.999839214712143	0.9999999941400742	0.999999671021213	1.0	0.9999463959895346
B2056c_baseline1_dfof-10perc_pyseas_1000iter_training_ica-filt-0146	0.9999723370012622	0.9999999984839345	0.9999999894535232	1.0	0.9999907788413723
B2056c_baseline1_dfof-10perc_pyseas_1000iter_training_ica-filt-0147	0.9991947236903298	0.9999997707222456	0.9999973020211834	1.0	0.9997314699725299
B2056c_baseline1_dfof-10perc_pyseas_1000iter_training_ica-filt-0148	0.9999963649950082	0.999999999539174	0.9999998979937871	1.0	0.9999987860672999
B2056c_baseline1_dfof-10perc_pyseas_1000iter_training_ica-filt-0149	0.9999524996594178	0.9999999945206693	0.9999982101606294	1.0	0.9999841018454694
B2056c_baseline1_dfof-10perc_pyseas_1000iter_training_ica-filt-0150	0.9999092852800895	0.999999977358247	0.9999986984592564	1.0	0.9999697171882523
B2056c_baseline1_dfof-10perc_pyseas_1000iter_training_ica-filt-0151	0.9999468291361004	0.9999999294246668	0.999996499059816	1.0	0.9999821345125176
B2056c_baseline1_dfof-10perc_pyseas_1000iter_training_ica-filt-0152	0.9969490103866758	0.9999996421674738	0.9999964716300269	1.0	0.998982860294689
B2056c_baseline1_dfof-10perc_pyseas_1000iter_training_ica-filt-0153	0.9999596517730854	0.999999988072272	0.9999999362166924	1.0	0.9999865492839809
B2056c_baseline1_dfof-10perc_pyseas_1000iter_training_ica-filt-0154	0.9999880066758972	0.9999999948667587	0.9999999952574508	1.0	0.9999960021628839
B2056c_baseline1_dfof-10perc_pyseas_1000iter_training_ica-filt-0155	0.9999662766374267	0.9999999680558572	0.9999999914925066	1.0	0.9999887587554549
B2056c_baseline1_dfof-10perc_pyseas_1000iter_training_ica-filt-0156	0.9999963216921387	0.9999999971715249	0.9999964807058105	1.0	0.9999986311606173
B2056c_baseline1_dfof-10perc_pyseas_1000iter_training_ica-filt-0157	0.9999420988921922	0.9999999830395636	0.9999971838979421	1.0	0.9999805896621882
B2056c_baseline1_dfof-10perc_pyseas_1000iter_training_ica-filt-0158	0.9999923664037544	0.9999999964259542	0.9999999791880548	1.0	0.9999974551155212
B2056c_baseline1_dfof-10perc_pyseas_1000iter_training_ica-filt-0159	0.9999668242135771	0.9999998249401838	0.9999996568203285	1.0	0.9999889320380445
B2056c_baseline1_dfof-10perc_pyseas_1000iter_training_ica-filt-0160	0.999964567962275	0.9999999991906012	0.9999999723818058	1.0	0.9999881888300188
B2056c_baseline1_dfof-10perc_pyseas_1000iter_training_ica-filt-0161	0.99994601245955	0.9999999983825294	0.9999999720626028	1.0	0.999982003655799
B2056c_baseline1_dfof-10perc_pyseas_1000iter_training_ica-filt-0162	0.9999359076839758	0.9999999975334007	0.9999997392537919	1.0	0.9999786291032864
B2056c_baseline1_dfof-10perc_pyseas_1000iter_training_ica-filt-0163	0.9997570562998466	0.999999386349451	0.9999964383285576	1.0	0.9999188740168449
B2056c_baseline1_dfof-10perc_pyseas_1000iter_training_ica-filt-0164	0.9999964617989878	0.999999998204185	0.9999988889011204	1.0	0.9999987835602866
B2056c_baseline1_dfof-10perc_pyseas_1000iter_training_ica-filt-0165	0.9999515650882144	0.9999999953033002	0.9999990899896446	1.0	0.9999838257068934
B2056c_baseline1_dfof-10perc_pyseas_1000iter_training_ica-filt-0166	0.9998762000761334	0.9999994371681232	0.9999964822640607	1.0	0.9999585906958909
B2056c_baseline1_dfof-10perc_pyseas_1000iter_training_ica-filt-0167	0.9998046547685063	0.9999999839055891	0.9999999548350981	1.0	0.9999348840501695
B2056c_baseline1_dfof-10perc_pyseas_1000iter_training_ica-filt-0168	0.9997658621409617	0.9999121173812204	0.9999955818023568	1.0	0.9999217677873791
B2056c_baseline1_dfof-10perc_pyseas_1000iter_training_ica-filt-0169	0.9998167122913201	0.9999999887986456	0.9999998761452373	1.0	0.99993890125533
B2056c_baseline1_dfof-10perc_pyseas_1000iter_training_ica-filt-0170	0.9999629007999828	0.9999999942526295	0.9999999947974401	1.0	0.9999876335304362
B2056c_baseline1_dfof-10perc_pyseas_1000iter_training_ica-filt-0171	0.9987167742989221	0.9999980579567229	0.9999964512672213	1.0	0.9995721139649175
B2056c_baseline1_dfof-10perc_pyseas_1000iter_training_ica-filt-0172	0.999730614573647	0.9999999517664987	0.9999964658205106	1.0	0.9999100614145037
B2056c_baseline1_dfof-10perc_pyseas_1000iter_training_ica-filt-0173	0.9999796380219292	0.9999999978084598	0.9999999827838731	1.0	0.9999932123917357
B2056c_baseline1_dfof-10perc_pyseas_1000iter_training_ica-filt-0174	0.9999946907807914	0.999999998307736	0.9999999622483813	1.0	0.9999982295527788
B2056c_baseline1_dfof-10perc_pyseas_1000iter_training_ica-filt-0175	0.9999803371004974	0.9999999980794136	0.9999996452639729	1.0	0.9999934359635199
B2056c_baseline1_dfof-10perc_pyseas_1000iter_training_ica-filt-0176	0.9999814021732274	0.9999999906312881	0.9999999845814719	1.0	0.9999938004763432
B2056c_baseline1_dfof-10perc_pyseas_1000iter_training_ica-filt-0177	0.999967911060124	0.9999999703844513	0.9999999956793041	1.0	0.99998930363074
B2056c_baseline1_dfof-10perc_pyseas_1000iter_training_ica-filt-0178	0.9999402470557414	0.9999999923241757	0.9999999986183771	1.0	0.9999800823371771
B2056c_baseline1_dfof-10perc_pyseas_1000iter_training_ica-filt-0179	0.9999910611202201	0.9999999978690167	0.9999999274733606	1.0	0.9999970188543088
B2056c_baseline1_dfof-10perc_pyseas_1000iter_training_ica-filt-0180	0.9998534260627641	0.9999999827159896	0.9999964756279734	1.0	0.9999509990431674
B2056c_baseline1_dfof-10perc_pyseas_1000iter_training_ica-filt-0181	0.9997227812677008	0.999999969256607	0.9999994997497388	1.0	0.9999075791976817
B2056c_baseline1_dfof-10perc_pyseas_1000iter_training_ica-filt-0182	0.9999709568142549	0.9999999981434337	0.9999971595751728	1.0	0.9999902078574135
B2056c_baseline1_dfof-10perc_pyseas_1000iter_training_ica-filt-0183	0.9998349587408063	0.9999999879860298	0.9999984279375479	1.0	0.9999449306531908
B2056c_baseline1_dfof-10perc_pyseas_1000iter_training_ica-filt-0184	0.99996056881082	0.9999999884508811	0.999999994263058	1.0	0.9999868561922821
B2056c_baseline1_dfof-10perc_pyseas_1000iter_training_ica-filt-0185	0.9994685609415164	0.9999999637993369	0.9999998630264619	1.0	0.9998228504500353
B2056c_baseline1_dfof-10perc_pyseas_1000iter_training_ica-filt-0186	0.9999826684249745	0.9999999958808222	0.9999991040578668	1.0	0.9999941940155727
B2056c_baseline1_dfof-10perc_pyseas_1000iter_training_ica-filt-0187	0.9999662499704861	0.9999999974897485	0.9999990859255662	1.0	0.9999887205143514
B2056c_baseline1_dfof-10perc_pyseas_1000iter_training_ica-filt-0188	0.9999423328231409	0.999999998408999	0.9999998950340033	1.0	0.9999807752662618
B2056c_baseline1_dfof-10perc_pyseas_1000iter_training_ica-filt-0189	0.9999922702932773	0.999999999682883	0.9999997980000846	1.0	0.9999974183936479
B2056c_baseline1_dfof-10perc_pyseas_1000iter_training_ica-filt-0190	0.999813519044386	0.9999999664627335	0.9999998279627557	1.0	0.999937835506946
B2056c_baseline1_dfof-10perc_pyseas_1000iter_training_ica-filt-0191	0.999902976145536	0.9999999926282471	0.9999965127607368	1.0	0.9999675174983625
B2056c_baseline1_dfof-10perc_pyseas_1000iter_training_ica-filt-0192	0.999988300998692	0.9999999992118536	0.9999999889590473	1.0	0.9999961001650869
B2056c_baseline1_dfof-10perc_pyseas_1000iter_training_ica-filt-0193	0.999991383517169	0.999999997596838	0.9999999672580062	1.0	0.9999971272401583
B2056c_baseline1_dfof-10perc_pyseas_1000iter_training_ica-filt-0194	0.9999202782604991	0.9999999930059823	0.9999920707163805	1.0	0.9916397235533531
B2056c_baseline1_dfof-10perc_pyseas_1000iter_training_ica-filt-0195	0.9998824403360861	0.9999999734098481	0.9999999914198395	1.0	0.9999608133204374
B2056c_baseline1_dfof-10perc_pyseas_1000iter_training_ica-filt-0196	0.9999871116224264	0.9999999936670801	0.9999994553394529	1.0	0.9999956877923136
B2056c_baseline1_dfof-10perc_pyseas_1000iter_training_ica-filt-0197	0.9999551376809022	0.9999999975423037	0.9999990440679531	1.0	0.9999850148322582
B2056c_baseline1_dfof-10perc_pyseas_1000iter_training_ica-filt-0198	0.9999701247046197	0.9999999966352285	0.9999992129632578	1.0	0.999990016827144
B2056c_baseline1_dfof-10perc_pyseas_1000iter_training_ica-filt-0199	0.9999198983550324	0.999999989021486	0.9999999675361632	1.0	0.9999732988587299
B2056c_baseline1_dfof-10perc_pyseas_1000iter_training_ica-filt-0200	0.999891827757119	0.9999999937131571	0.9999999689492691	1.0	0.9999639420228528
B2056c_baseline1_dfof-10perc_pyseas_1000iter_training_ica-filt-0201	0.9999420667664873	0.9999998986793094	0.9999999978441008	1.0	0.9999806888973559
B2056c_baseline1_dfof-10perc_pyseas_1000iter_training_ica-filt-0202	0.9999334801521028	0.9999999920155008	0.9999999965760689	1.0	0.9999778266747397
B2056c_baseline1_dfof-10perc_pyseas_1000iter_training_ica-filt-0203	0.9999881135626828	0.9999999952640178	0.999999958229516	1.0	0.9999960370578193
B2056c_baseline1_dfof-10perc_pyseas_1000iter_training_ica-filt-0204	0.9999923219488033	0.9999999909315155	0.9403610711860874	1.0	0.9858524432993355
B2056c_baseline1_dfof-10perc_pyseas_1000iter_training_ica-filt-0205	0.9999197487033542	0.9999999929293396	0.9999995987112211	1.0	0.9999732383196825
B2056c_baseline1_dfof-10perc_pyseas_1000iter_training_ica-filt-0206	0.9999840073565658	0.9999999957496347	0.9999997949267431	1.0	0.9999946639915999
B2056c_baseline1_dfof-10perc_pyseas_1000iter_training_ica-filt-0207	0.9999409099872365	0.9999999489269622	0.9999996928109004	1.0	0.9999802951015834
B2056c_baseline1_dfof-10perc_pyseas_1000iter_training_ica-filt-0208	0.9999415068906269	0.999999997720817	0.9999997995700871	1.0	0.9999804973052212
B2056c_baseline1_dfof-10perc_pyseas_1000iter_training_ica-filt-0209	0.9992584408515143	0.9999998900693851	0.9974728543505741	1.0	0.9997517682316319
B2056c_baseline1_dfof-10perc_pyseas_1000iter_training_ica-filt-0210	0.999967917397439	0.9999999966129104	0.9999999858459434	1.0	0.9999893055747201
B2056c_baseline1_dfof-10perc_pyseas_1000iter_training_ica-filt-0211	0.9999933325351837	0.9999999978795788	0.999999942690638	1.0	0.9999977763585624
B2056c_baseline1_dfof-10perc_pyseas_1000iter_training_ica-filt-0212	0.9998366339376121	0.9999999522008357	0.9999981817721635	1.0	0.9999454787356726
B2056c_baseline1_dfof-10perc_pyseas_1000iter_training_ica-filt-0213	0.9999736204500073	0.9999999806108255	0.9999996771397928	1.0	0.9999911980958774
B2056c_baseline1_dfof-10perc_pyseas_1000iter_training_ica-filt-0214	0.9999875040651137	0.9999999883017435	0.9999996060957663	1.0	0.9999958236821187
B2056c_baseline1_dfof-10perc_pyseas_1000iter_training_ica-filt-0215	0.9999878957609984	0.9999999328652086	0.9999982893228819	1.0	0.9999959038820472
B2056c_baseline1_dfof-10perc_pyseas_1000iter_training_ica-filt-0216	0.9959250984745152	0.9999959837232832	0.9924548606399209	0.975	0.9974135107098238
B2056c_baseline1_dfof-10perc_pyseas_1000iter_training_ica-filt-0217	0.9999894522584375	0.9999999936386442	0.9999998522975663	1.0	0.9999964805940159
B2056c_baseline1_dfof-10perc_pyseas_1000iter_training_ica-filt-0218	0.9496241394709206	0.6179080302413189	0.9999964879256983	0.925	0.9582079040960956
B2056c_baseline1_dfof-10perc_pyseas_1000iter_training_ica-filt-0219	0.9999933878224104	0.9999940853872694	0.9999964710654603	1.0	0.9999976527464645
B2056c_baseline1_dfof-10perc_pyseas_1000iter_training_ica-filt-0220	0.9998511173387372	0.9999999223115128	0.9999999935411167	1.0	0.9999503723566486
B2056c_baseline1_dfof-10perc_pyseas_1000iter_training_ica-filt-0221	0.9999801689265134	0.9999999922510804	0.9999942323003532	1.0	0.9999931352239569
B2056c_baseline1_dfof-10perc_pyseas_1000iter_training_ica-filt-0222	0.9993332916255642	0.9999994144253846	0.9999977544565192	1.0	0.999777679499105
B2056c_baseline1_dfof-10perc_pyseas_1000iter_training_ica-filt-0223	0.9993900345181138	0.9999969439019444	0.9999967538262322	1.0	0.9997965483091947
B2056c_baseline1_dfof-10perc_pyseas_1000iter_training_ica-filt-0224	0.9999849305594097	0.9999999979319335	0.9999964572579219	1.0	0.9999948330030562
B2056c_baseline1_dfof-10perc_pyseas_1000iter_training_ica-filt-0225	0.999993326368209	0.9999999998006288	0.999999997483727	1.0	0.9999977754263437
B2056c_baseline1_dfof-10perc_pyseas_1000iter_training_ica-filt-0226	0.9997196257210743	0.9999997252358851	0.9999995715223976	1.0	0.999906529762014
B2056c_baseline1_dfof-10perc_pyseas_1000iter_training_ica-filt-0227	0.999891264341392	0.9999999697068797	0.9999999894503018	1.0	0.9999637546213588
B2056c_baseline1_dfof-10perc_pyseas_1000iter_training_ica-filt-0228	0.9999144149259764	0.9999999953621189	0.9999988224600809	1.0	0.9999714319978699
B2056c_baseline1_dfof-10perc_pyseas_1000iter_training_ica-filt-0229	0.9999937219428412	0.9999999960239646	0.9999999910721324	1.0	0.9999979071834103
B2056c_baseline1_dfof-10perc_pyseas_1000iter_training_ica-filt-0230	0.9999844251934571	0.9999999896133717	0.9999995455915978	1.0	0.9999947953883132
B2056c_baseline1_dfof-10perc_pyseas_1000iter_training_ica-filt-0231	0.9999527129260201	0.9999999902830777	0.9999964253799597	1.0	0.9999840922763363
B2056c_baseline1_dfof-10perc_pyseas_1000iter_training_ica-filt-0232	0.9999752553823574	0.9999999990694199	0.9999999860313987	1.0	0.9999917515731308
B2056c_baseline1_dfof-10perc_pyseas_1000iter_training_ica-filt-0233	0.9998882068400052	0.9999996598071033	0.9999964978736837	1.0	0.9999625936909146
B2056c_baseline1_dfof-10perc_pyseas_1000iter_training_ica-filt-0234	0.9999457154884482	0.9999999896073996	0.9999999694281819	1.0	0.9999819046101094
B2056c_baseline1_dfof-10perc_pyseas_1000iter_training_ica-filt-0235	0.9999920443587484	0.9999998552870472	0.9999999635405737	1.0	0.9999973474403564
B2056c_baseline1_dfof-10perc_pyseas_1000iter_training_ica-filt-0236	0.9999951479658019	0.9999999998545609	0.999999980288578	1.0	0.99999838232458
B2056c_baseline1_dfof-10perc_pyseas_1000iter_training_ica-filt-0237	0.9999238101478484	0.9999998058465895	0.9999964406928832	1.0	0.9999744587452635
B2056c_baseline1_dfof-10perc_pyseas_1000iter_training_ica-filt-0238	0.9999847178337903	0.9999999500755137	0.9999997135068127	1.0	0.9999948983619992
B2056c_baseline1_dfof-10perc_pyseas_1000iter_training_ica-filt-0239	0.9999938987941461	0.9999999974482049	0.999999132714478	1.0	0.9999979385466778
B2056c_baseline1_dfof-10perc_pyseas_1000iter_training_ica-filt-0240	0.9998037330104672	0.9999981898442899	0.9999999957280172	1.0	0.9999345776149257
B2056c_baseline1_dfof-10perc_pyseas_1000iter_training_ica-filt-0241	0.9999855650667021	0.9999999580698615	0.9999964909157392	1.0	0.9999950461031849
B2056c_baseline1_dfof-10perc_pyseas_1000iter_training_ica-filt-0242	0.999933876644826	0.11497664505676916	0.5235745080003876	0.95	0.7999779588816086
B2056c_baseline1_dfof-10perc_pyseas_1000iter_training_ica-filt-0243	0.9999241084683953	0.9999999954861637	0.9999999454122362	1.0	0.9999747017334627
B2056c_baseline1_dfof-10perc_pyseas_1000iter_training_ica-filt-0244	0.9999738327173163	0.9999999939816019	0.9999964364611148	1.0	0.9999911327338667
B2056c_baseline1_dfof-10perc_pyseas_1000iter_training_ica-filt-0245	0.00010010502650811698	4.949853841589685e-69	1.0000000994736041e-07	0.05	0.016700068342172688
B2056c_baseline1_dfof-10perc_pyseas_1000iter_training_ica-filt-0246	0.9994599503785755	0.9999999557892415	0.9999964385679585	1.0	0.999819838721138
B2056c_baseline1_dfof-10perc_pyseas_1000iter_training_ica-filt-0247	0.9999717651063257	0.9999999946093842	0.9999998964338823	1.0	0.9999905860638276
B2056c_baseline1_dfof-10perc_pyseas_1000iter_training_ica-filt-0248	0.9999319973528477	0.9999953428440822	0.9999964965644186	0.975	0.9999771904664486
B2056c_baseline1_dfof-10perc_pyseas_1000iter_training_ica-filt-0249	0.9999904253338838	0.9999999888740981	0.999999714502605	1.0	0.9999968008928649
B2056c_baseline1_dfof-10perc_pyseas_1000iter_training_ica-filt-0250	0.9999027343948408	0.9999998379303986	0.9999999364620531	1.0	0.9999675768304486
B2056c_baseline1_dfof-10perc_pyseas_1000iter_training_ica-filt-0251	0.9999789069979901	0.999999989662456	0.999999496144591	1.0	0.999992954318258
B2056c_baseline1_dfof-10perc_pyseas_1000iter_training_ica-filt-0252	0.9999433139960143	0.9999999718849009	0.9999996865560185	1.0	0.9999810962414527
B2056c_baseline1_dfof-10perc_pyseas_1000iter_training_ica-filt-0253	0.9999946155221662	0.9999999682537096	0.9999964885238888	1.0	0.9999980628082201
B2056c_baseline1_dfof-10perc_pyseas_1000iter_training_ica-filt-0254	0.9872404512549424	0.9997511811903235	0.931482100933279	1.0	0.9790558848333655
B2056c_baseline1_dfof-10perc_pyseas_1000iter_training_ica-filt-0255	0.9999198668246576	0.9999998458873497	0.9999997665474547	1.0	0.9999732829744884
B2056c_baseline1_dfof-10perc_pyseas_1000iter_training_ica-filt-0256	0.9999947396496511	0.999999879594551	0.9999965094771569	1.0	0.999998105177479
B2056c_baseline1_dfof-10perc_pyseas_1000iter_training_ica-filt-0257	0.9999850314452208	0.04673281842231686	0.9999964903485765	0.925	0.9749948682024567
B2056c_baseline1_dfof-10perc_pyseas_1000iter_training_ica-filt-0258	0.9999902299241715	0.9999999917469503	0.9999999896642824	1.0	0.9999967431527225
B2056c_baseline1_dfof-10perc_pyseas_1000iter_training_ica-filt-0259	0.9999817441993935	0.999999999172891	0.9999964769386881	1.0	0.9916604384842552
B2056c_baseline1_dfof-10perc_pyseas_1000iter_training_ica-filt-0260	0.9999573490308813	0.9999998711924855	0.999999876276176	1.0	0.9999857801720328
B2056c_baseline1_dfof-10perc_pyseas_1000iter_training_ica-filt-0261	0.9998931868880157	0.9804367767939717	0.9999964793371754	0.925	0.9832975861609606
B2056c_baseline1_dfof-10perc_pyseas_1000iter_training_ica-filt-0262	0.9996878027220002	0.9999992921882922	0.9999964423093535	1.0	0.9998957896801661
B2056c_baseline1_dfof-10perc_pyseas_1000iter_training_ica-filt-0263	0.9999004583659451	0.9999999947943704	0.9999999908861944	1.0	0.9999668193212493
B2056c_baseline1_dfof-10perc_pyseas_1000iter_training_ica-filt-0264	0.9999941533576747	0.9999999945457018	0.9999999895821328	1.0	0.9999980509624441
B2056c_baseline1_dfof-10perc_pyseas_1000iter_training_ica-filt-0265	0.9999865488251046	0.999999347871197	0.99999643229653	1.0	0.9999953712383983
B2056c_baseline1_dfof-10perc_pyseas_1000iter_training_ica-filt-0266	0.999983930914061	0.9999999989497148	0.9999997101890606	1.0	0.9999946359525582
B2056c_baseline1_dfof-10perc_pyseas_1000iter_training_ica-filt-0267	0.9999408926367161	0.9999999053106495	0.9999910806747593	1.0	0.999979873865913
B2056c_baseline1_dfof-10perc_pyseas_1000iter_training_ica-filt-0268	0.9957078913252189	0.9992080952177459	0.9999964777598543	1.0	0.9985691542318375
B2056c_baseline1_dfof-10perc_pyseas_1000iter_training_ica-filt-0269	0.9999884872655712	0.9999999987074144	0.9999999778969558	1.0	0.9999961620437409
B2056c_baseline1_dfof-10perc_pyseas_1000iter_training_ica-filt-0270	0.9999150127119322	0.9999995209759895	0.9597305472381689	1.0	0.9911064174464718
B2056c_baseline1_dfof-10perc_pyseas_1000iter_training_ica-filt-0271	0.9996432876377086	0.9999934211003809	0.9820622007976525	1.0	0.9964768131741483
B2056c_baseline1_dfof-10perc_pyseas_1000iter_training_ica-filt-0272	0.9999890556353987	0.9999999790869282	0.9999971282428899	1.0	0.9999962393627798
B2056c_baseline1_dfof-10perc_pyseas_1000iter_training_ica-filt-0273	0.9999970458690036	0.9999999924949244	0.9999994451041513	1.0	0.9999989988536172
B2056c_baseline1_dfof-10perc_pyseas_1000iter_training_ica-filt-0274	0.9999951254358967	0.9999999642879611	0.9999999475739492	1.0	0.9999983741062782
B2056c_baseline1_dfof-10perc_pyseas_1000iter_training_ica-filt-0275	0.9999241558539956	0.999999547743083	0.9999999900461323	1.0	0.999974718469359
B2056c_baseline1_dfof-10perc_pyseas_1000iter_training_ica-filt-0276	0.9999910666957865	0.9999999937475811	0.9999999343291305	1.0	0.9999970208794992
B2056c_baseline1_dfof-10perc_pyseas_1000iter_training_ica-filt-0277	0.9998771193815847	0.9999999901539064	0.9999999390094494	1.0	0.9999590385535395
B2056c_baseline1_dfof-10perc_pyseas_1000iter_training_ica-filt-0278	0.9999984079521962	0.9999999768075071	0.8974654621675806	1.0	0.9646455067612899
B2056c_baseline1_dfof-10perc_pyseas_1000iter_training_ica-filt-0279	0.9999881020733139	0.9999999706977172	0.9999999968032365	1.0	0.999996033985101
B2056c_baseline1_dfof-10perc_pyseas_1000iter_training_ica-filt-0280	0.9999953366507449	0.9999998910111454	0.9999999069704465	1.0	0.999998443517296
B2056c_baseline1_dfof-10perc_pyseas_1000iter_training_ica-filt-0281	0.9999995784952225	0.9999999999642917	0.999996485806351	1.0	0.9999997170036551
B2056c_baseline1_dfof-10perc_pyseas_1000iter_training_ica-filt-0282	0.9999851037285524	0.9999999481517122	0.9999964823556393	1.0	0.9999948919177094
B2056c_baseline1_dfof-10perc_pyseas_1000iter_training_ica-filt-0283	0.9999891723735664	0.9999999969012557	0.9999999429682699	1.0	0.9999963896445586
B2056c_baseline1_dfof-10perc_pyseas_1000iter_training_ica-filt-0284	0.9999812798491114	0.9999995098517627	0.9999997963213582	1.0	0.9999937548632313
B2056c_baseline1_dfof-10perc_pyseas_1000iter_training_ica-filt-0285	0.9999643221681458	0.9999999607866997	0.9999996765764488	1.0	0.9999880986507801
B2056c_baseline1_dfof-10perc_pyseas_1000iter_training_ica-filt-0286	0.9999900899446595	0.9999999536926378	0.9999964739121263	1.0	0.9999965535890191
B2056c_baseline1_dfof-10perc_pyseas_1000iter_training_ica-filt-0287	0.9999452121985055	0.9999999917295882	0.9999891910931172	1.0	0.9999812069356252
B2056c_baseline1_dfof-10perc_pyseas_1000iter_training_ica-filt-0288	0.9999641455837712	0.999999970925304	0.9999997785505488	1.0	0.9999880429183124
B2056c_baseline1_dfof-10perc_pyseas_1000iter_training_ica-filt-0289	0.9999881082928153	0.9999999994891997	0.9999964712765295	1.0	0.9999958929132866
B2056c_baseline1_dfof-10perc_pyseas_1000iter_training_ica-filt-0290	0.9999778588642347	0.9999999700783265	0.9999935607096396	1.0	0.9999923302131903
B2056c_baseline1_dfof-10perc_pyseas_1000iter_training_ica-filt-0291	0.999989374327801	0.9999999879195337	0.9999999658241191	1.0	0.9999964574795596
B2056c_baseline1_dfof-10perc_pyseas_1000iter_training_ica-filt-0292	0.9999864753139865	0.9999999773608209	0.999996449770117	1.0	0.9999953475654593
B2056c_baseline1_dfof-10perc_pyseas_1000iter_training_ica-filt-0293	0.9999795764306539	0.9999999763629152	0.9999998311822856	1.0	0.9999931880603167
B2056c_baseline1_dfof-10perc_pyseas_1000iter_training_ica-filt-0294	0.9999984502722938	0.9999999993509584	0.9999998461702072	1.0	0.9999994797618325
B2056c_baseline1_dfof-10perc_pyseas_1000iter_training_ica-filt-0295	0.9999795724396168	0.9999999876767288	0.9999999183203994	1.0	0.9999931890674062
B2056c_baseline1_dfof-10perc_pyseas_1000iter_training_ica-filt-0296	0.9998493966966808	0.9999995731434664	0.9999965023860887	1.0	0.9999496571904022
B2056c_baseline1_dfof-10perc_pyseas_1000iter_training_ica-filt-0297	2.498916595604539e-07	1.0904492592154535e-74	1.0000000994736041e-07	0.0	1.1663055650260478e-07
B2056c_baseline1_dfof-10perc_pyseas_1000iter_training_ica-filt-0298	0.9999379233335419	0.9999999746749427	0.9999970552306595	1.0	0.9999791919079183
B2056c_baseline1_dfof-10perc_pyseas_1000iter_training_ica-filt-0299	0.9999869281249272	0.9999999996219097	0.9884507141580745	1.0	0.9979693892572689
B2056c_baseline1_dfof-10perc_pyseas_1000iter_training_ica-filt-0300	0.9999950405752046	0.9999999998109104	0.9999999501656766	1.0	0.9999983458792396
B2056c_baseline1_dfof-10perc_pyseas_1000iter_training_ica-filt-0301	0.9999755279967304	0.9999999992122124	0.9999999939484084	1.0	0.9999918425825561
B2056c_baseline1_dfof-10perc_pyseas_1000iter_training_ica-filt-0302	0.9999954333674486	0.9999999998345377	0.9999999956140075	1.0	0.9999984777321904
B2056c_baseline1_dfof-10perc_pyseas_1000iter_training_ica-filt-0303	0.9999614091610459	0.9999999976649043	0.9999999954077096	1.0	0.999987136326908
B2056c_baseline1_dfof-10perc_pyseas_1000iter_training_ica-filt-0304	0.9999816100419185	0.9999999806953979	0.9999999374386979	1.0	0.9999938687361843
B2056c_baseline1_dfof-10perc_pyseas_1000iter_training_ica-filt-0305	0.9999910556976709	0.999999999808491	0.9999969971682238	1.0	0.9999969000184022
B2056c_baseline1_dfof-10perc_pyseas_1000iter_training_ica-filt-0306	0.9999940902317501	0.9999999981096811	0.9999998933881357	1.0	0.9999980276927736
B2056c_baseline1_dfof-10perc_pyseas_1000iter_training_ica-filt-0307	0.9999196097859624	0.9999999207686937	0.9999974749639765	1.0	0.9999731064720597
B2056c_baseline1_dfof-10perc_pyseas_1000iter_training_ica-filt-0308	0.9999517857241912	0.9999999993432951	0.9999964592182753	1.0	0.9999837848177767
B2056c_baseline1_dfof-10perc_pyseas_1000iter_training_ica-filt-0309	0.999994284263436	0.9999999131959412	0.9999999573608003	1.0	0.9999980939386511
B2056c_baseline1_dfof-10perc_pyseas_1000iter_training_ica-filt-0310	0.9969480065170735	0.5375891291878191	0.9999964407121967	1.0	0.9989825242025901
B2056c_baseline1_dfof-10perc_pyseas_1000iter_training_ica-filt-0311	0.999717781841796	0.9999987869914303	0.9963518350873304	0.95	0.9832367838038412
B2056c_baseline1_dfof-10perc_pyseas_1000iter_training_ica-filt-0312	0.999959560757854	0.9999999867717887	0.9999997583807005	1.0	0.9999865140405421
B2056c_baseline1_dfof-10perc_pyseas_1000iter_training_ica-filt-0313	0.9999556519574287	0.99999999583644	0.9999998846308932	1.0	0.999985214703872
B2056c_baseline1_dfof-10perc_pyseas_1000iter_training_ica-filt-0314	0.9999998461104628	0.9999999999999113	0.9999965055746844	1.0	0.9999998071461366
B2056c_baseline1_dfof-10perc_pyseas_1000iter_training_ica-filt-0315	0.9999924282389453	0.9999999977538715	0.999998002782754	1.0	0.9999974025155164
B2056c_baseline1_dfof-10perc_pyseas_1000iter_training_ica-filt-0316	0.9999827007802364	0.9999999399270455	0.9999992335539458	1.0	0.9999942096081079
B2056c_baseline1_dfof-10perc_pyseas_1000iter_training_ica-filt-0317	0.9999725110874376	0.999999966529576	0.999996480187809	1.0	0.9999906942678022
B2056c_baseline1_dfof-10perc_pyseas_1000iter_training_ica-filt-0318	0.9999983417307422	0.9999999999029576	0.9999995114350722	1.0	0.9999994330825265
B2056c_baseline1_dfof-10perc_pyseas_1000iter_training_ica-filt-0319	0.9999758700854849	0.9999980810927456	0.9999998408738153	1.0	0.9999919528848992
B2056c_baseline1_dfof-10perc_pyseas_1000iter_training_ica-filt-0320	0.9988590903773532	0.9991413922861039	0.9999964731827058	1.0	0.9996195536986247
B2056c_baseline1_dfof-10perc_pyseas_1000iter_training_ica-filt-0321	0.9999981225187617	0.9999999994921644	0.9999964474665347	1.0	0.9999992298575688
B2056c_baseline1_dfof-10perc_pyseas_1000iter_training_ica-filt-0322	0.00010152257213668661	9.176239228831008e-15	1.0000000994736041e-07	0.075	0.02503387419071555
B2056c_baseline1_dfof-10perc_pyseas_1000iter_training_ica-filt-0323	0.9999761469861773	0.9999999989183231	0.99999194263009	1.0	0.9999916728089216
B2056c_baseline1_dfof-10perc_pyseas_1000iter_training_ica-filt-0324	0.9999947897173405	0.999999989725506	0.9999987210408815	1.0	0.9999982195708962
B2056c_baseline1_dfof-10perc_pyseas_1000iter_training_ica-filt-0325	0.9999662133848906	0.9999998232027579	0.9999964273821317	1.0	0.9999885925245513
B2056c_baseline1_dfof-10perc_pyseas_1000iter_training_ica-filt-0326	0.9999784310928698	0.9999999911796672	0.9999990618178538	1.0	0.9999927799767531
B2056c_baseline1_dfof-10perc_pyseas_1000iter_training_ica-filt-0327	0.9999950174658762	0.9999999992774279	0.9999965094198583	1.0	0.9999981977801721
B2056c_baseline1_dfof-10perc_pyseas_1000iter_training_ica-filt-0328	0.9999920792698096	0.9999999949024972	0.9999999876704891	1.0	0.9999973595656502
B2056c_baseline1_dfof-10perc_pyseas_1000iter_training_ica-filt-0329	0.00027322050209870145	2.6696253417376903e-28	0.3738999849913613	0.05	0.11865330826151843
B2056c_baseline1_dfof-10perc_pyseas_1000iter_training_ica-filt-0330	0.9999941295503114	0.9999999935967968	0.9999999788473338	1.0	0.9999980428242785
B2056c_baseline1_dfof-10perc_pyseas_1000iter_training_ica-filt-0331	0.999993073107677	0.999999988191716	0.9999995395396414	1.0	0.9999976778233938
B2056c_baseline1_dfof-10perc_pyseas_1000iter_training_ica-filt-0332	0.9998941950456226	0.9999999562180629	0.9999964642283196	1.0	0.999964588162883
B2056c_baseline1_dfof-10perc_pyseas_1000iter_training_ica-filt-0333	0.9999161239806781	0.9999999776532625	0.9999995549256231	1.0	0.9999720286295631
B2056c_baseline1_dfof-10perc_pyseas_1000iter_training_ica-filt-0334	0.9999896838886814	0.9999999783114845	0.9944825766027859	1.0	0.999146173933937
B2056c_baseline1_dfof-10perc_pyseas_1000iter_training_ica-filt-0335	0.9999889813090594	0.9999999991278514	0.9999999747320458	1.0	0.999996326660793
B2056c_baseline1_dfof-10perc_pyseas_1000iter_training_ica-filt-0336	0.9992063553605317	0.9999999552430456	0.9854694118909944	1.0	0.9970799455663141
B2056c_baseline1_dfof-10perc_pyseas_1000iter_training_ica-filt-0337	0.9999791274346079	0.9999999987816413	0.9999999395664776	1.0	0.9999930412511278
B2056c_baseline1_dfof-10perc_pyseas_1000iter_training_ica-filt-0338	0.9999841154744153	0.9999999852949665	0.9999979126224432	1.0	0.9999946276934869
B2056c_baseline1_dfof-10perc_pyseas_1000iter_training_ica-filt-0339	0.9999870433648286	0.9999999996237907	0.9999997719279489	1.0	0.9999956753151737
B2056c_baseline1_dfof-10perc_pyseas_1000iter_training_ica-filt-0340	0.9999892920351531	0.9999999951948358	0.9999992190283892	1.0	0.9999964061602893
B2056c_baseline1_dfof-10perc_pyseas_1000iter_training_ica-filt-0341	0.9999775678490951	0.9999996627407272	0.999999998019691	1.0	0.9999925225939065
B2056c_baseline1_dfof-10perc_pyseas_1000iter_training_ica-filt-0342	0.9999935656429525	0.9999999994764509	0.9999995945316205	1.0	0.9999978438289929
B2056c_baseline1_dfof-10perc_pyseas_1000iter_training_ica-filt-0343	0.9999321701153984	0.9999922458366359	0.9999964797697686	1.0	0.9999772472572843
B2056c_baseline1_dfof-10perc_pyseas_1000iter_training_ica-filt-0344	0.9999939965400729	0.9999999873405728	0.9999986791700924	1.0	0.9999979535009791
B2056c_baseline1_dfof-10perc_pyseas_1000iter_training_ica-filt-0345	0.9999978929988619	0.9999999998797602	0.999998275610442	1.0	0.9999992357186441
B2056c_baseline1_dfof-10perc_pyseas_1000iter_training_ica-filt-0346	0.9999972581939867	0.999999897933053	0.999997887237218	1.0	0.9999990074965627
B2056c_baseline1_dfof-10perc_pyseas_1000iter_training_ica-filt-0347	0.9999430671125386	0.9999999791409275	0.9999983118788981	1.0	0.9999809619450385
B2056c_baseline1_dfof-10perc_pyseas_1000iter_training_ica-filt-0348	0.999988894391609	0.999999996812143	0.9999966950020137	1.0	0.999996165509425
B2056c_baseline1_dfof-10perc_pyseas_1000iter_training_ica-filt-0349	0.9999679435718472	0.9999999865699306	0.9999999086756083	1.0	0.999989312534538
B2056c_baseline1_dfof-10perc_pyseas_1000iter_training_ica-filt-0350	2.4633158544738098e-05	2.16780878025217e-29	1.0000000994736041e-07	0.025	0.008341577719518229
B2056c_baseline1_dfof-10perc_pyseas_1000iter_training_ica-filt-0351	0.9999996044078265	0.9999999999986624	0.9999991837095034	1.0	0.999999842315372
B2056c_baseline1_dfof-10perc_pyseas_1000iter_training_ica-filt-0352	0.999975485438979	0.9999999987498357	0.9962930207248522	1.0	0.9999892567549303
B2056c_baseline1_dfof-10perc_pyseas_1000iter_training_ica-filt-0353	0.9999977641741287	0.9999999999176765	0.999998780016754	1.0	0.9999992134034182
B2056c_baseline1_dfof-10perc_pyseas_1000iter_training_ica-filt-0354	0.9999881983816953	0.9999999907528637	0.9999999905985619	1.0	0.9999960659882007
B2056c_baseline1_dfof-10perc_pyseas_1000iter_training_ica-filt-0355	0.9999951477660214	0.9999999993749693	0.9999996697032334	1.0	0.9999983736323514
B2056c_baseline1_dfof-10perc_pyseas_1000iter_training_ica-filt-0356	0.9999865825925413	0.9999999978654461	0.9999964624415877	1.0	0.9999953839269979
B2056c_baseline1_dfof-10perc_pyseas_1000iter_training_ica-filt-0357	0.9997050742453957	0.9999989732314449	0.9999965190059269	1.0	0.9999015504941681
B2056c_baseline1_dfof-10perc_pyseas_1000iter_training_ica-filt-0358	0.9999920594280657	0.9999999969553511	0.9999999593660895	1.0	0.999997352371583
B2056c_baseline1_dfof-10perc_pyseas_1000iter_training_ica-filt-0359	0.9999920053166941	0.9999999991152251	0.99999918809166	1.0	0.999997309447128
B2056c_baseline1_dfof-10perc_pyseas_1000iter_training_ica-filt-0360	0.9999936163864844	0.9999999899753292	0.9999993286804224	1.0	0.9999978515890134
B2056c_baseline1_dfof-10perc_pyseas_1000iter_training_ica-filt-0361	0.9999494380434806	0.9999997939045606	0.9937247383157681	1.0	0.9989940302329883
B2056c_baseline1_dfof-10perc_pyseas_1000iter_training_ica-filt-0362	0.9999749269737586	0.9999999971739958	0.9999988931096536	1.0	0.9999916054493267
B2056c_baseline1_dfof-10perc_pyseas_1000iter_training_ica-filt-0363	0.999983149645559	0.9999998970300243	0.999996475270727	1.0	0.9999942402204752
B2056c_baseline1_dfof-10perc_pyseas_1000iter_training_ica-filt-0364	0.9999982543749945	0.9999999999169464	0.9931070242275324	0.975	0.9988949865551123
B2056c_baseline1_dfof-10perc_pyseas_1000iter_training_ica-filt-0365	0.9999930144900678	0.9999999994308055	0.9999997910584838	1.0	0.9999976662560677
B2056c_baseline1_dfof-10perc_pyseas_1000iter_training_ica-filt-0366	0.9999215029651123	0.9999998351412861	0.9999964771597898	1.0	0.9999736914166556
B2056c_baseline1_dfof-10perc_pyseas_1000iter_training_ica-filt-0367	0.9999988269781439	0.9999998168445776	0.9792236725662512	1.0	0.9959506616191564
B2056c_baseline1_dfof-10perc_pyseas_1000iter_training_ica-filt-0368	0.9999427656340174	0.9999998647798595	0.9999964487430516	1.0	0.9999807776233244
B2056c_baseline1_dfof-10perc_pyseas_1000iter_training_ica-filt-0369	0.9999928580774076	0.9999999981834887	0.9999953851342716	1.0	0.9999974233630895
B2056c_baseline1_dfof-10perc_pyseas_1000iter_training_ica-filt-0370	0.9999625168290156	0.9999999077227358	0.9999976721165322	1.0	0.9999874176022766
B2056c_baseline1_dfof-10perc_pyseas_1000iter_training_ica-filt-0371	0.9998855123006454	0.9999999138624764	0.9999998781983328	0.975	0.9999618346468243
B2056c_baseline1_dfof-10perc_pyseas_1000iter_training_ica-filt-0372	0.999988820227973	0.9999999996807906	0.9999992005168233	1.0	0.9999962482097892
B2056c_baseline1_dfof-10perc_pyseas_1000iter_training_ica-filt-0373	0.9999998315125047	0.9999999999995435	0.9999964343076623	1.0	0.9999997988965178
B2056c_baseline1_dfof-10perc_pyseas_1000iter_training_ica-filt-0374	0.9999692342021542	0.9999999973657889	0.9999995409741743	1.0	0.9999897315697107
B2056c_baseline1_dfof-10perc_pyseas_1000iter_training_ica-filt-0375	0.9996663340584228	0.9999999293092711	0.9999964790809518	1.0	0.9998886352056034
B2056c_baseline1_dfof-10perc_pyseas_1000iter_training_ica-filt-0376	0.9999592326920699	0.9999999966862082	0.9999980484506117	1.0	0.9999863392976011
B2056c_baseline1_dfof-10perc_pyseas_1000iter_training_ica-filt-0377	0.9939706405955763	0.8938808569156118	0.9999915141380886	1.0	0.9979898138380415
B2056c_baseline1_dfof-10perc_pyseas_1000iter_training_ica-filt-0378	0.9999570229122446	0.9999999369722323	0.999999641884682	1.0	0.9999856644588011
B2056c_baseline1_dfof-10perc_pyseas_1000iter_training_ica-filt-0379	0.9999763202991033	0.9999999909665417	0.9999999825532551	1.0	0.9999921064796972
B2056c_baseline1_dfof-10perc_pyseas_1000iter_training_ica-filt-0380	0.9999936298938649	0.9999999863644896	0.9999987056266982	0.975	0.9999978323465933
B2056c_baseline1_dfof-10perc_pyseas_1000iter_training_ica-filt-0381	0.9999856345200286	0.9999999937925425	0.9999991719714422	1.0	0.9999951852510867
B2056c_baseline1_dfof-10perc_pyseas_1000iter_training_ica-filt-0382	0.9999976574511812	0.9999999999212275	0.9999816148821916	1.0	0.9999982317742907
B2056c_baseline1_dfof-10perc_pyseas_1000iter_training_ica-filt-0383	0.9999814708992995	0.999999981117343	0.999999994428733	1.0	0.999993823557738
B2056c_baseline1_dfof-10perc_pyseas_1000iter_training_ica-filt-0384	0.999999816201899	0.10275648707497535	0.9967556520132357	0.9	0.9666647255050337
B2056c_baseline1_dfof-10perc_pyseas_1000iter_training_ica-filt-0385	0.9999846329956528	0.9999999982285832	0.9999964706044419	1.0	0.999994734448991
B2056c_baseline1_dfof-10perc_pyseas_1000iter_training_ica-filt-0386	0.9999967229244132	0.9999999997398401	0.999999790982885	1.0	0.9999989023986303
B2056c_baseline1_dfof-10perc_pyseas_1000iter_training_ica-filt-0387	0.999942755728006	0.999999998544606	0.9999999708015985	1.0	0.9999809180522429
B2056c_baseline1_dfof-10perc_pyseas_1000iter_training_ica-filt-0388	0.999892194460229	0.9999999967909564	0.9999999961994327	1.0	0.9999640647719102
B2056c_baseline1_dfof-10perc_pyseas_1000iter_training_ica-filt-0389	0.9999715575719167	0.9999999984437197	0.9999988844423421	1.0	0.9999904819772724
B2056c_baseline1_dfof-10perc_pyseas_1000iter_training_ica-filt-0390	0.9999969268150191	0.9999999993148698	0.9999964658815184	1.0	0.9999988321645249
B2056c_baseline1_dfof-10perc_pyseas_1000iter_training_ica-filt-0391	0.9999971582940532	0.9999999993778754	0.9999999077977679	1.0	0.999999050752875
B2056c_baseline1_dfof-10perc_pyseas_1000iter_training_ica-filt-0392	0.9999976336886359	0.9999999996256701	0.9999997446275296	1.0	0.9999992046016827
B2056c_baseline1_dfof-10perc_pyseas_1000iter_training_ica-filt-0393	0.9999971465175206	0.9999992567927167	0.9999990624430416	1.0	0.9999990184753313
B2056c_baseline1_dfof-10perc_pyseas_1000iter_training_ica-filt-0394	0.999991566669519	0.9999999993468123	0.9999998738772666	1.0	0.9999971859870677
B2056c_baseline1_dfof-10perc_pyseas_1000iter_training_ica-filt-0395	0.9999970864723952	0.9999999997923847	0.9999994817112364	1.0	0.9999990136497202
B2056c_baseline1_dfof-10perc_pyseas_1000iter_training_ica-filt-0396	0.9999956113384786	0.9999999862901757	0.9999988122791713	1.0	0.9999984970673234
B2056c_baseline1_dfof-10perc_pyseas_1000iter_training_ica-filt-0397	0.9999054871629579	0.9999999809080082	0.9999981422966597	1.0	0.999968428133312
B2056c_baseline1_dfof-10perc_pyseas_1000iter_training_ica-filt-0398	0.9999877674091697	0.9999999991517097	0.9999995897148196	1.0	0.9999959109259575
B2056c_baseline1_dfof-10perc_pyseas_1000iter_training_ica-filt-0399	0.9999876773988511	0.9999999960592182	0.9999964909882245	1.0	0.9999957502173392
B2056c_baseline1_dfof-10perc_pyseas_1000iter_training_ica-filt-0400	0.9999088390673464	0.9999999068588705	0.9999964581205039	1.0	0.9999694692133465
B2056c_baseline1_dfof-10perc_pyseas_1000iter_training_ica-filt-0401	0.9999140688751869	0.9999999639261155	0.9999967509980964	1.0	0.9999712262958328
B2056c_baseline1_dfof-10perc_pyseas_1000iter_training_ica-filt-0402	0.999900227957212	0.9999758700346336	0.9999999166262218	1.0	0.999966740864151
B2056c_baseline1_dfof-10perc_pyseas_1000iter_training_ica-filt-0403	0.9999946423730339	0.9999999997290647	0.9999999756044464	1.0	0.9999982136999344
B2056c_baseline1_dfof-10perc_pyseas_1000iter_training_ica-filt-0404	0.9999968055486663	0.9999999253189753	0.9999992021887599	1.0	0.9999989100450115
B2056c_baseline1_dfof-10perc_pyseas_1000iter_training_ica-filt-0405	0.9999847058713767	0.9999997151079716	0.9999970629805026	1.0	0.9999947864439077
B2056c_baseline1_dfof-10perc_pyseas_1000iter_training_ica-filt-0406	0.9999994454837047	0.9999999999221726	0.9999965133591364	1.0	0.9999996739727705
B2056c_baseline1_dfof-10perc_pyseas_1000iter_training_ica-filt-0407	0.9999979583208345	0.9999999959260536	0.9999989906533827	1.0	0.9999992863383959
B2056c_baseline1_dfof-10perc_pyseas_1000iter_training_ica-filt-0408	0.9999504527524318	0.9999999988926405	0.9999940117618765	1.0	0.9999832184149651
B2056c_baseline1_dfof-10perc_pyseas_1000iter_training_ica-filt-0409	0.999996745363264	0.999999999681215	0.9999996914348276	1.0	0.9999989068504447
B2056c_baseline1_dfof-10perc_pyseas_1000iter_training_ica-filt-0410	0.9999892631201248	0.9999999993982805	0.9999986943225253	1.0	0.9999963763024503
B2056c_baseline1_dfof-10perc_pyseas_1000iter_training_ica-filt-0411	0.9999931874803692	0.9999999825876105	0.9999965269631294	1.0	0.9999975886159839
B2056c_baseline1_dfof-10perc_pyseas_1000iter_training_ica-filt-0412	0.999995122974548	0.9999999995195382	0.9999998585864704	1.0	0.9999983710060941
B2056c_baseline1_dfof-10perc_pyseas_1000iter_training_ica-filt-0413	0.9999965076855514	0.9999999997442296	0.9999964663445077	1.0	0.9999986924766883
B2056c_baseline1_dfof-10perc_pyseas_1000iter_training_ica-filt-0414	0.999992644719591	0.9999999995957953	0.9999997061849502	1.0	0.9999975404299898
B2056c_baseline1_dfof-10perc_pyseas_1000iter_training_ica-filt-0415	0.9988724030851268	0.9999997781759313	0.8742584518643267	1.0	0.9651226850900668
B2056c_baseline1_dfof-10perc_pyseas_1000iter_training_ica-filt-0416	0.9911373796577264	0.018518600706293693	0.951605574763668	0.95	0.9860160818780576
B2056c_baseline1_dfof-10perc_pyseas_1000iter_training_ica-filt-0417	0.9999971445560881	0.9999999985310667	0.9999991482990062	1.0	0.9999990210492763
B2056c_baseline1_dfof-10perc_pyseas_1000iter_training_ica-filt-0418	0.9999899094326055	0.9999999781124312	0.9999964698050745	1.0	0.9999964932233564
B2056c_baseline1_dfof-10perc_pyseas_1000iter_training_ica-filt-0419	0.9999633541012642	0.9999995450727243	0.9999964668075658	1.0	0.9999876413039147
B2056c_baseline1_dfof-10perc_pyseas_1000iter_training_ica-filt-0420	0.9990047729213768	0.9999981383970704	0.9966129990302636	1.0	0.9996661776778252
B2056c_baseline1_dfof-10perc_pyseas_1000iter_training_ica-filt-0421	0.9999957713583714	0.999999999495147	0.9999999265224558	1.0	0.9999985889103568
B2056c_baseline1_dfof-10perc_pyseas_1000iter_training_ica-filt-0422	0.9999667908566323	0.9999999978317239	0.9999972980748584	1.0	0.9999888255156076
B2056c_baseline1_dfof-10perc_pyseas_1000iter_training_ica-filt-0423	0.9999337940530556	0.9999823881148543	0.9942553577005417	1.0	0.9990862833498158
B2056c_baseline1_dfof-10perc_pyseas_1000iter_training_ica-filt-0424	0.9999658829537471	0.9999999600941125	0.9999995468248586	1.0	0.9999886146830527
B2056c_baseline1_dfof-10perc_pyseas_1000iter_training_ica-filt-0425	0.9999925668441716	0.999999996487473	0.9999996827876544	1.0	0.9999975137388634
B2056c_baseline1_dfof-10perc_pyseas_1000iter_training_ica-filt-0426	0.9999828917661385	0.9999999991720525	0.9999998177344419	1.0	0.9999942927889546
B2056c_baseline1_dfof-10perc_pyseas_1000iter_training_ica-filt-0427	0.9999757538660736	0.9999999975713597	0.9871415268274577	1.0	0.9976925972912621
B2056c_baseline1_dfof-10perc_pyseas_1000iter_training_ica-filt-0428	0.9999891144283735	0.9999999957208524	0.9999964619186981	1.0	0.9999962278474402
B2056c_baseline1_dfof-10perc_pyseas_1000iter_training_ica-filt-0429	0.9999879814740376	0.9999999958370688	0.999996513613011	1.0	0.999995852648243
B2056c_baseline1_dfof-10perc_pyseas_1000iter_training_ica-filt-0430	0.9999947654103741	0.9999999957742532	0.9999998065938237	1.0	0.999998250349235
B2056c_baseline1_dfof-10perc_pyseas_1000iter_training_ica-filt-0431	0.9999275659850331	0.9999999708661176	0.9999964729963224	1.0	0.9999757122256702
B2056c_baseline1_dfof-10perc_pyseas_1000iter_training_ica-filt-0432	0.9999868036144488	0.9999999972904945	0.9999999923438508	1.0	0.9999956010954882
B2056c_baseline1_dfof-10perc_pyseas_1000iter_training_ica-filt-0433	0.9999788361808134	0.9999999978190708	0.9999993468415636	1.0	0.99999292550253
B2056c_baseline1_dfof-10perc_pyseas_1000iter_training_ica-filt-0434	0.999976158477617	0.9999999755043841	0.9999964990621459	1.0	0.9999919109598002
B2056c_baseline1_dfof-10perc_pyseas_1000iter_training_ica-filt-0435	0.9999908515925553	0.9999999982078444	0.9999997831124787	1.0	0.9999969450562416
B2056c_baseline1_dfof-10perc_pyseas_1000iter_training_ica-filt-0436	0.9999970267711705	0.9999999992332606	0.9999995664911266	1.0	0.9999989966116568
B2056c_baseline1_dfof-10perc_pyseas_1000iter_training_ica-filt-0437	0.9999899932634336	0.9999997796453849	0.9999965116086906	1.0	0.9999965231497429
B2056c_baseline1_dfof-10perc_pyseas_1000iter_training_ica-filt-0438	0.9999806559186186	0.9999999949994046	0.9999988403622125	1.0	0.9999935130331061
B2056c_baseline1_dfof-10perc_pyseas_1000iter_training_ica-filt-0439	0.9999228094775032	0.9999999163981155	0.9880188498302216	0.975	0.9978585323358248
B2056c_baseline1_dfof-10perc_pyseas_1000iter_training_ica-filt-0440	0.9999945520735918	0.9999999994864446	0.9999997569678578	1.0	0.9999981777699233
B2056c_baseline1_dfof-10perc_pyseas_1000iter_training_ica-filt-0441	0.9999911236928233	0.9999999955091444	0.999996937628109	1.0	0.9999969199286015
B2056c_baseline1_dfof-10perc_pyseas_1000iter_training_ica-filt-0442	0.999967469431937	0.9999999847685219	0.9999997695002754	1.0	0.9999891505984803
B2056c_baseline1_dfof-10perc_pyseas_1000iter_training_ica-filt-0443	0.9999410210678789	0.9999999901055646	0.9999906739426586	1.0	0.9999798939889124
B2056c_baseline1_dfof-10perc_pyseas_1000iter_training_ica-filt-0444	0.9999772903502138	0.999999990958024	0.9999947795584135	1.0	0.9999922037066019
B2056c_baseline1_dfof-10perc_pyseas_1000iter_training_ica-filt-0445	0.9999983155763212	0.9999999997134258	0.9999987115765883	1.0	0.9999993944788551
B2056c_baseline1_dfof-10perc_pyseas_1000iter_training_ica-filt-0446	0.999996153190574	0.9999999853221412	0.9999965137469757	1.0	0.9999985765601022
B2056c_baseline1_dfof-10perc_pyseas_1000iter_training_ica-filt-0447	0.9999831938275677	0.9999805597069195	0.9999965315538539	1.0	0.9999942576157168
B2056c_baseline1_dfof-10perc_pyseas_1000iter_training_ica-filt-0448	0.9999986745426237	0.999999999773932	0.9999965166260408	1.0	0.9999994171471794
B2056c_baseline1_dfof-10perc_pyseas_1000iter_training_ica-filt-0449	0.9999902875866891	0.9999999977264196	0.9999998519765111	1.0	0.9999967590278812
B2056c_baseline1_dfof-10perc_pyseas_1000iter_training_ica-filt-0450	0.9999778299700143	0.999999998732914	0.9999985470392471	1.0	0.9999925592922677
B2056c_baseline1_dfof-10perc_pyseas_1000iter_training_ica-filt-0451	0.9999933725483022	0.9999999899934907	0.9999998326041941	1.0	0.99999778680642
B2056c_baseline1_dfof-10perc_pyseas_1000iter_training_ica-filt-0452	0.9999803602942873	0.9999999417246119	0.9999964357634448	1.0	0.999993308559679
B2056c_baseline1_dfof-10perc_pyseas_1000iter_training_ica-filt-0453	0.9999916245934958	0.9999999966835934	0.9999987726389341	1.0	0.9999971665839786
B2056c_baseline1_dfof-10perc_pyseas_1000iter_training_ica-filt-0454	0.999995503033091	0.9999999723944417	0.9933151189337976	1.0	0.998933130658545
B2056c_baseline1_dfof-10perc_pyseas_1000iter_training_ica-filt-0455	0.999993881733418	0.9999997290163462	0.9999964991817547	1.0	0.9999978187174047
B2056c_baseline1_dfof-10perc_pyseas_1000iter_training_ica-filt-0456	0.9997371031633144	0.9999929716264304	0.9999997400609979	1.0	0.9999123609543309
B2056c_baseline1_dfof-10perc_pyseas_1000iter_training_ica-filt-0457	0.0036472907699418057	1.3269214183229998e-14	1.0000000994736041e-07	0.025	0.026215796923317252
B2056c_baseline1_dfof-10perc_pyseas_1000iter_training_ica-filt-0458	0.9999945790786351	0.9999999991873292	0.9999998938927432	1.0	0.9999981906549383
B2056c_baseline1_dfof-10perc_pyseas_1000iter_training_ica-filt-0459	0.9999729807420716	0.9999999919082382	0.9999999056116324	1.0	0.9999909915129434
B2056c_baseline1_dfof-10perc_pyseas_1000iter_training_ica-filt-0460	0.9996702715879051	0.9999332994342541	0.9999964561732632	1.0	0.9998899466276908
B2056c_baseline1_dfof-10perc_pyseas_1000iter_training_ica-filt-0461	0.9999498423967751	0.99999999022055	0.9906184850128059	1.0	0.9983966521479538
B2056c_baseline1_dfof-10perc_pyseas_1000iter_training_ica-filt-0462	0.9999955520230195	0.9999997784021095	0.9999964945119563	1.0	0.9999983752591789
B2056c_baseline1_dfof-10perc_pyseas_1000iter_training_ica-filt-0463	0.1258479518243521	1.2672537318043085e-18	0.21579772158342828	0.05	0.13030331771370607
B2056c_baseline1_dfof-10perc_pyseas_1000iter_training_ica-filt-0464	0.999988631462332	0.999999993744643	0.9999992202761295	1.0	0.9999961860151821
B2056c_baseline1_dfof-10perc_pyseas_1000iter_training_ica-filt-0465	0.9835171532011456	0.99797887905973	0.999996477569163	1.0	0.9945055748480961
B2056c_baseline1_dfof-10perc_pyseas_1000iter_training_ica-filt-0466	0.9999960920862235	0.9999999984320757	0.9999983695195409	1.0	0.9999986393434277
B2056c_baseline1_dfof-10perc_pyseas_1000iter_training_ica-filt-0467	0.9691503694111439	0.1789931537907964	0.479104216849786	0.975	0.7974040647945458
B2056c_baseline1_dfof-10perc_pyseas_1000iter_training_ica-filt-0468	0.999714186838207	0.9999943636458914	0.9999999269232289	1.0	0.9999047274134769
B2056c_baseline1_dfof-10perc_pyseas_1000iter_training_ica-filt-0469	0.9999931235905417	0.9999999922194044	0.9999994865807436	1.0	0.9999976928558093
B2056c_baseline1_dfof-10perc_pyseas_1000iter_training_ica-filt-0470	0.9999288078069577	0.9999908310268207	0.9999998514751042	1.0	0.9999762657540877
B2056c_baseline1_dfof-10perc_pyseas_1000iter_training_ica-filt-0471	0.9999963937038929	0.9999999061514044	0.9999964592205752	1.0	0.9999986541444531
B2056c_baseline1_dfof-10perc_pyseas_1000iter_training_ica-filt-0472	0.999991825319721	0.9999999952190884	0.9999973365869899	1.0	0.9999971720818133
B2056c_baseline1_dfof-10perc_pyseas_1000iter_training_ica-filt-0473	0.9996227102248303	0.9999566665346595	0.9999919025720384	1.0	0.9998738583663335
B2056c_baseline1_dfof-10perc_pyseas_1000iter_training_ica-filt-0474	0.9999999336387855	0.013147835565818965	0.9999964710183521	0.975	0.9833331680163528
B2056c_baseline1_dfof-10perc_pyseas_1000iter_training_ica-filt-0475	0.9920652253348795	0.900922055989399	0.9999964908372566	1.0	0.9973549328555215
B2056c_baseline1_dfof-10perc_pyseas_1000iter_training_ica-filt-0476	0.937816770883348	0.008669184469194235	0.8317812671160082	0.875	0.8970145154436681
B2056c_baseline1_dfof-10perc_pyseas_1000iter_training_ica-filt-0477	0.9995146075025824	0.9978790725498389	0.5724662650527641	1.0	0.8522605953921273
B2056c_baseline1_dfof-10perc_pyseas_1000iter_training_ica-filt-0478	0.9673232819568729	0.20080986001119727	0.9999964763840078	1.0	0.9807742843770884
B2056c_baseline1_dfof-10perc_pyseas_1000iter_training_ica-filt-0479	0.982603140067249	0.0068612182340698534	0.9999964979942745	0.975	0.9358675714390468
B2056c_baseline1_dfof-10perc_pyseas_1000iter_training_ica-filt-0480	0.9998204109343768	0.9999999339711274	0.9999964575130581	1.0	0.999939993140166
B2056c_baseline1_dfof-10perc_pyseas_1000iter_training_ica-filt-0481	0.9996647663449577	0.9999999128524205	0.9934191386717388	1.0	0.9988423300847761
B2056c_baseline1_dfof-10perc_pyseas_1000iter_training_ica-filt-0482	0.9998661145137309	0.9999999229568098	0.9999983933574874	1.0	0.9999553144772463
B2056c_baseline1_dfof-10perc_pyseas_1000iter_training_ica-filt-0483	0.9998447619536578	0.9999849383056275	0.9999998636204237	1.0	0.9999482508036349
B2056c_baseline1_dfof-10perc_pyseas_1000iter_training_ica-filt-0484	0.9999800076719014	0.9999999940801328	0.9999998924109244	1.0	0.9999933334805583
B2056c_baseline1_dfof-10perc_pyseas_1000iter_training_ica-filt-0485	0.9999996364572572	0.9999999721858122	0.9999964840826139	1.0	0.9999997362425525
B2056c_baseline1_dfof-10perc_pyseas_1000iter_training_ica-filt-0486	0.9999524751396676	0.9999986332679992	0.9999964367086677	1.0	0.9999840135530893
B2056c_baseline1_dfof-10perc_pyseas_1000iter_training_ica-filt-0487	0.9998429528531119	0.9999757307688957	0.9999965229687263	1.0	0.9999475102177557
B2056c_baseline1_dfof-10perc_pyseas_1000iter_training_ica-filt-0488	0.9999906577647872	0.9999999939824155	0.9999997173497207	1.0	0.9999968784578916
B2056c_baseline1_dfof-10perc_pyseas_1000iter_training_ica-filt-0489	0.9999933267190017	0.9999917546149633	0.9999992205527117	1.0	0.9999977511108966
B2056c_baseline1_dfof-10perc_pyseas_1000iter_training_ica-filt-0490	0.9980457217944986	0.9999830722319069	0.9999964682841613	1.0	0.9993484306051071
B2056c_baseline1_dfof-10perc_pyseas_1000iter_training_ica-filt-0491	0.9999248802806491	0.9999938461803584	0.9999974777538986	1.0	0.9999748634287413
B2056c_baseline1_dfof-10perc_pyseas_1000iter_training_ica-filt-0492	0.9999766298442258	0.9999999743303615	0.9999996843240972	1.0	0.9999922014539501
B2056c_baseline1_dfof-10perc_pyseas_1000iter_training_ica-filt-0493	0.9251277155254173	0.7824929128688279	0.6696873945998582	1.0	0.8573134616644218
B2056c_baseline1_dfof-10perc_pyseas_1000iter_training_ica-filt-0494	0.9999964901875604	0.9999999871673496	0.9999965041285662	1.0	0.9999986884366256
B2056c_baseline1_dfof-10perc_pyseas_1000iter_training_ica-filt-0495	0.9992685543363058	0.9996678773543848	0.9999964504232064	1.0	0.9997560406039362
B2056c_baseline1_dfof-10perc_pyseas_1000iter_training_ica-filt-0496	0.9999832871040594	0.9999999059254536	0.9999869262126272	1.0	0.9999937663628368
B2056c_baseline1_dfof-10perc_pyseas_1000iter_training_ica-filt-0497	0.999983782793437	0.9999997548658967	0.9999993090977267	1.0	0.9999945730217918
B2056c_baseline1_dfof-10perc_pyseas_1000iter_training_ica-filt-0498	0.9999853995035825	0.9999999169012046	0.9999964982852403	1.0	0.9999949912649537
B2056c_baseline1_dfof-10perc_pyseas_1000iter_training_ica-filt-0499	0.9999960219759924	0.9999999707502281	0.9999981816912974	1.0	0.9999986080783693
B2056c_baseline1_dfof-10perc_pyseas_1000iter_training_ica-filt-0500	0.9998836411358151	0.9999996653416218	0.9973977731272372	1.0	0.9999600939336338
B2056c_baseline1_dfof-10perc_pyseas_1000iter_training_ica-filt-0501	0.9997477201125111	0.9999314851714396	0.9999982755700144	1.0	0.9999158447548279
B2056c_baseline1_dfof-10perc_pyseas_1000iter_training_ica-filt-0502	0.99920235061882	0.9991551551311605	0.9999964732104403	1.0	0.9997339737804302
B2056c_baseline1_dfof-10perc_pyseas_1000iter_training_ica-filt-0503	0.988342841407178	0.23088693479255995	0.9999965088606569	0.975	0.9877808057341065
B2056c_baseline1_dfof-10perc_pyseas_1000iter_training_ica-filt-0504	0.9999257848590221	0.9999925924456224	0.9999964777956072	1.0	0.999975118744802
B2056c_baseline1_dfof-10perc_pyseas_1000iter_training_ica-filt-0505	0.9999909810824099	0.9999998834962704	0.9999964892061923	1.0	0.9999968513606664
B2056c_baseline1_dfof-10perc_pyseas_1000iter_training_ica-filt-0506	0.9976830349930915	0.9991830319416721	0.9999993307277459	1.0	0.9992276578644997
B2056c_baseline1_dfof-10perc_pyseas_1000iter_training_ica-filt-0507	0.9999853591646715	0.9999998268876461	0.9999997830566343	1.0	0.9999951142452973
B2056c_baseline1_dfof-10perc_pyseas_1000iter_training_ica-filt-0508	0.9885519060240943	0.40666450518592245	0.9999999447069907	0.975	0.9878506342355399
B2056c_baseline1_dfof-10perc_pyseas_1000iter_training_ica-filt-0509	0.9999608541349992	0.9999967599438068	0.9999964762065019	0.975	0.9999868084280387
B2056c_baseline1_dfof-10perc_pyseas_1000iter_training_ica-filt-0510	0.8219532198890381	0.010729291529882496	0.9999965113392969	0.875	0.9156509320121797
B2056c_baseline1_dfof-10perc_pyseas_1000iter_training_ica-filt-0511	0.9962714425554625	0.0014380256060555032	0.5928279970038217	0.775	0.8091243352853921
B2056c_baseline1_dfof-10perc_pyseas_1000iter_training_ica-filt-0512	0.9999344243449234	0.9986684661534181	0.9999964443449838	1.0	0.9999779969845791
B2056c_baseline1_dfof-10perc_pyseas_1000iter_training_ica-filt-0513	0.9999684040946619	0.9957055123802375	0.9950298809410187	0.975	0.9999843406016947
B2056c_baseline1_dfof-10perc_pyseas_1000iter_training_ica-filt-0514	0.9999894636743517	0.9989742149730872	0.9999964759349433	1.0	0.9999963449282668
B2056c_baseline1_dfof-10perc_pyseas_1000iter_training_ica-filt-0515	0.9999650333706533	0.9999983912222784	0.9999887922991798	1.0	0.999987791028304
B2056c_baseline1_dfof-10perc_pyseas_1000iter_training_ica-filt-0516	0.9990841773057394	0.9980882447838887	0.999999272208433	1.0	0.999694703192675
B2056c_baseline1_dfof-10perc_pyseas_1000iter_training_ica-filt-0517	0.9975677853259407	0.9996528189696782	0.9999999126924541	1.0	0.9991892598879225
B2056c_baseline1_dfof-10perc_pyseas_1000iter_training_ica-filt-0518	0.9999315482472382	0.9999993846982733	0.9999998300666313	1.0	0.9999771786342465
B2056c_baseline1_dfof-10perc_pyseas_1000iter_training_ica-filt-0519	0.9981751936352029	0.9920834706178077	0.999996493369222	0.95	0.9910582557423809
B2056c_baseline1_dfof-10perc_pyseas_1000iter_training_ica-filt-0520	0.9996442368349222	0.9999081385122917	0.9999964988828748	0.95	0.9998812704037358
B2056c_baseline1_dfof-10perc_pyseas_1000iter_training_ica-filt-0521	0.9964009250081517	0.9953895021555932	0.9999997265309463	1.0	0.9988003011552801
B2056c_baseline1_dfof-10perc_pyseas_1000iter_training_ica-filt-0522	0.9999750821905529	0.999999607157604	0.9999964598947113	1.0	0.999991550338696
B2056c_baseline1_dfof-10perc_pyseas_1000iter_training_ica-filt-0523	0.9999844232377185	0.99999993956801	0.9999986361727737	1.0	0.9999947606681308
B2056c_baseline1_dfof-10perc_pyseas_1000iter_training_ica-filt-0524	0.9999850221176536	0.9999999337473704	0.9999971602928905	1.0	0.9999948963247199
B2056c_baseline1_dfof-10perc_pyseas_1000iter_training_ica-filt-0525	0.991560400262964	0.4645258219680785	0.9999964602072567	0.975	0.9805199897110125
B2056c_baseline1_dfof-10perc_pyseas_1000iter_training_ica-filt-0526	0.9999887344048549	0.9999997650459856	0.9999996247990222	1.0	0.9999962344044372
B2056c_baseline1_dfof-10perc_pyseas_1000iter_training_ica-filt-0527	0.9826959091798406	0.6292446594751671	0.9999994489062964	1.0	0.994231953422278
B2056c_baseline1_dfof-10perc_pyseas_1000iter_training_ica-filt-0528	0.999936258219697	0.9999971922071789	0.9917571462340361	0.975	0.9986160340291638
B2056c_baseline1_dfof-10perc_pyseas_1000iter_training_ica-filt-0529	0.9984366850573436	0.999497365495889	0.9999976420340241	1.0	0.9994788056795415
B2056c_baseline1_dfof-10perc_pyseas_1000iter_training_ica-filt-0530	0.9755294638640337	0.8765565268769285	0.9999999430435108	0.975	0.9835098201431514
B2056c_baseline1_dfof-10perc_pyseas_1000iter_training_ica-filt-0531	0.9997281165390399	0.9999310550030835	0.999996493232352	1.0	0.9915758967038357
B2056c_baseline1_dfof-10perc_pyseas_1000iter_training_ica-filt-0532	0.9999858992137807	0.9999998936664841	0.9999965055485474	1.0	0.999995158179337
B2056c_baseline1_dfof-10perc_pyseas_1000iter_training_ica-filt-0533	0.9840052691371225	0.904394144400766	0.9999964457435474	1.0	0.9863349453151263
B2056c_baseline1_dfof-10perc_pyseas_1000iter_training_ica-filt-0534	0.9996069275921728	0.9998846296233476	0.9999956284545264	1.0	0.9998687919033965
B2056c_baseline1_dfof-10perc_pyseas_1000iter_training_ica-filt-0535	0.999969297230612	0.999988993693259	0.9999964789845248	1.0	0.9999896229250903
B2056c_baseline1_dfof-10perc_pyseas_1000iter_training_ica-filt-0536	0.9999835833203099	0.999999899461441	0.9999976548853571	1.0	0.9999944390033292
B2056c_baseline1_dfof-10perc_pyseas_1000iter_training_ica-filt-0537	0.9999846076113271	0.9999990232704575	0.9999981755833072	1.0	0.9999948030309934
B2056c_baseline1_dfof-10perc_pyseas_1000iter_training_ica-filt-0538	0.8953806448072413	7.802043777243279e-09	0.9999964897424989	0.775	0.9567934059610493
B2056c_baseline1_dfof-10perc_pyseas_1000iter_training_ica-filt-0539	0.9804274629995852	0.5997256672922954	0.9999964454155118	0.975	0.9851423432536878
B2056c_baseline1_dfof-10perc_pyseas_1000iter_training_ica-filt-0540	0.9999066065406695	0.9999861768617881	0.9999998326367502	1.0	0.9999688648047961
B2056c_baseline1_dfof-10perc_pyseas_1000iter_training_ica-filt-0541	0.9999853957504177	0.9999999423935594	0.9958921001097878	1.0	0.9999918575752377
B2056c_baseline1_dfof-10perc_pyseas_1000iter_training_ica-filt-0542	0.9995833935543814	0.9998585371273264	0.9999964963097618	0.975	0.9915276558548848
B2056c_baseline1_dfof-10perc_pyseas_1000iter_training_ica-filt-0543	0.999987861939582	0.999999918916078	0.9999967872456463	1.0	0.9999958256792413
B2056c_baseline1_dfof-10perc_pyseas_1000iter_training_ica-filt-0544	0.9828032593539028	0.7617496274792578	0.9999987764163019	0.925	0.9859343783206072
B2056c_baseline1_dfof-10perc_pyseas_1000iter_training_ica-filt-0545	0.9849959760771656	0.23542545886484167	0.9999999442315998	1.0	0.9949986575754283
B2056c_baseline1_dfof-10perc_pyseas_1000iter_training_ica-filt-0546	0.9999834080705507	0.9999956001628334	0.9949077905962237	1.0	0.9999890403022671
B2056c_baseline1_dfof-10perc_pyseas_1000iter_training_ica-filt-0547	0.9986024324366887	0.7338906880175021	0.9130507709150291	0.875	0.8523498112808555
B2056c_baseline1_dfof-10perc_pyseas_1000iter_training_ica-filt-0548	0.9999938135612816	0.9999992322651162	0.9940289171273087	1.0	0.9990648824281486
B2056c_baseline1_dfof-10perc_pyseas_1000iter_training_ica-filt-0549	0.9535272837370342	0.9728991896139899	0.99999648085859	0.95	0.9761756185161659
B2056c_baseline1_dfof-10perc_pyseas_1000iter_training_ica-filt-0550	0.9999465968444693	0.9999977866959158	0.9999964862383148	1.0	0.9999820564738972
B2056c_baseline1_dfof-10perc_pyseas_1000iter_training_ica-filt-0551	0.9511795641206333	0.07572876484506716	0.9999998335378559	0.95	0.9253931840235753
B2056c_baseline1_dfof-10perc_pyseas_1000iter_training_ica-filt-0552	0.9999993291091389	0.9991172468392477	0.9999964318971367	0.9	0.9499996313140796
B2056c_baseline1_dfof-10perc_pyseas_1000iter_training_ica-filt-0553	0.8853321506204024	0.005869360236517193	0.9580165483632331	0.925	0.8774621547092477
B2056c_baseline1_dfof-10perc_pyseas_1000iter_training_ica-filt-0554	0.7870674012783165	0.051110250777101636	0.9999965013884349	0.9	0.8706889920036537
B2056c_baseline1_dfof-10perc_pyseas_1000iter_training_ica-filt-0555	0.9999868137153541	0.9999999254663774	0.9999971398530223	1.0	0.999995492588153
B2056c_baseline1_dfof-10perc_pyseas_1000iter_training_ica-filt-0557	0.9999868378214662	0.9999999233870701	0.9999964780806688	1.0	0.9999954697458125
B2056c_baseline1_dfof-10perc_pyseas_1000iter_training_ica-filt-0559	0.9999992730316802	0.9974600512440025	0.9999964736276005	0.95	0.983332947937853
B2056c_baseline1_dfof-10perc_pyseas_1000iter_training_ica-filt-0560	0.9999840758923878	0.9999999398172684	0.9999982828135017	1.0	0.9999946303191655
B2056c_baseline1_dfof-10perc_pyseas_1000iter_training_ica-filt-0561	0.9980066732907252	0.45955505687855785	0.8244351661375583	0.825	0.8811677369833383
B2056c_baseline1_dfof-10perc_pyseas_1000iter_training_ica-filt-0563	0.9999834780429212	0.999999940451719	0.9999976871489363	1.0	0.9999944053381821
B2056c_baseline1_dfof-10perc_pyseas_1000iter_training_ica-filt-0566	0.9999344688210534	0.9999999896914745	0.9999999976518953	1.0	0.9999781562462703
B2056c_baseline1_dfof-10perc_pyseas_1000iter_training_ica-filt-0569	0.9999344688210534	0.9999999896914745	0.9999999976518953	1.0	0.9999781562462703
B2056c_baseline1_dfof-10perc_pyseas_1000iter_training_ica-filt-0572	0.9999344688210534	0.9999999896914745	0.9999999976518953	1.0	0.9999781562462703
B2056d_baseline1_dfof-10perc_pyseas_1000iter_training_ica-filt-0000	0.999999742741764	0.9999999999913012	0.9999997138219727	1.0	0.9999999066744181
B2056d_baseline1_dfof-10perc_pyseas_1000iter_training_ica-filt-0001	0.9999995957436201	0.9999999999918998	0.9999998719989522	1.0	0.999999862294444
B2056d_baseline1_dfof-10perc_pyseas_1000iter_training_ica-filt-0002	0.9999806918807599	0.9999999973589785	0.9999922858925974	1.0	0.9999932064534862
B2056d_baseline1_dfof-10perc_pyseas_1000iter_training_ica-filt-0003	0.9999936451854416	0.9999999998653699	0.9999992442645462	1.0	0.9999978581349392
B2056d_baseline1_dfof-10perc_pyseas_1000iter_training_ica-filt-0004	0.999990709432057	0.9999999992599361	0.9999999773787276	1.0	0.9999969027555066
B2056d_baseline1_dfof-10perc_pyseas_1000iter_training_ica-filt-0005	0.9999880928566338	0.9999999996879367	0.9999999943608548	1.0	0.9999960308757737
B2056d_baseline1_dfof-10perc_pyseas_1000iter_training_ica-filt-0006	0.9999841645458694	0.9999999991151256	0.999999979903241	1.0	0.9999947211770239
B2056d_baseline1_dfof-10perc_pyseas_1000iter_training_ica-filt-0007	0.9999916937502882	0.9999999998883028	0.9999972640042591	1.0	0.9999971249327219
B2056d_baseline1_dfof-10perc_pyseas_1000iter_training_ica-filt-0008	0.999820776474497	0.9999999969581933	0.9999964488005564	1.0	0.999940114572884
B2056d_baseline1_dfof-10perc_pyseas_1000iter_training_ica-filt-0009	0.9999181076899051	0.9999999956414368	0.9999999270235393	1.0	0.9999727010331715
B2056d_baseline1_dfof-10perc_pyseas_1000iter_training_ica-filt-0010	0.9989737931504319	0.17448949196751687	0.6225094266924603	0.875	0.8132505162407342
B2056d_baseline1_dfof-10perc_pyseas_1000iter_training_ica-filt-0011	0.9505831759261666	0.9999807237856609	0.12717902965951153	1.0	0.6788161249398779
B2056d_baseline1_dfof-10perc_pyseas_1000iter_training_ica-filt-0012	0.9999790406977135	0.9999999797789434	0.999996447863498	1.0	0.9999928692694201
B2056d_baseline1_dfof-10perc_pyseas_1000iter_training_ica-filt-0013	0.9999732109297677	0.9999999991150492	0.9999985967403939	1.0	0.9999910216354985
B2056d_baseline1_dfof-10perc_pyseas_1000iter_training_ica-filt-0014	0.00038330965052614415	4.825114907656896e-22	1.0000000994736041e-07	0.225	0.033461136550178704
B2056d_baseline1_dfof-10perc_pyseas_1000iter_training_ica-filt-0015	0.9999621013290463	0.999999994440918	0.9999999954648543	1.0	0.9999873670504494
B2056d_baseline1_dfof-10perc_pyseas_1000iter_training_ica-filt-0016	0.9999988645358201	0.9999999999922746	0.9999979560707777	1.0	0.9999995459306056
B2056d_baseline1_dfof-10perc_pyseas_1000iter_training_ica-filt-0017	0.9975386897740477	0.9999977708997616	0.9999964203817906	1.0	0.9991794176545064
B2056d_baseline1_dfof-10perc_pyseas_1000iter_training_ica-filt-0018	0.9999589234529191	0.9999999986790834	0.9999999977662637	1.0	0.9999863077917818
B2056d_baseline1_dfof-10perc_pyseas_1000iter_training_ica-filt-0019	0.999998719652854	0.9999999999954152	0.9966438467667424	1.0	0.9999975375074949
B2056d_baseline1_dfof-10perc_pyseas_1000iter_training_ica-filt-0020	0.9998574943171391	0.9999999976123455	0.9999964952914491	1.0	0.99995235606085
B2056d_baseline1_dfof-10perc_pyseas_1000iter_training_ica-filt-0021	0.9999999025468214	0.9999999999815028	0.9999964740788014	1.0	0.9999998244643183
B2056d_baseline1_dfof-10perc_pyseas_1000iter_training_ica-filt-0022	0.9999440970049753	0.9999999988588169	0.9999971201986909	1.0	0.9999812527837847
B2056d_baseline1_dfof-10perc_pyseas_1000iter_training_ica-filt-0023	0.9999905203256586	0.9999999990875406	0.9961270943844831	1.0	0.9999939894457022
B2056d_baseline1_dfof-10perc_pyseas_1000iter_training_ica-filt-0024	0.9999307563820776	0.9999998576856188	0.9999969749300751	1.0	0.9999767992186804
B2056d_baseline1_dfof-10perc_pyseas_1000iter_training_ica-filt-0025	0.9970369866672906	0.9999993029492448	0.9959032879118144	1.0	0.9990090754885915
B2056d_baseline1_dfof-10perc_pyseas_1000iter_training_ica-filt-0026	0.9999999759013868	0.9999999999999787	0.9933589502939608	1.0	0.9906094885223968
B2056d_baseline1_dfof-10perc_pyseas_1000iter_training_ica-filt-0027	0.999979361432539	0.9999999989293827	0.99999997657999	1.0	0.9999931200728973
B2056d_baseline1_dfof-10perc_pyseas_1000iter_training_ica-filt-0028	0.9999909752409247	0.9999999996403055	0.999999962012584	1.0	0.9999969910343155
B2056d_baseline1_dfof-10perc_pyseas_1000iter_training_ica-filt-0029	0.9999884889738789	0.9999999990614903	0.9999999956835873	1.0	0.99999616293539
B2056d_baseline1_dfof-10perc_pyseas_1000iter_training_ica-filt-0030	0.9999998103554413	0.9999999999752945	0.9999964599961052	1.0	0.9999997930651418
B2056d_baseline1_dfof-10perc_pyseas_1000iter_training_ica-filt-0031	0.9999902078311482	0.9999999997913208	0.9999992685426565	1.0	0.9999967132346873
B2056d_baseline1_dfof-10perc_pyseas_1000iter_training_ica-filt-0032	0.9999935949534756	0.9999999993706369	0.9999999943136934	1.0	0.9999978649073057
B2056d_baseline1_dfof-10perc_pyseas_1000iter_training_ica-filt-0033	0.9999986696740738	0.9999999986649026	0.9999964820043835	1.0	0.9999994138828825
B2056d_baseline1_dfof-10perc_pyseas_1000iter_training_ica-filt-0034	0.9997908122826162	0.9999999930873537	0.9999998980995319	1.0	0.9999302684992495
B2056d_baseline1_dfof-10perc_pyseas_1000iter_training_ica-filt-0035	0.9523906213917128	0.9997457053618861	0.6373302765527703	0.925	0.8118257396540085
B2056d_baseline1_dfof-10perc_pyseas_1000iter_training_ica-filt-0036	0.9999936765098719	0.9999999997528467	0.999998384521646	1.0	0.9999978347754723
B2056d_baseline1_dfof-10perc_pyseas_1000iter_training_ica-filt-0037	0.9999972919021974	0.999999999290317	0.9999992235766284	1.0	0.9999990729496476
B2056d_baseline1_dfof-10perc_pyseas_1000iter_training_ica-filt-0038	0.9999950545237076	0.9999999988088605	0.99999981003938	1.0	0.9999983468200107
B2056d_baseline1_dfof-10perc_pyseas_1000iter_training_ica-filt-0039	0.9956410009291955	0.9983137920819155	0.9999965063174138	1.0	0.9902135254542497
B2056d_baseline1_dfof-10perc_pyseas_1000iter_training_ica-filt-0040	0.9999881453636716	0.999999999826775	0.9999998256375207	1.0	0.9999960442139338
B2056d_baseline1_dfof-10perc_pyseas_1000iter_training_ica-filt-0041	0.06664778374005571	1.6885998447832732e-12	1.0000000994736041e-07	0.025	0.03888262791335522
B2056d_baseline1_dfof-10perc_pyseas_1000iter_training_ica-filt-0042	0.99994817337451	0.9999999972920063	0.9999999827104546	1.0	0.99998272417452
B2056d_baseline1_dfof-10perc_pyseas_1000iter_training_ica-filt-0043	0.999987374982713	0.999999999282883	0.9999999708625223	1.0	0.999995791138424
B2056d_baseline1_dfof-10perc_pyseas_1000iter_training_ica-filt-0044	0.9999138819933334	0.999999998442565	0.9999999568179254	1.0	0.9999712931697807
B2056d_baseline1_dfof-10perc_pyseas_1000iter_training_ica-filt-0045	0.9999997703524789	0.9999999999970549	0.9999965225181063	1.0	0.9999997826962047
B2056d_baseline1_dfof-10perc_pyseas_1000iter_training_ica-filt-0046	0.9999789910023574	0.9999999991032117	0.9999999984949056	1.0	0.9999929969844964
B2056d_baseline1_dfof-10perc_pyseas_1000iter_training_ica-filt-0047	0.9999900423911203	0.9999999996574456	0.9999999862856804	1.0	0.9999966805807526
B2056d_baseline1_dfof-10perc_pyseas_1000iter_training_ica-filt-0048	0.9999914880326234	0.9999999998860433	0.9999996044976287	1.0	0.9999971516190133
B2056d_baseline1_dfof-10perc_pyseas_1000iter_training_ica-filt-0049	0.999993051187151	0.9999999996685407	0.999999981180763	1.0	0.9999976834158124
B2056d_baseline1_dfof-10perc_pyseas_1000iter_training_ica-filt-0050	0.9994349339975145	0.9999997216443607	0.9999964997673443	1.0	0.9998115028332001
B2056d_baseline1_dfof-10perc_pyseas_1000iter_training_ica-filt-0051	0.9999772195490843	0.9999999979977439	0.9999971677558974	1.0	0.9999922958099251
B2056d_baseline1_dfof-10perc_pyseas_1000iter_training_ica-filt-0052	0.9999114186144582	0.9999969189473924	0.9954980174076457	1.0	0.9999664108349423
B2056d_baseline1_dfof-10perc_pyseas_1000iter_training_ica-filt-0053	0.9999815822307638	0.9999999988535677	0.999999998661273	1.0	0.9999938607293855
B2056d_baseline1_dfof-10perc_pyseas_1000iter_training_ica-filt-0054	0.99990715069875	0.9999999978996712	0.9999999707602228	1.0	0.9999690497082888
B2056d_baseline1_dfof-10perc_pyseas_1000iter_training_ica-filt-0055	0.9999744107213635	0.9999999979505533	0.999999946559518	1.0	0.9999914691778655
B2056d_baseline1_dfof-10perc_pyseas_1000iter_training_ica-filt-0056	0.9999889834638478	0.9999999996826611	0.9999999816234916	1.0	0.9999963275166519
B2056d_baseline1_dfof-10perc_pyseas_1000iter_training_ica-filt-0057	0.9999948653707561	0.9999564572926738	0.9999964722063404	0.975	0.9833314786500756
B2056d_baseline1_dfof-10perc_pyseas_1000iter_training_ica-filt-0058	0.9999852343196691	0.9999999984741007	0.9999998091067025	1.0	0.9999950733917164
B2056d_baseline1_dfof-10perc_pyseas_1000iter_training_ica-filt-0059	0.9999800332546933	0.9999999996124078	0.999999792037932	1.0	0.9999933392063481
B2056d_baseline1_dfof-10perc_pyseas_1000iter_training_ica-filt-0060	0.9996196029997684	0.9999999584754606	0.9999995493361192	1.0	0.9998731881157849
B2056d_baseline1_dfof-10perc_pyseas_1000iter_training_ica-filt-0061	0.9997216792906932	0.9999999336866421	0.9999996509820417	1.0	0.9999072168770029
B2056d_baseline1_dfof-10perc_pyseas_1000iter_training_ica-filt-0062	0.9999736046492558	0.9999999983395594	0.9999999979066072	1.0	0.999991201525785
B2056d_baseline1_dfof-10perc_pyseas_1000iter_training_ica-filt-0063	0.9999646509470861	0.9999999982061958	0.9999904881170999	1.0	0.9999877601935961
B2056d_baseline1_dfof-10perc_pyseas_1000iter_training_ica-filt-0064	0.9999924442488878	0.9999999948960615	0.9999998567381457	1.0	0.999997478046719
B2056d_baseline1_dfof-10perc_pyseas_1000iter_training_ica-filt-0065	0.9999428728192786	0.9999999704724396	0.9999998829991645	1.0	0.9999809549478136
B2056d_baseline1_dfof-10perc_pyseas_1000iter_training_ica-filt-0066	0.9999887103466413	0.9999999997024887	0.9999992990070714	1.0	0.9999962151760157
B2056d_baseline1_dfof-10perc_pyseas_1000iter_training_ica-filt-0067	0.9995706091607709	0.9999999838253741	0.9999990308787708	1.0	0.9998568381567982
B2056d_baseline1_dfof-10perc_pyseas_1000iter_training_ica-filt-0068	0.9998297649051731	0.9999999920666199	0.999999996486231	1.0	0.999943254924451
B2056d_baseline1_dfof-10perc_pyseas_1000iter_training_ica-filt-0069	0.9994197567491351	0.9999997017160142	0.999998965808247	1.0	0.9998065515257076
B2056d_baseline1_dfof-10perc_pyseas_1000iter_training_ica-filt-0070	0.9999839089214281	0.9999999852053102	0.9999981667810994	1.0	0.9999945697606347
B2056d_baseline1_dfof-10perc_pyseas_1000iter_training_ica-filt-0071	0.9996310356360263	0.9999999588764839	0.9999964698567895	1.0	0.999876868626952
B2056d_baseline1_dfof-10perc_pyseas_1000iter_training_ica-filt-0072	0.9997639745431102	0.9999999511065271	0.9999999779045232	1.0	0.9999213244697387
B2056d_baseline1_dfof-10perc_pyseas_1000iter_training_ica-filt-0073	0.9999460187515254	0.9999999975310186	0.9999999811269444	1.0	0.9999820059362219
B2056d_baseline1_dfof-10perc_pyseas_1000iter_training_ica-filt-0074	0.9994702583070163	0.999999785285766	0.9999997721616952	1.0	0.9998234136362001
B2056d_baseline1_dfof-10perc_pyseas_1000iter_training_ica-filt-0075	0.9999917024105035	0.9999999994506102	0.9999999079235146	1.0	0.9999972321282358
B2056d_baseline1_dfof-10perc_pyseas_1000iter_training_ica-filt-0076	0.9999926858139264	0.9999999977051389	0.9999999925629693	1.0	0.9999975618323006
B2056d_baseline1_dfof-10perc_pyseas_1000iter_training_ica-filt-0077	0.9999979774033607	0.9999999974066648	0.9999964923610033	1.0	0.9999991836172847
B2056d_baseline1_dfof-10perc_pyseas_1000iter_training_ica-filt-0078	0.9999955691906147	0.9999999882302771	0.999999601087469	1.0	0.9999985118933434
B2056d_baseline1_dfof-10perc_pyseas_1000iter_training_ica-filt-0079	0.999982868980611	0.9999999999420465	0.9999964671740987	1.0	0.9999941462811018
B2056d_baseline1_dfof-10perc_pyseas_1000iter_training_ica-filt-0080	0.9999562073094607	0.9999999943673822	0.9999964521243823	1.0	0.999985258342496
B2056d_baseline1_dfof-10perc_pyseas_1000iter_training_ica-filt-0081	0.9999919520209027	0.99999999799274	0.99999998720959	1.0	0.9999973171409672
B2056d_baseline1_dfof-10perc_pyseas_1000iter_training_ica-filt-0082	0.9999790246245479	0.9999999989192716	0.9999999718593346	1.0	0.9999930077065603
B2056d_baseline1_dfof-10perc_pyseas_1000iter_training_ica-filt-0083	0.999721137229463	0.999999159274882	0.9999976926297897	1.0	0.9999069586424967
B2056d_baseline1_dfof-10perc_pyseas_1000iter_training_ica-filt-0084	0.99990781214379	0.9999999965732319	0.9999998712691627	1.0	0.9999692677414508
B2056d_baseline1_dfof-10perc_pyseas_1000iter_training_ica-filt-0085	0.9999964115734994	0.9999999998627871	0.9999991127065274	1.0	0.9999987753900584
B2056d_baseline1_dfof-10perc_pyseas_1000iter_training_ica-filt-0086	0.9999530848219395	0.9999999843940517	0.9999999562031913	1.0	0.999984360765504
B2056d_baseline1_dfof-10perc_pyseas_1000iter_training_ica-filt-0087	0.9999663523432546	0.999999999337888	0.999999995452789	1.0	0.9999887840550011
B2056d_baseline1_dfof-10perc_pyseas_1000iter_training_ica-filt-0088	0.9978841193797523	0.9999991372693834	0.99999649463992	1.0	0.9992945643841581
B2056d_baseline1_dfof-10perc_pyseas_1000iter_training_ica-filt-0089	0.9996490750904338	0.9999999705119902	0.9999999956392387	1.0	0.9998830249735687
B2056d_baseline1_dfof-10perc_pyseas_1000iter_training_ica-filt-0090	0.9999785909681773	0.9999999975397476	0.9999992394111645	1.0	0.9999928398851115
B2056d_baseline1_dfof-10perc_pyseas_1000iter_training_ica-filt-0091	0.9999723570788691	0.9999999988376285	0.9999998690871281	1.0	0.9999907826607463
B2056d_baseline1_dfof-10perc_pyseas_1000iter_training_ica-filt-0092	0.9999743965003779	0.9999999818856156	0.9999994352518883	1.0	0.999991448722057
B2056d_baseline1_dfof-10perc_pyseas_1000iter_training_ica-filt-0093	0.9998341299444122	0.9999999582299308	0.9999994546873494	1.0	0.9999446938771079
B2056d_baseline1_dfof-10perc_pyseas_1000iter_training_ica-filt-0094	0.9999002805831421	0.9999999916655772	0.9999999750731596	1.0	0.999966759759133
B2056d_baseline1_dfof-10perc_pyseas_1000iter_training_ica-filt-0095	0.9999290981153081	0.9999999970059471	0.9999999979366978	1.0	0.9999763660148719
B2056d_baseline1_dfof-10perc_pyseas_1000iter_training_ica-filt-0096	3.526060158015818e-06	1.264802448382701e-51	1.0000000994736041e-07	0.0	0.008334542020055987
B2056d_baseline1_dfof-10perc_pyseas_1000iter_training_ica-filt-0097	0.99998915424063	0.9999999985578345	0.9999999966664005	1.0	0.9999963847055618
B2056d_baseline1_dfof-10perc_pyseas_1000iter_training_ica-filt-0098	0.9999451474506796	0.999999897619924	0.9999999386962747	1.0	0.9999817145691141
B2056d_baseline1_dfof-10perc_pyseas_1000iter_training_ica-filt-0099	0.9999232472993488	0.9999999961455527	0.999996462122379	1.0	0.991640938814106
B2056d_baseline1_dfof-10perc_pyseas_1000iter_training_ica-filt-0100	0.9991941190588108	0.999999907441027	0.9999999850140643	1.0	0.9997313727796637
B2056d_baseline1_dfof-10perc_pyseas_1000iter_training_ica-filt-0101	0.9993998386550998	0.9999991851819895	0.9999964937860474	1.0	0.9997998041021144
B2056d_baseline1_dfof-10perc_pyseas_1000iter_training_ica-filt-0102	0.9999961565300507	0.9999999998638938	0.9999922471435061	1.0	0.9999983592348692
B2056d_baseline1_dfof-10perc_pyseas_1000iter_training_ica-filt-0103	0.9995952819703013	0.9999999118814461	0.9999999763209699	1.0	0.9998650935802426
B2056d_baseline1_dfof-10perc_pyseas_1000iter_training_ica-filt-0104	0.9999918747704646	0.9999999959700149	0.9999964429011805	1.0	0.9999971470577901
B2056d_baseline1_dfof-10perc_pyseas_1000iter_training_ica-filt-0105	0.9999947366870666	0.9999999993952198	0.9999987518494656	1.0	0.999998203122507
B2056d_baseline1_dfof-10perc_pyseas_1000iter_training_ica-filt-0106	0.9999925829263486	0.9999999990222471	0.9999999852605135	1.0	0.999997527406788
B2056d_baseline1_dfof-10perc_pyseas_1000iter_training_ica-filt-0107	0.9999928659681826	0.9999999944732655	0.9999964693906768	1.0	0.9999974787155402
B2056d_baseline1_dfof-10perc_pyseas_1000iter_training_ica-filt-0108	0.9999933340524778	0.9999999995713154	0.9999817472565061	1.0	0.9999967989511694
B2056d_baseline1_dfof-10perc_pyseas_1000iter_training_ica-filt-0109	0.9996591897007081	0.9999998336256507	0.9999965190072652	1.0	0.9998862556460022
B2056d_baseline1_dfof-10perc_pyseas_1000iter_training_ica-filt-0110	0.9999644655719678	0.999999991772274	0.9999989255842917	1.0	0.999988119578188
B2056d_baseline1_dfof-10perc_pyseas_1000iter_training_ica-filt-0111	0.9999582473891969	0.9999999979054408	0.9999999899424545	1.0	0.9999860823126125
B2056d_baseline1_dfof-10perc_pyseas_1000iter_training_ica-filt-0112	0.9993935168655091	0.9999997869557774	0.9999997656939659	1.0	0.9997978329625673
B2056d_baseline1_dfof-10perc_pyseas_1000iter_training_ica-filt-0113	4.3004040447941397e-07	1.9086677878518164e-25	1.0000000994736041e-07	0.075	1.7668013814225811e-07
B2056d_baseline1_dfof-10perc_pyseas_1000iter_training_ica-filt-0114	0.9999961100012709	0.9999999982941309	0.9999994514431432	1.0	0.9999986871172178
B2056d_baseline1_dfof-10perc_pyseas_1000iter_training_ica-filt-0115	0.9999855065743473	0.9999999997709175	0.9999998494738652	1.0	0.9999951652877277
B2056d_baseline1_dfof-10perc_pyseas_1000iter_training_ica-filt-0116	0.9999501155381819	0.9999999833742435	0.9999999951934172	1.0	0.9999833717826578
B2056d_baseline1_dfof-10perc_pyseas_1000iter_training_ica-filt-0117	0.9999755572569853	0.9999999858295806	0.9999999350646648	1.0	0.9999918510842765
B2056d_baseline1_dfof-10perc_pyseas_1000iter_training_ica-filt-0118	2.035910432022209e-06	3.417613532423441e-24	1.0000000994736041e-07	0.1	0.05833404530348065
B2056d_baseline1_dfof-10perc_pyseas_1000iter_training_ica-filt-0119	0.9999286310721788	0.9999999884537535	0.999999999417387	1.0	0.999976210352029
B2056d_baseline1_dfof-10perc_pyseas_1000iter_training_ica-filt-0120	0.9999921489043492	0.9999999882814877	0.9999999131524075	1.0	0.9999973810923569
B2056d_baseline1_dfof-10perc_pyseas_1000iter_training_ica-filt-0121	0.9999898049814263	0.9999999993510826	0.9999992449291826	1.0	0.9999965780912138
B2056d_baseline1_dfof-10perc_pyseas_1000iter_training_ica-filt-0122	0.9996178825691839	0.9999998650552426	0.9916046366063584	0.975	0.9901468907356364
B2056d_baseline1_dfof-10perc_pyseas_1000iter_training_ica-filt-0123	0.9999920708255446	0.9999997124239274	0.9999964789383496	1.0	0.9999972141212098
B2056d_baseline1_dfof-10perc_pyseas_1000iter_training_ica-filt-0124	0.9999801299194349	0.9999999992881818	0.9999999969148	1.0	0.9999933766020765
B2056d_baseline1_dfof-10perc_pyseas_1000iter_training_ica-filt-0125	0.9999854771526777	0.9999999996305179	0.9999964460283101	1.0	0.9999950146671802
B2056d_baseline1_dfof-10perc_pyseas_1000iter_training_ica-filt-0126	0.9999948986303955	0.9999999986447925	0.9999999873308271	1.0	0.9999982993463411
B2056d_baseline1_dfof-10perc_pyseas_1000iter_training_ica-filt-0127	0.9999973524002607	0.9999999946548092	0.9999819030253394	1.0	0.9999981481657337
B2056d_baseline1_dfof-10perc_pyseas_1000iter_training_ica-filt-0128	0.999994429406876	0.9999999973360723	0.9999999255694962	1.0	0.9999981415697539
B2056d_baseline1_dfof-10perc_pyseas_1000iter_training_ica-filt-0129	0.9999854437136775	0.999999999148578	0.9999999882063934	1.0	0.9999951477232837
B2056d_baseline1_dfof-10perc_pyseas_1000iter_training_ica-filt-0130	0.9999944411803272	0.9999999994758967	0.9999999818419874	1.0	0.9999981467597131
B2056d_baseline1_dfof-10perc_pyseas_1000iter_training_ica-filt-0131	0.9999646109468613	0.9999999797561261	0.9999840700934585	1.0	0.9999873686802433
B2056d_baseline1_dfof-10perc_pyseas_1000iter_training_ica-filt-0132	0.9999777771330306	0.9999999965318215	0.9999999686676547	1.0	0.9999925918088443
B2056d_baseline1_dfof-10perc_pyseas_1000iter_training_ica-filt-0133	0.9999811340463675	0.9999999938106062	0.9999999790512043	1.0	0.9999937109936785
B2056d_baseline1_dfof-10perc_pyseas_1000iter_training_ica-filt-0134	0.9999761030092182	0.9999999905598395	0.9999993602074473	1.0	0.9999920149208269
B2056d_baseline1_dfof-10perc_pyseas_1000iter_training_ica-filt-0135	0.9999612624640072	0.9999999982433962	0.9999999615959958	1.0	0.9999870867661876
B2056d_baseline1_dfof-10perc_pyseas_1000iter_training_ica-filt-0136	0.999742359828909	0.9999999887393437	0.9999964495483848	1.0	0.9999139757265624
B2056d_baseline1_dfof-10perc_pyseas_1000iter_training_ica-filt-0137	0.9999982938058675	0.9999999998775843	0.9999996464632054	1.0	0.999999421570486
B2056d_baseline1_dfof-10perc_pyseas_1000iter_training_ica-filt-0138	0.9999952007492732	0.9999999995918643	0.9999999628278041	1.0	0.9999983995549648
B2056d_baseline1_dfof-10perc_pyseas_1000iter_training_ica-filt-0139	0.9999822422195497	0.9999999996865814	0.9999999937673425	1.0	0.9999940806539146
B2056d_baseline1_dfof-10perc_pyseas_1000iter_training_ica-filt-0140	0.9999384632425274	0.9998543629378874	0.9999965089596066	0.925	0.983312679683912
B2056d_baseline1_dfof-10perc_pyseas_1000iter_training_ica-filt-0141	0.9999239983581171	0.9999999200168311	0.9999985722627409	1.0	0.9999746164499697
B2056d_baseline1_dfof-10perc_pyseas_1000iter_training_ica-filt-0142	0.9999708378681779	0.9999999996063559	0.9999964867896213	1.0	0.9999901368412875
B2056d_baseline1_dfof-10perc_pyseas_1000iter_training_ica-filt-0143	0.9996692667503363	0.9999999415469762	0.9999964752116421	1.0	0.9998896125859299
B2056d_baseline1_dfof-10perc_pyseas_1000iter_training_ica-filt-0144	0.009354045133928915	1.1243029214996291e-09	1.0000000994736041e-07	0.025	0.011451381711312955
B2056d_baseline1_dfof-10perc_pyseas_1000iter_training_ica-filt-0145	0.9999864062156698	0.9999999993434425	0.9999999153987599	1.0	0.9999954669194531
B2056d_baseline1_dfof-10perc_pyseas_1000iter_training_ica-filt-0146	0.9999954623062147	0.9999999982292441	0.9999999651520309	1.0	0.9999984867911801
B2056d_baseline1_dfof-10perc_pyseas_1000iter_training_ica-filt-0147	0.9999977863320269	0.9999999999321503	0.9999999422679205	1.0	0.9999992609475491
B2056d_baseline1_dfof-10perc_pyseas_1000iter_training_ica-filt-0148	0.03798336038356896	9.73517912713845e-29	1.0000000994736041e-07	0.1	0.02932782012785964
B2056d_baseline1_dfof-10perc_pyseas_1000iter_training_ica-filt-0149	0.9999511476118514	0.9999999978666524	0.9999999521162117	1.0	0.9999837149361577
B2056d_baseline1_dfof-10perc_pyseas_1000iter_training_ica-filt-0150	0.9999594453097088	0.9999999666641687	0.9999999662041894	1.0	0.9999864811483837
B2056d_baseline1_dfof-10perc_pyseas_1000iter_training_ica-filt-0151	0.9999893068184799	0.9999999878074562	0.9999999890880626	1.0	0.9999964354406422
B2056d_baseline1_dfof-10perc_pyseas_1000iter_training_ica-filt-0152	0.9999501208774332	0.9999998231086092	0.9999998896006731	1.0	0.9999833711418983
B2056d_baseline1_dfof-10perc_pyseas_1000iter_training_ica-filt-0153	0.9999858542916289	0.9999999967985521	0.9999997593503968	1.0	0.999995278580967
B2056d_baseline1_dfof-10perc_pyseas_1000iter_training_ica-filt-0154	0.999833491311861	0.9999997754083769	0.9999995422177873	1.0	0.999944483981341
B2056d_baseline1_dfof-10perc_pyseas_1000iter_training_ica-filt-0155	0.9999683605147872	0.9956118033463555	0.9999964722131857	0.975	0.9833226436984108
B2056d_baseline1_dfof-10perc_pyseas_1000iter_training_ica-filt-0156	2.7586234850838436e-05	5.688065445523357e-20	1.0000000994736041e-07	0.0	9.228744953595266e-06
B2056d_baseline1_dfof-10perc_pyseas_1000iter_training_ica-filt-0157	3.0950812481665224e-06	5.059933910875179e-45	0.4696494958444411	0.125	0.16238859985153514
B2056d_baseline1_dfof-10perc_pyseas_1000iter_training_ica-filt-0158	0.9999973107088348	0.9999999998699032	0.9999964669965529	1.0	0.999998960182079
B2056d_baseline1_dfof-10perc_pyseas_1000iter_training_ica-filt-0159	0.9999972277844733	0.9999999999660396	0.9999965122641506	1.0	0.9999989346878131
B2056d_baseline1_dfof-10perc_pyseas_1000iter_training_ica-filt-0160	0.9999508438361533	0.9999998942095004	0.828799568617286	1.0	0.9500159846934091
B2056d_baseline1_dfof-10perc_pyseas_1000iter_training_ica-filt-0161	0.9999431329629446	0.9999999992393978	0.9999999952645048	1.0	0.999981044258675
B2056d_baseline1_dfof-10perc_pyseas_1000iter_training_ica-filt-0162	0.9999592216466006	0.9999999862525507	0.9999985223132748	1.0	0.9999863555067942
B2056d_baseline1_dfof-10perc_pyseas_1000iter_training_ica-filt-0163	0.9999483048157847	0.9999999988633342	0.9999964877753903	1.0	0.9999826258705866
B2056d_baseline1_dfof-10perc_pyseas_1000iter_training_ica-filt-0164	0.009042492912437269	1.9923389734224775e-10	1.0000000994736041e-07	0.125	0.053014197637482406
B2056d_baseline1_dfof-10perc_pyseas_1000iter_training_ica-filt-0165	0.9999973550627059	0.999999999460151	0.999999923993527	1.0	0.9999991167494912
B2056d_baseline1_dfof-10perc_pyseas_1000iter_training_ica-filt-0166	0.9999813564135779	0.9999999990211155	0.999999868448706	1.0	0.9999937824216695
B2056d_baseline1_dfof-10perc_pyseas_1000iter_training_ica-filt-0167	0.10230601254217124	0.015538808784006928	0.9999964795565717	0.975	0.700768528056091
B2056d_baseline1_dfof-10perc_pyseas_1000iter_training_ica-filt-0168	0.9999937585246809	0.9999999990857766	0.9999994688609208	1.0	0.999997903892611
B2056d_baseline1_dfof-10perc_pyseas_1000iter_training_ica-filt-0169	0.9999939287663206	0.9999999996151416	0.999999990278288	1.0	0.9999979761108501
B2056d_baseline1_dfof-10perc_pyseas_1000iter_training_ica-filt-0170	0.9999989965282257	0.9999999957769231	0.9999965030811473	1.0	0.9999995238338651
B2056d_baseline1_dfof-10perc_pyseas_1000iter_training_ica-filt-0171	0.9999996030152707	0.9999999999998153	0.9999964289174306	1.0	0.9916663891410505
B2056d_baseline1_dfof-10perc_pyseas_1000iter_training_ica-filt-0172	0.9999897420797188	0.9999999996038866	0.9999995306810752	1.0	0.9999965671827912
B2056d_baseline1_dfof-10perc_pyseas_1000iter_training_ica-filt-0173	0.9999929534475245	0.9999999997671303	0.9999999922706881	1.0	0.999997651038623
B2056d_baseline1_dfof-10perc_pyseas_1000iter_training_ica-filt-0174	0.999991007813544	0.9999997046358448	0.9999991861164831	1.0	0.9999969768730176
B2056d_baseline1_dfof-10perc_pyseas_1000iter_training_ica-filt-0175	0.23159814071262788	3.0552776111573747e-11	0.4645040864174175	0.5	0.3626181202492147
B2056d_baseline1_dfof-10perc_pyseas_1000iter_training_ica-filt-0176	0.9999975420894385	0.9999999998191741	0.9999964616087964	1.0	0.9999990370530757
B2056d_baseline1_dfof-10perc_pyseas_1000iter_training_ica-filt-0177	0.9999216079445725	0.9999999604337555	0.9530501720272084	1.0	0.9893346520480879
B2056d_baseline1_dfof-10perc_pyseas_1000iter_training_ica-filt-0178	0.9999895185443537	0.999999999308452	0.9999964910318192	1.0	0.9999963639345744
B2056d_baseline1_dfof-10perc_pyseas_1000iter_training_ica-filt-0179	0.9999977686248213	0.999999999934408	0.9922610571130269	1.0	0.9987339135104243
B2056d_baseline1_dfof-10perc_pyseas_1000iter_training_ica-filt-0180	0.9999997455313941	0.9999999999882832	0.5	0.95	0.800168843203156
B2056d_baseline1_dfof-10perc_pyseas_1000iter_training_ica-filt-0181	3.942819615362271e-06	6.957457718710133e-41	1.0000000994736041e-07	0.0	1.347606541769877e-06
B2056d_baseline1_dfof-10perc_pyseas_1000iter_training_ica-filt-0182	0.01106137276037904	2.0400648014536003e-14	1.0000000994736041e-07	0.025	0.03702049092012966
B2056d_baseline1_dfof-10perc_pyseas_1000iter_training_ica-filt-0183	0.3326676688140205	8.494710662282875e-08	1.0000000994736041e-07	0.05	0.1358892562713435
B2056d_baseline1_dfof-10perc_pyseas_1000iter_training_ica-filt-0184	0.999694191051295	0.9999999499000292	0.9999850345822218	1.0	0.9998972875364819
B2056d_baseline1_dfof-10perc_pyseas_1000iter_training_ica-filt-0185	0.9999986759543279	0.9999999999049969	0.9999964816461759	1.0	0.9999994159593033
B2056d_baseline1_dfof-10perc_pyseas_1000iter_training_ica-filt-0186	0.1337231938369841	2.5503159286925674e-12	1.0000000994736041e-07	0.175	0.06124109794566468
B2056d_baseline1_dfof-10perc_pyseas_1000iter_training_ica-filt-0187	0.9999937907822917	0.9999999994431921	0.9999999929722793	1.0	0.9999979301618636
B2056d_baseline1_dfof-10perc_pyseas_1000iter_training_ica-filt-0188	0.9999448586403292	0.9999999980743421	0.9999971733754485	1.0	0.9999815090973053
B2056d_baseline1_dfof-10perc_pyseas_1000iter_training_ica-filt-0189	0.9102123812321128	0.05711503868173889	0.9999964507198961	0.875	0.9200706495833045
B2056d_baseline1_dfof-10perc_pyseas_1000iter_training_ica-filt-0190	0.9997399166249292	0.9999991498032612	0.9999964662882131	1.0	0.9999131621204743
B2056d_baseline1_dfof-10perc_pyseas_1000iter_training_ica-filt-0191	0.9999870837209485	0.9999998769824329	0.9999999319739015	1.0	0.9999956931642817
B2056d_baseline1_dfof-10perc_pyseas_1000iter_training_ica-filt-0192	0.007853557542736879	3.576318255120385e-20	1.0000000994736041e-07	0.075	0.010951219180915609
B2056d_baseline1_dfof-10perc_pyseas_1000iter_training_ica-filt-0193	0.9988270342151705	0.9999901449169887	0.9999995545285143	1.0	0.9996089986944686
B2056d_baseline1_dfof-10perc_pyseas_1000iter_training_ica-filt-0194	0.9995972823367116	0.9999999584306378	0.9999996216183489	1.0	0.9998657502785017
B2056d_baseline1_dfof-10perc_pyseas_1000iter_training_ica-filt-0195	0.9990887944451301	0.9998655423979258	0.9999965266292705	1.0	0.9996961242550967
B2056d_baseline1_dfof-10perc_pyseas_1000iter_training_ica-filt-0196	0.9986213213613018	0.999796808510951	0.9999964972437041	1.0	0.9995402985014761
B2056d_baseline1_dfof-10perc_pyseas_1000iter_training_ica-filt-0197	0.9998587091300164	0.9999999956466202	0.9999964783440064	1.0	0.9999527601944939
B2056d_baseline1_dfof-10perc_pyseas_1000iter_training_ica-filt-0198	0.9994792699113123	0.9999992066554352	0.9999977349560577	1.0	0.999826338069703
B2056d_baseline1_dfof-10perc_pyseas_1000iter_training_ica-filt-0199	0.9999133658574758	0.9999999960418277	0.9999994379522424	1.0	0.9999711052682666
B2056d_baseline1_dfof-10perc_pyseas_1000iter_training_ica-filt-0200	0.9999897780225427	0.9999999997587246	0.9999999942555752	1.0	0.9999965925960704
B2056d_baseline1_dfof-10perc_pyseas_1000iter_training_ica-filt-0201	0.9999926056444914	0.9999999984031654	0.9999993203526213	1.0	0.9999975143765303
B2056d_baseline1_dfof-10perc_pyseas_1000iter_training_ica-filt-0202	0.999738640021533	0.9999999684869293	0.9999999582046327	1.0	0.9999128792102138
B2056d_baseline1_dfof-10perc_pyseas_1000iter_training_ica-filt-0203	0.9999629848334215	0.9999999889982282	0.9999998002192925	1.0	0.9999876566384026
B2056d_baseline1_dfof-10perc_pyseas_1000iter_training_ica-filt-0204	0.9999572903167523	0.9999999260015066	0.9999990314996847	1.0	0.9999857318991215
B2056d_baseline1_dfof-10perc_pyseas_1000iter_training_ica-filt-0205	0.9999980115641333	0.9999999998661889	0.9999999816061497	1.0	0.9999993368830772
B2056d_baseline1_dfof-10perc_pyseas_1000iter_training_ica-filt-0206	0.0005305659638203452	3.3777542938567503e-206	1.0000000994736041e-07	0.0	0.00017688865461009754
B2056d_baseline1_dfof-10perc_pyseas_1000iter_training_ica-filt-0207	0.9999469401803354	0.9999999846157837	0.99999994473735	1.0	0.9999823122883308
B2056d_baseline1_dfof-10perc_pyseas_1000iter_training_ica-filt-0208	0.9999749831226605	0.99999996264295	0.9999999826585058	1.0	0.9999916607562391
B2056d_baseline1_dfof-10perc_pyseas_1000iter_training_ica-filt-0209	0.9999973419603077	0.9999999999449418	0.999999859720797	1.0	0.9999991106991478
B2056d_baseline1_dfof-10perc_pyseas_1000iter_training_ica-filt-0210	0.9999761981347847	0.999999996129823	0.9999999761505405	1.0	0.9999920656316158
B2056d_baseline1_dfof-10perc_pyseas_1000iter_training_ica-filt-0211	0.9999719972823805	0.999999999409674	0.9999998495157363	1.0	0.9999906621915677
B2056d_baseline1_dfof-10perc_pyseas_1000iter_training_ica-filt-0212	0.9987085147941712	0.999971205775485	0.9999964806065196	1.0	0.9995693621899164
B2056d_baseline1_dfof-10perc_pyseas_1000iter_training_ica-filt-0213	0.9999516990944213	0.999999997226606	0.9999964690517607	1.0	0.9999837564081947
B2056d_baseline1_dfof-10perc_pyseas_1000iter_training_ica-filt-0214	0.0038298508988378285	5.049444650213753e-12	1.0000000994736041e-07	0.125	0.0679433169662826
B2056d_baseline1_dfof-10perc_pyseas_1000iter_training_ica-filt-0215	2.7253799566506872e-06	7.119673724505004e-50	1.0000000994736041e-07	0.0	9.417933221993493e-07
B2056d_baseline1_dfof-10perc_pyseas_1000iter_training_ica-filt-0216	0.999983983924764	0.9999906386038128	0.9999985708417991	1.0	0.9999946115810033
B2056d_baseline1_dfof-10perc_pyseas_1000iter_training_ica-filt-0217	0.9999956425671468	0.9999999980099155	0.9999996593340146	1.0	0.9999985382361395
B2056d_baseline1_dfof-10perc_pyseas_1000iter_training_ica-filt-0218	3.42069564746828e-06	2.6222410780465004e-44	1.0000000994736041e-07	0.0	1.1735652191385469e-06
B2056d_baseline1_dfof-10perc_pyseas_1000iter_training_ica-filt-0219	0.9995945476741501	0.9999991663228099	0.9999964381305265	0.975	0.9998647044655297
B2056d_baseline1_dfof-10perc_pyseas_1000iter_training_ica-filt-0220	0.9999659642843308	0.9999999979783549	0.9999964538393196	1.0	0.9999885107489414
B2056d_baseline1_dfof-10perc_pyseas_1000iter_training_ica-filt-0221	0.9999787627163496	0.9999999975835189	0.9970145715840477	1.0	0.9999913747211965
B2056d_baseline1_dfof-10perc_pyseas_1000iter_training_ica-filt-0222	0.00849787478986637	3.688559020699201e-48	1.0000000994736041e-07	0.0	0.0028326582632921056
B2056d_baseline1_dfof-10perc_pyseas_1000iter_training_ica-filt-0223	0.9999436517144862	0.9999999972039966	0.9999992839567242	1.0	0.9999811950881298
B2056d_baseline1_dfof-10perc_pyseas_1000iter_training_ica-filt-0224	0.9999965948875617	0.9999999954777278	0.9999985198575619	1.0	0.9999988131532135
B2056d_baseline1_dfof-10perc_pyseas_1000iter_training_ica-filt-0225	0.9999841710523729	0.9999999988048813	0.9999998639863927	1.0	0.999994720513194
B2056d_baseline1_dfof-10perc_pyseas_1000iter_training_ica-filt-0226	0.9999973752375071	0.999999997259499	0.9999964547653375	1.0	0.9999989811106657
B2056d_baseline1_dfof-10perc_pyseas_1000iter_training_ica-filt-0227	0.9999994811382004	0.9999999999959961	0.9868949225849456	1.0	0.9976484832837219
B2056d_baseline1_dfof-10perc_pyseas_1000iter_training_ica-filt-0228	0.9999957971170554	0.9999999947634831	0.9999997321446488	1.0	0.9999985920304512
B2056d_baseline1_dfof-10perc_pyseas_1000iter_training_ica-filt-0229	0.9999968674045271	0.9999999587507284	0.9999964831768309	1.0	0.9999988131819989
B2056d_baseline1_dfof-10perc_pyseas_1000iter_training_ica-filt-0230	0.9999780651986656	0.9999999985653467	0.9999975199138081	1.0	0.999992593622613
B2056d_baseline1_dfof-10perc_pyseas_1000iter_training_ica-filt-0231	0.9990698287363563	0.9999993342236909	0.9416381244153751	1.0	0.9859051520936427
B2056d_baseline1_dfof-10perc_pyseas_1000iter_training_ica-filt-0232	0.9437438851143402	0.00010398965793796367	0.9999964728331718	0.9	0.9395811519276941
B2056d_baseline1_dfof-10perc_pyseas_1000iter_training_ica-filt-0233	0.9999581034079078	0.9999999980542517	0.9999999866014443	1.0	0.999986034258832
B2056d_baseline1_dfof-10perc_pyseas_1000iter_training_ica-filt-0234	0.9999612747081434	0.9999999897601307	0.9999964685772267	1.0	0.9916536149235707
B2056d_baseline1_dfof-10perc_pyseas_1000iter_training_ica-filt-0235	0.9999957209159425	0.9999999998662439	0.9999964587974816	1.0	0.9916650965283713
B2056d_baseline1_dfof-10perc_pyseas_1000iter_training_ica-filt-0236	0.9999939155523468	0.9999999934574612	0.9999999753930868	1.0	0.9999979714220654
B2056d_baseline1_dfof-10perc_pyseas_1000iter_training_ica-filt-0237	0.9875628795381824	0.999602981359511	0.9999964702218149	1.0	0.9958541499450014
B2056d_baseline1_dfof-10perc_pyseas_1000iter_training_ica-filt-0238	0.9890222798307701	0.999966229576227	0.9999976545584055	1.0	0.9963406711590013
B2056d_baseline1_dfof-10perc_pyseas_1000iter_training_ica-filt-0239	0.9999850378584348	0.9999999965187777	0.9999977830003952	1.0	0.9999949294969896
B2056d_baseline1_dfof-10perc_pyseas_1000iter_training_ica-filt-0240	0.9999817490603433	0.99999999923598	0.9999999229892742	1.0	0.9999939147238609
B2056d_baseline1_dfof-10perc_pyseas_1000iter_training_ica-filt-0241	0.9999999400957182	0.9999999999999964	0.9999965002162271	1.0	0.9999998382205493
B2056d_baseline1_dfof-10perc_pyseas_1000iter_training_ica-filt-0242	0.9999936133274188	0.9999999979903383	0.9999999603770061	1.0	0.9999978703604384
B2056d_baseline1_dfof-10perc_pyseas_1000iter_training_ica-filt-0243	0.15015645905827243	6.028148995353923e-09	1.0000000994736041e-07	0.075	0.1000521863527608
B2056d_baseline1_dfof-10perc_pyseas_1000iter_training_ica-filt-0244	0.9688173962285441	0.004989802010751015	0.1979982764696636	0.525	0.5640365524135854
B2056d_baseline1_dfof-10perc_pyseas_1000iter_training_ica-filt-0245	0.9999421629194569	0.9999999972844568	0.9999982389887477	1.0	0.9999806574833202
B2056d_baseline1_dfof-10perc_pyseas_1000iter_training_ica-filt-0246	0.9997970427200537	0.9999994692663338	0.9999978061651057	1.0	0.999932265466201
B2056d_baseline1_dfof-10perc_pyseas_1000iter_training_ica-filt-0247	0.9999937282343013	0.9999999998410961	0.9999999333316424	1.0	0.9999979080349313
B2056d_baseline1_dfof-10perc_pyseas_1000iter_training_ica-filt-0248	0.9999982443624674	0.999999989659914	0.9999964402166382	1.0	0.9999992701274932
B2056d_baseline1_dfof-10perc_pyseas_1000iter_training_ica-filt-0249	0.9998493037098983	0.9999999686384881	0.9999868298755389	0.975	0.9999490995161827
B2056d_baseline1_dfof-10perc_pyseas_1000iter_training_ica-filt-0250	0.9999939076689452	0.9999999991179855	0.9999964340434624	1.0	0.9999978242694327
B2056d_baseline1_dfof-10perc_pyseas_1000iter_training_ica-filt-0251	0.9997632448568884	0.9999997119140243	0.9999896995009615	1.0	0.9999205802236851
B2056d_baseline1_dfof-10perc_pyseas_1000iter_training_ica-filt-0252	0.7678534622618378	0.9998025601510696	0.9999964936971751	1.0	0.9059510119668123
B2056d_baseline1_dfof-10perc_pyseas_1000iter_training_ica-filt-0253	0.9999984058120382	0.9999999998513189	0.9999999127325102	1.0	0.9999994667176351
B2056d_baseline1_dfof-10perc_pyseas_1000iter_training_ica-filt-0254	0.9999844629581868	0.9999999952802591	0.9999990861653026	1.0	0.9999947915192978
B2056d_baseline1_dfof-10perc_pyseas_1000iter_training_ica-filt-0255	0.9942800757601594	0.9986765992252015	0.999996422380583	1.0	0.9897598797449968
B2056d_baseline1_dfof-10perc_pyseas_1000iter_training_ica-filt-0256	0.9106187372527815	2.1928424847424913e-10	0.5064356719611577	0.7	0.71348616524946
B2056d_baseline1_dfof-10perc_pyseas_1000iter_training_ica-filt-0257	0.9999081557671631	0.9999999794483652	0.9999984670312646	1.0	0.9999693312762346
B2056d_baseline1_dfof-10perc_pyseas_1000iter_training_ica-filt-0258	0.9999203533877756	0.9999999931978377	0.9999999731803693	1.0	0.9999734506550847
B2056d_baseline1_dfof-10perc_pyseas_1000iter_training_ica-filt-0259	0.9955593010887578	0.000176140565344842	0.40154284521569983	0.55	0.6770821521987709
B2056d_baseline1_dfof-10perc_pyseas_1000iter_training_ica-filt-0260	0.9996613975374468	0.9999643294524566	0.7491256061322804	1.0	0.9125767469594971
B2056d_baseline1_dfof-10perc_pyseas_1000iter_training_ica-filt-0261	0.9999905318280666	0.9999999996412754	0.999998686022342	1.0	0.9999967988721297
B2056d_baseline1_dfof-10perc_pyseas_1000iter_training_ica-filt-0262	0.9999331575369155	0.9999999982321218	0.9999997674408182	1.0	0.999977713238622
B2056d_baseline1_dfof-10perc_pyseas_1000iter_training_ica-filt-0263	0.6756587691589604	0.024833079798307595	0.9999964832533622	0.95	0.8668861137704414
B2056d_baseline1_dfof-10perc_pyseas_1000iter_training_ica-filt-0264	0.9999965010696142	0.9999999994923439	0.9999964848331779	1.0	0.9999986911489486
B2056d_baseline1_dfof-10perc_pyseas_1000iter_training_ica-filt-0265	0.9998911086297546	0.9999999010574246	0.9999964730073632	1.0	0.9999635597744349
B2056d_baseline1_dfof-10perc_pyseas_1000iter_training_ica-filt-0266	0.9999914893133902	0.9999999990340722	0.999999789166316	1.0	0.9999971578082579
B2056d_baseline1_dfof-10perc_pyseas_1000iter_training_ica-filt-0267	0.999990458168766	0.999999996137854	0.999999802503439	1.0	0.999996814483323
B2056d_baseline1_dfof-10perc_pyseas_1000iter_training_ica-filt-0268	0.9999845660062185	0.9999999947592643	0.9999999810547392	1.0	0.999994855019712
B2056d_baseline1_dfof-10perc_pyseas_1000iter_training_ica-filt-0269	0.999999432120284	0.9999999999760405	0.999996460609638	1.0	0.9999996670158989
B2056d_baseline1_dfof-10perc_pyseas_1000iter_training_ica-filt-0270	0.9991531677602626	0.9999998597122143	0.9999951661386401	0.975	0.991384182332451
B2056d_baseline1_dfof-10perc_pyseas_1000iter_training_ica-filt-0271	0.9999950281967461	0.999999999794346	0.9999991794883036	1.0	0.99999831675536
B2056d_baseline1_dfof-10perc_pyseas_1000iter_training_ica-filt-0272	0.9982712987073944	0.9999469450790381	0.9999964969915177	1.0	0.9994236242715493
B2056d_baseline1_dfof-10perc_pyseas_1000iter_training_ica-filt-0273	0.9999525101737538	0.9999999843407894	0.99999881006608	1.0	0.9999841299250867
B2056d_baseline1_dfof-10perc_pyseas_1000iter_training_ica-filt-0274	0.9999907283875268	0.9999999962315035	0.9999992883172467	1.0	0.9999968874702431
B2056d_baseline1_dfof-10perc_pyseas_1000iter_training_ica-filt-0275	0.9999978719000788	0.999999999952495	0.9999977674265041	1.0	0.9999992068272322
B2056d_baseline1_dfof-10perc_pyseas_1000iter_training_ica-filt-0276	0.9999991121828153	0.9999999999610498	0.9999995960188343	1.0	0.9999996927244691
B2056d_baseline1_dfof-10perc_pyseas_1000iter_training_ica-filt-0277	0.994398718249888	0.9999265816259156	0.9999964768478018	1.0	0.9981327631634399
B2056d_baseline1_dfof-10perc_pyseas_1000iter_training_ica-filt-0278	0.9999404408888577	0.9999999916964201	0.9999997654487637	1.0	0.9999801409630104
B2056d_baseline1_dfof-10perc_pyseas_1000iter_training_ica-filt-0279	0.9999966721674962	0.9999999977838298	0.9999990763934788	1.0	0.9999988608866782
B2056d_baseline1_dfof-10perc_pyseas_1000iter_training_ica-filt-0280	0.999484037567364	0.9999969016005273	0.9999971940336704	1.0	0.9998279030168753
B2056d_baseline1_dfof-10perc_pyseas_1000iter_training_ica-filt-0281	0.4031613972814101	0.9999999999999717	0.4696895742488497	0.525	0.455123393347582
B2056d_baseline1_dfof-10perc_pyseas_1000iter_training_ica-filt-0282	0.9999964592270933	0.9999999993679457	0.9999976733549091	1.0	0.9999987317897471
B2056d_baseline1_dfof-10perc_pyseas_1000iter_training_ica-filt-0283	0.012546877446383838	3.722760476167608e-42	1.0000000994736041e-07	0.075	0.012515659148797929
B2056d_baseline1_dfof-10perc_pyseas_1000iter_training_ica-filt-0284	0.9999966263728147	0.9999999962697431	0.9999999461758128	1.0	0.9999988743860814
B2056d_baseline1_dfof-10perc_pyseas_1000iter_training_ica-filt-0285	0.9999854103954574	0.9999999987502123	0.9999964874946843	1.0	0.9999949943838281
B2056d_baseline1_dfof-10perc_pyseas_1000iter_training_ica-filt-0286	0.7030730766155263	2.608614508351362e-12	0.9999964775045358	0.9	0.8343575493164891
B2056d_baseline1_dfof-10perc_pyseas_1000iter_training_ica-filt-0287	0.9999836173107979	0.9999999879630136	0.9999999707764552	1.0	0.9999945385793122
B2056d_baseline1_dfof-10perc_pyseas_1000iter_training_ica-filt-0288	0.9999821353054467	0.9999999993534239	0.9999988340561837	1.0	0.9999940059141489
B2056d_baseline1_dfof-10perc_pyseas_1000iter_training_ica-filt-0290	0.9999227292081865	0.9999999884107088	0.999999220994356	1.0	0.9999742186235107
B2056d_baseline1_dfof-10perc_pyseas_1000iter_training_ica-filt-0291	0.5334198111973913	9.034854116604144e-06	0.4158995497879834	0.475	0.4366363964877599
B2056d_baseline1_dfof-10perc_pyseas_1000iter_training_ica-filt-0292	0.999957681875169	0.9999999610367486	0.9999994358113995	1.0	0.9999858771997713
B2056d_baseline1_dfof-10perc_pyseas_1000iter_training_ica-filt-0294	0.9958537839596561	0.9996660990947822	0.9999965194581419	1.0	0.9986177870870074
B2056d_baseline1_dfof-10perc_pyseas_1000iter_training_ica-filt-0295	0.9999491486878427	0.9999999976422967	0.99999646220862	1.0	0.9999829059477001
B2056d_baseline1_dfof-10perc_pyseas_1000iter_training_ica-filt-0296	0.999999994187805	1.0	0.9999964519833726	0.975	0.99999985396191
B2056d_baseline1_dfof-10perc_pyseas_1000iter_training_ica-filt-0297	0.9999979929017412	0.9999999998473134	0.9999964259803946	1.0	0.9999991856301449
B2056d_baseline1_dfof-10perc_pyseas_1000iter_training_ica-filt-0298	0.9999984992105151	0.9999999999460929	0.9999993472459557	1.0	0.9999994798601749
B2056d_baseline1_dfof-10perc_pyseas_1000iter_training_ica-filt-0299	0.9995210071179743	0.9986162962285687	0.9999964731857155	0.975	0.9915068592789748
B2056d_baseline1_dfof-10perc_pyseas_1000iter_training_ica-filt-0300	0.9999912280513998	0.999999998696051	0.9999991252474653	1.0	0.9999970480196326
B2056d_baseline1_dfof-10perc_pyseas_1000iter_training_ica-filt-0301	0.9999517782964532	0.9999797856005131	0.9999964778242804	1.0	0.9999837832253067
B2056d_baseline1_dfof-10perc_pyseas_1000iter_training_ica-filt-0302	0.9983103098166891	0.9986527534240456	0.9999964584911744	1.0	0.9994366261474027
B2056d_baseline1_dfof-10perc_pyseas_1000iter_training_ica-filt-0303	0.9996987721356395	0.9999941268140524	0.9999998482272329	1.0	0.9998995871068619
B2056d_baseline1_dfof-10perc_pyseas_1000iter_training_ica-filt-0304	0.9999701809823652	0.9999999993055458	0.9999999962414071	1.0	0.9999900602799109
B2056d_baseline1_dfof-10perc_pyseas_1000iter_training_ica-filt-0305	0.9860189324802539	5.032468661373396e-09	0.9999964729114329	0.825	0.9203395010533807
B2056d_baseline1_dfof-10perc_pyseas_1000iter_training_ica-filt-0306	0.9975883295972731	0.010522455513052281	0.6613058819727686	1.0	0.8865373728829963
B2056d_baseline1_dfof-10perc_pyseas_1000iter_training_ica-filt-0307	0.9999952393484945	0.9999999991511217	0.9969757027315507	1.0	0.9999968192216976
B2056d_baseline1_dfof-10perc_pyseas_1000iter_training_ica-filt-0308	0.9999995741269292	0.9999999999970549	0.9999989180915942	1.0	0.9999998221390536
B2056d_baseline1_dfof-10perc_pyseas_1000iter_training_ica-filt-0309	0.9745636177698129	0.03614906495706353	1.0000000994736041e-07	0.275	0.399854572589941
B2056d_baseline1_dfof-10perc_pyseas_1000iter_training_ica-filt-0310	0.9999933532545491	0.9999999982077058	0.9999999227597565	1.0	0.9999977827829106
B2056d_baseline1_dfof-10perc_pyseas_1000iter_training_ica-filt-0311	0.9999950845834046	0.9999999992779465	0.9999999130121368	1.0	0.9999983596484959
B2056d_baseline1_dfof-10perc_pyseas_1000iter_training_ica-filt-0312	0.999983145336646	0.999999999316568	0.9999964638490108	1.0	0.9999942382418768
B2056d_baseline1_dfof-10perc_pyseas_1000iter_training_ica-filt-0313	0.9999700987685656	0.9999999984815809	0.9999994624358796	1.0	0.9999900170859563
B2056d_baseline1_dfof-10perc_pyseas_1000iter_training_ica-filt-0314	0.9999488980411029	0.999999997242835	0.9999964311565201	1.0	0.9999828209228395
B2056d_baseline1_dfof-10perc_pyseas_1000iter_training_ica-filt-0315	0.9999967901660793	0.9999999994502549	0.9999964751279707	1.0	0.9999987870538726
B2056d_baseline1_dfof-10perc_pyseas_1000iter_training_ica-filt-0316	0.9999202656206857	0.999999956048261	0.9679270168287634	1.0	0.9932058261345599
B2056d_baseline1_dfof-10perc_pyseas_1000iter_training_ica-filt-0317	0.999887048732144	0.9999999685049398	0.999996476508262	0.975	0.9999622066414097
B2056d_baseline1_dfof-10perc_pyseas_1000iter_training_ica-filt-0318	0.9999748552459414	0.9999999976196962	0.9999998473486387	1.0	0.9999916147858604
B2056d_baseline1_dfof-10perc_pyseas_1000iter_training_ica-filt-0319	0.999993642325548	0.999999995495637	0.9999999877177358	1.0	0.9999978805850858
B2056d_baseline1_dfof-10perc_pyseas_1000iter_training_ica-filt-0320	0.1475284436870923	4.345245500878371e-33	1.0000000994736041e-07	0.0	0.057509514562367414
B2056d_baseline1_dfof-10perc_pyseas_1000iter_training_ica-filt-0321	0.3045049836954203	5.65700879786846e-05	0.5677689119726994	0.675	0.5437555670960047
B2056d_baseline1_dfof-10perc_pyseas_1000iter_training_ica-filt-0322	0.999884053033216	0.9999988079839746	0.9999999496607526	1.0	0.999961350020289
B2056d_baseline1_dfof-10perc_pyseas_1000iter_training_ica-filt-0323	0.9995671351507741	0.9024767995411386	0.9247424952720857	1.0	0.9811869014188571
B2056d_baseline1_dfof-10perc_pyseas_1000iter_training_ica-filt-0324	0.9472250857358673	5.157937759198797e-31	0.4685480075494896	0.275	0.5443739442395024
B2056d_baseline1_dfof-10perc_pyseas_1000iter_training_ica-filt-0325	0.9999986330726034	0.9999999998338129	0.9999990259648088	1.0	0.9999995126067138
B2056d_baseline1_dfof-10perc_pyseas_1000iter_training_ica-filt-0326	0.9999965543358315	0.9999999997809345	0.9999999059678287	1.0	0.9999988493866594
B2056d_baseline1_dfof-10perc_pyseas_1000iter_training_ica-filt-0327	0.9997402874096909	0.9999960709759894	0.999996492644255	1.0	0.9999132869661618
B2056d_baseline1_dfof-10perc_pyseas_1000iter_training_ica-filt-0328	0.9999150892733466	0.9999993178625086	0.9999999840057485	1.0	0.9999716961655079
B2056d_baseline1_dfof-10perc_pyseas_1000iter_training_ica-filt-0329	0.9999898982097949	0.9999999990243058	0.9999995564612447	1.0	0.9999966200905215
B2056d_baseline1_dfof-10perc_pyseas_1000iter_training_ica-filt-0330	0.9999840827232274	0.9999999883211627	0.9999997062254906	1.0	0.999994686432463
B2056d_baseline1_dfof-10perc_pyseas_1000iter_training_ica-filt-0331	0.9999943078289268	0.9999999978117328	0.9999998450059403	1.0	0.999998098914917
B2056d_baseline1_dfof-10perc_pyseas_1000iter_training_ica-filt-0332	0.9999459855150729	0.9999999913582639	0.9999996296543198	1.0	0.9999819849317898
B2056d_baseline1_dfof-10perc_pyseas_1000iter_training_ica-filt-0333	0.999991256362989	0.9999999975063948	0.9999983491893416	1.0	0.999997026588288
B2056d_baseline1_dfof-10perc_pyseas_1000iter_training_ica-filt-0334	0.999974676754058	0.9999999986930989	0.9999998933881961	1.0	0.9999915565335445
B2056d_baseline1_dfof-10perc_pyseas_1000iter_training_ica-filt-0335	0.9999886174786723	0.9999999990734114	0.999999993172259	1.0	0.9999962057306097
B2056d_baseline1_dfof-10perc_pyseas_1000iter_training_ica-filt-0336	0.9999977880194731	0.9999999999026983	0.999999980105147	1.0	0.9999992623388659
B2056d_baseline1_dfof-10perc_pyseas_1000iter_training_ica-filt-0337	0.9999974299329756	0.999999999909985	0.9999999838845043	1.0	0.999999143049752
B2056d_baseline1_dfof-10perc_pyseas_1000iter_training_ica-filt-0338	0.9998380216597893	0.9999992794173881	0.8018829185919678	1.0	0.9404052090815399
B2056d_baseline1_dfof-10perc_pyseas_1000iter_training_ica-filt-0339	0.9999910861695813	0.9999999998043485	0.9999999854406871	1.0	0.9999970284912288
B2056d_baseline1_dfof-10perc_pyseas_1000iter_training_ica-filt-0340	0.9999582223341492	0.9999999922888617	0.9999998810430536	1.0	0.9999860714006772
B2056d_baseline1_dfof-10perc_pyseas_1000iter_training_ica-filt-0341	0.9997369295820069	0.9999882886755512	0.9999964999588463	1.0	0.99991216803711
B2056d_baseline1_dfof-10perc_pyseas_1000iter_training_ica-filt-0342	0.9997602628831694	0.9999758670831566	0.9999999842631612	1.0	0.9999200873736528
B2056d_baseline1_dfof-10perc_pyseas_1000iter_training_ica-filt-0343	0.9999963234303635	0.9999982113740442	0.9999964916804496	1.0	0.9999986322606751
B2056d_baseline1_dfof-10perc_pyseas_1000iter_training_ica-filt-0344	0.9768161555293736	3.420682925349221e-06	0.9999965014934692	0.8	0.9589385767589853
B2056d_baseline1_dfof-10perc_pyseas_1000iter_training_ica-filt-0345	0.9985617973281562	0.9955564653310425	0.9999965170049548	1.0	0.9995204580936398
B2056d_baseline1_dfof-10perc_pyseas_1000iter_training_ica-filt-0346	0.998859251077734	0.9999960069796944	0.9999964616981757	1.0	0.9996196067200862
B2056d_baseline1_dfof-10perc_pyseas_1000iter_training_ica-filt-0347	0.9998407205428782	0.9999801253072712	0.6708843504982283	1.0	0.8910164968461348
B2056d_baseline1_dfof-10perc_pyseas_1000iter_training_ica-filt-0348	0.9999860519942875	0.9999999712748715	0.9999999351068026	1.0	0.9999953493310575
B2056d_baseline1_dfof-10perc_pyseas_1000iter_training_ica-filt-0349	0.9956332326683262	0.9998635948799762	0.8994399487282875	1.0	0.9721453290369123
B2056d_baseline1_dfof-10perc_pyseas_1000iter_training_ica-filt-0350	0.9999991928318412	0.9999999999798402	0.9999964296289915	1.0	0.9999995857804237
B2056d_baseline1_dfof-10perc_pyseas_1000iter_training_ica-filt-0351	0.9999643023438223	0.9999999960935942	0.9999999867721644	1.0	0.9999881005739387
B2056d_baseline1_dfof-10perc_pyseas_1000iter_training_ica-filt-0352	0.9999816356042394	0.9999999794910901	0.9999974193167511	1.0	0.9999937792443335
B2056d_baseline1_dfof-10perc_pyseas_1000iter_training_ica-filt-0353	0.9999859964684127	0.9999999965584953	0.9999964236021163	1.0	0.9999951867058746
B2056d_baseline1_dfof-10perc_pyseas_1000iter_training_ica-filt-0354	0.9985124912608186	0.999786862084033	0.9999965199312281	1.0	0.9995040228764688
B2056d_baseline1_dfof-10perc_pyseas_1000iter_training_ica-filt-0355	0.9999690895966766	0.9999999951000477	0.9999914179640393	1.0	0.9999892915341441
B2056d_baseline1_dfof-10perc_pyseas_1000iter_training_ica-filt-0356	0.9999950641991493	0.9999999988755199	0.9999964913714753	1.0	0.9999982125022827
B2056d_baseline1_dfof-10perc_pyseas_1000iter_training_ica-filt-0357	0.9999331422620235	0.9999999910372336	0.9999999941649088	1.0	0.999977714007786
B2056d_baseline1_dfof-10perc_pyseas_1000iter_training_ica-filt-0358	0.9997947741085592	0.9999275824582334	0.999986520906568	0.975	0.9999309046049878
B2056d_baseline1_dfof-10perc_pyseas_1000iter_training_ica-filt-0359	0.9999757881674047	0.9999999895852679	0.9999999946635486	1.0	0.9999919293174772
B2056d_baseline1_dfof-10perc_pyseas_1000iter_training_ica-filt-0360	0.8227373783030941	2.394901044938859e-10	0.9999964962392224	0.825	0.8909123174344442
B2056d_baseline1_dfof-10perc_pyseas_1000iter_training_ica-filt-0361	0.9998636583195765	0.9999994130049075	0.9999999363663065	1.0	0.9999545514697322
B2056d_baseline1_dfof-10perc_pyseas_1000iter_training_ica-filt-0362	0.8232733630752047	0.0007010110478086115	1.0000000994736041e-07	0.175	0.3494244876917383
B2056d_baseline1_dfof-10perc_pyseas_1000iter_training_ica-filt-0363	0.9991116878238699	0.9994300476891306	0.9999965016111774	1.0	0.999703754196064
B2056d_baseline1_dfof-10perc_pyseas_1000iter_training_ica-filt-0364	0.9999729139375291	0.9999181646236915	0.999996465652373	1.0	0.9999908278611466
B2056d_baseline1_dfof-10perc_pyseas_1000iter_training_ica-filt-0365	0.9999803951140062	0.9999425347245936	0.9566781666463298	0.975	0.9903243361482317
B2056d_baseline1_dfof-10perc_pyseas_1000iter_training_ica-filt-0366	0.9999968827087098	0.9999999994581188	0.9999996760021512	1.0	0.9999989521461395
B2056d_baseline1_dfof-10perc_pyseas_1000iter_training_ica-filt-0367	0.9999986626106208	0.9999998115783395	0.9999964222532114	1.0	0.9999994086890894
B2056d_baseline1_dfof-10perc_pyseas_1000iter_training_ica-filt-0368	0.9936408708989668	1.281498965859681e-19	0.469710462196515	0.825	0.7602912230137319
B2056d_baseline1_dfof-10perc_pyseas_1000iter_training_ica-filt-0369	0.1160626884201558	2.921642734219296e-08	1.0000000994736041e-07	0.05	0.047020929473388574
B2056d_baseline1_dfof-10perc_pyseas_1000iter_training_ica-filt-0370	0.9998800865673065	0.9999966554144825	0.9844526114170611	1.0	0.9970841532123211
B2056d_baseline1_dfof-10perc_pyseas_1000iter_training_ica-filt-0371	0.06912118301210732	5.227152554062113e-06	1.0000000994736041e-07	0.275	0.1063737610040391
B2056d_baseline1_dfof-10perc_pyseas_1000iter_training_ica-filt-0372	0.9905753493338987	0.3464075597239169	0.9999966617078757	1.0	0.9968583155923612
B2056d_baseline1_dfof-10perc_pyseas_1000iter_training_ica-filt-0373	0.9980986881739626	0.9994976036865262	0.9639005468991815	1.0	0.9832464702227562
B2056d_baseline1_dfof-10perc_pyseas_1000iter_training_ica-filt-0374	0.9999900583333038	0.9904012492694007	0.9999964693188625	1.0	0.9999965428338377
B2056d_baseline1_dfof-10perc_pyseas_1000iter_training_ica-filt-0375	0.999991756788189	0.9999997507011402	0.9999998341675038	1.0	0.9999972482638687
B2056d_baseline1_dfof-10perc_pyseas_1000iter_training_ica-filt-0376	0.9991645256461777	0.999198988291429	0.9999964802856731	1.0	0.9997213657920264
B2056d_baseline1_dfof-10perc_pyseas_1000iter_training_ica-filt-0377	0.9915893588010191	7.503017417823335e-13	0.4682836905252701	0.425	0.5923941485269263
B2056d_baseline1_dfof-10perc_pyseas_1000iter_training_ica-filt-0378	0.9694911663343985	0.9452428085643345	0.9999991713233138	1.0	0.9814970291651592
B2056d_baseline1_dfof-10perc_pyseas_1000iter_training_ica-filt-0379	0.9999402729771446	0.9999535794374779	0.9999964457893967	1.0	0.9999799465973128
B2056d_baseline1_dfof-10perc_pyseas_1000iter_training_ica-filt-0380	0.9018749779462465	0.043167514638281945	0.9999964497016508	0.975	0.9589581817729589
B2056d_baseline1_dfof-10perc_pyseas_1000iter_training_ica-filt-0381	0.9878509949713677	0.9594639190048555	0.9999999406835419	0.975	0.9959503304565511
B2056d_baseline1_dfof-10perc_pyseas_1000iter_training_ica-filt-0382	0.9999332504927743	0.9998399074168473	0.9857222663709694	0.95	0.989043279143878
B2056d_baseline1_dfof-10perc_pyseas_1000iter_training_ica-filt-0383	0.9999762885920527	0.9999994857612337	0.9999957568331425	1.0	0.9999919185413916
B2056d_baseline1_dfof-10perc_pyseas_1000iter_training_ica-filt-0384	0.9986384425068099	0.9997810697057358	0.999996434324461	1.0	0.9995460025620853
B2056d_baseline1_dfof-10perc_pyseas_1000iter_training_ica-filt-0385	0.9993187050173666	0.9636231086059666	0.9999965018915583	0.925	0.9997727599405213
B2056d_baseline1_dfof-10perc_pyseas_1000iter_training_ica-filt-0468	0.9999344688210534	0.9999999896914745	0.9999999976518953	1.0	0.9999781562462703
B2056d_baseline1_dfof-10perc_pyseas_1000iter_training_ica-filt-0481	0.9999344688210534	0.9999999896914745	0.9999999976518953	1.0	0.9999781562462703
B2056h_baseline1_dfof-10perc_pyseas_1000iter_training_ica-filt-0000	0.9999958392059082	0.9999999996721822	0.9999998038280759	1.0	0.9999986082008597
B2056h_baseline1_dfof-10perc_pyseas_1000iter_training_ica-filt-0001	0.9999911599809004	0.9999999889218768	0.9853434061729804	1.0	0.9973143882261746
B2056h_baseline1_dfof-10perc_pyseas_1000iter_training_ica-filt-0002	0.999973162982274	0.9999999962241085	0.999998400678886	1.0	0.9999909976040593
B2056h_baseline1_dfof-10perc_pyseas_1000iter_training_ica-filt-0003	0.9998415460166687	0.9999999954434725	0.999999997590038	1.0	0.9999471819772948
B2056h_baseline1_dfof-10perc_pyseas_1000iter_training_ica-filt-0004	0.9999977529052063	0.9999999998150457	0.9999925633306853	1.0	0.9999989084568633
B2056h_baseline1_dfof-10perc_pyseas_1000iter_training_ica-filt-0005	0.9999966760445251	0.9999999997840572	0.9999997378218509	1.0	0.9999988851798017
B2056h_baseline1_dfof-10perc_pyseas_1000iter_training_ica-filt-0006	0.9999907421331727	0.9999999997100116	0.9999998761549744	1.0	0.9999969112028756
B2056h_baseline1_dfof-10perc_pyseas_1000iter_training_ica-filt-0007	0.9999836111440327	0.9999999989882192	0.999999997857486	1.0	0.9999945370233845
B2056h_baseline1_dfof-10perc_pyseas_1000iter_training_ica-filt-0008	0.9999704454838478	0.9999999987150083	0.9999999676884114	1.0	0.9999901479049216
B2056h_baseline1_dfof-10perc_pyseas_1000iter_training_ica-filt-0009	0.9999602230402591	0.9999999978925197	0.9999999864446996	1.0	0.9999867408000646
B2056h_baseline1_dfof-10perc_pyseas_1000iter_training_ica-filt-0010	0.9999974381035405	0.9999999999117737	0.9999998628903151	1.0	0.9999991428336572
B2056h_baseline1_dfof-10perc_pyseas_1000iter_training_ica-filt-0011	0.9999390903755079	0.999999998446464	0.9999999555330504	1.0	0.9999796959349322
B2056h_baseline1_dfof-10perc_pyseas_1000iter_training_ica-filt-0012	0.9999577114699909	0.9999999987006412	0.9999999466426572	1.0	0.9999859027626758
B2056h_baseline1_dfof-10perc_pyseas_1000iter_training_ica-filt-0013	0.9999985063956192	0.9999999998445102	0.9999999725814076	1.0	0.999999501645282
B2056h_baseline1_dfof-10perc_pyseas_1000iter_training_ica-filt-0014	0.999971315689672	0.9999999990906083	0.9999999943595334	1.0	0.9999904384867655
B2056h_baseline1_dfof-10perc_pyseas_1000iter_training_ica-filt-0015	0.9999719074993322	0.999999999098904	0.9999999915181751	1.0	0.9999906357098599
B2056h_baseline1_dfof-10perc_pyseas_1000iter_training_ica-filt-0016	0.9999961713045167	0.9999999998112141	0.9999999825884416	1.0	0.999998723482178
B2056h_baseline1_dfof-10perc_pyseas_1000iter_training_ica-filt-0017	0.9990343130668425	0.999999612847962	0.9999964990199535	1.0	0.9996779624875417
B2056h_baseline1_dfof-10perc_pyseas_1000iter_training_ica-filt-0018	0.9997292369939722	0.9999998838554763	0.9999984410493405	1.0	0.9999096906130945
B2056h_baseline1_dfof-10perc_pyseas_1000iter_training_ica-filt-0019	0.9999954852104046	0.9999999991121413	0.9999990209612897	1.0	0.9999984631283723
B2056h_baseline1_dfof-10perc_pyseas_1000iter_training_ica-filt-0020	0.9999752394515299	0.9999999978777119	0.9999999946143894	1.0	0.9999917464114123
B2056h_baseline1_dfof-10perc_pyseas_1000iter_training_ica-filt-0021	0.9999898067627109	0.9999999994765237	0.9999999931429816	1.0	0.9999966021581423
B2056h_baseline1_dfof-10perc_pyseas_1000iter_training_ica-filt-0022	0.9999837786663117	0.9999999993795896	0.9999991308032194	1.0	0.9999945650992405
B2056h_baseline1_dfof-10perc_pyseas_1000iter_training_ica-filt-0023	0.9993900273163658	0.9999988943640725	0.9999964566250614	1.0	0.9997965318919756
B2056h_baseline1_dfof-10perc_pyseas_1000iter_training_ica-filt-0024	0.9999560948581717	0.9999999989387973	0.9999999832989331	1.0	0.9999853646803403
B2056h_baseline1_dfof-10perc_pyseas_1000iter_training_ica-filt-0025	0.9999877454999232	0.9999999992719087	0.999998955508072	1.0	0.9999958807120443
B2056h_baseline1_dfof-10perc_pyseas_1000iter_training_ica-filt-0026	0.9999963185417007	0.9999999985634727	0.999999854258222	1.0	0.999998769409293
B2056h_baseline1_dfof-10perc_pyseas_1000iter_training_ica-filt-0027	0.9999916647614556	0.9999999959530276	0.9999964490170548	0.975	0.999997077345493
B2056h_baseline1_dfof-10perc_pyseas_1000iter_training_ica-filt-0028	0.9999977807818945	0.999999999768317	0.9999999750767868	1.0	0.9999992598254579
B2056h_baseline1_dfof-10perc_pyseas_1000iter_training_ica-filt-0029	0.9999548969903574	0.9999999977331272	0.9999997610202151	1.0	0.9999849595307215
B2056h_baseline1_dfof-10perc_pyseas_1000iter_training_ica-filt-0030	0.9999300361118224	0.9999999623569086	0.9999951792771045	1.0	0.9999764724408138
B2056h_baseline1_dfof-10perc_pyseas_1000iter_training_ica-filt-0031	0.9999006206605136	0.9999999887013847	0.9999999309730907	1.0	0.9999668721198395
B2056h_baseline1_dfof-10perc_pyseas_1000iter_training_ica-filt-0032	0.9998799329221555	0.9999999449068484	0.9999964626158433	1.0	0.9999598340451455
B2056h_baseline1_dfof-10perc_pyseas_1000iter_training_ica-filt-0033	0.9999177744558946	0.9999999826088024	0.9999992485648982	1.0	0.9999725680487866
B2056h_baseline1_dfof-10perc_pyseas_1000iter_training_ica-filt-0034	0.9992706064277366	0.9999988901489707	0.9999964732907661	1.0	0.9997567257205487
B2056h_baseline1_dfof-10perc_pyseas_1000iter_training_ica-filt-0035	0.9999905537913167	0.9999999984082281	0.9999998967573194	1.0	0.9999968489672467
B2056h_baseline1_dfof-10perc_pyseas_1000iter_training_ica-filt-0036	0.9999994052650849	0.9999999999941238	0.9999964761250284	1.0	0.9999996588008669
B2056h_baseline1_dfof-10perc_pyseas_1000iter_training_ica-filt-0037	0.9999847344021855	0.999999999330635	0.9999999979797658	1.0	0.9999949114444057
B2056h_baseline1_dfof-10perc_pyseas_1000iter_training_ica-filt-0038	0.9999986322364594	0.9999999236642901	0.9999964652572342	1.0	0.999999400608692
B2056h_baseline1_dfof-10perc_pyseas_1000iter_training_ica-filt-0039	0.9999945991529888	0.9999999999069047	0.9962257725300405	1.0	0.9999955169375019
B2056h_baseline1_dfof-10perc_pyseas_1000iter_training_ica-filt-0040	0.9999598923204771	0.9999999980993765	0.9999981957612638	1.0	0.999986565456271
B2056h_baseline1_dfof-10perc_pyseas_1000iter_training_ica-filt-0041	0.9999937022896495	0.9999999997955697	0.9999999767844291	1.0	0.9999979003627315
B2056h_baseline1_dfof-10perc_pyseas_1000iter_training_ica-filt-0042	0.9999976757824932	0.9999999993798134	0.9999997137842785	1.0	0.9999992176868271
B2056h_baseline1_dfof-10perc_pyseas_1000iter_training_ica-filt-0043	0.999598937540445	0.9999996750052147	0.9999995693183703	1.0	0.9998663002953303
B2056h_baseline1_dfof-10perc_pyseas_1000iter_training_ica-filt-0044	0.9999936666681125	0.9999999995763442	0.9999999814811056	1.0	0.9999978885819759
B2056h_baseline1_dfof-10perc_pyseas_1000iter_training_ica-filt-0045	0.9999907790316542	0.999999997275209	0.9999999887042663	1.0	0.9999969261715332
B2056h_baseline1_dfof-10perc_pyseas_1000iter_training_ica-filt-0046	0.9999981876081004	0.9999999999223235	0.9999994668006346	1.0	0.9999993801828425
B2056h_baseline1_dfof-10perc_pyseas_1000iter_training_ica-filt-0047	0.9999485856262246	0.9999999930804934	0.999996461496618	1.0	0.9999827182266762
B2056h_baseline1_dfof-10perc_pyseas_1000iter_training_ica-filt-0048	0.9999649780763683	0.9999994570900519	0.9999964752397467	1.0	0.9999881830292745
B2056h_baseline1_dfof-10perc_pyseas_1000iter_training_ica-filt-0049	0.9999990461803573	0.9999999998585469	0.9999994768116606	1.0	0.9999996667177019
B2056h_baseline1_dfof-10perc_pyseas_1000iter_training_ica-filt-0050	0.9993041649803668	0.9999998723538834	0.9999999167823831	1.0	0.9997680532091219
B2056h_baseline1_dfof-10perc_pyseas_1000iter_training_ica-filt-0051	0.9998949429121243	0.9999999933504463	0.9999996701240718	1.0	0.9999649720277387
B2056h_baseline1_dfof-10perc_pyseas_1000iter_training_ica-filt-0052	0.9999926214192433	0.9999999994672599	0.9999996902969464	1.0	0.9999975321667339
B2056h_baseline1_dfof-10perc_pyseas_1000iter_training_ica-filt-0053	0.9999936425806222	0.9999999996045155	0.9999987083410082	1.0	0.9999978366841601
B2056h_baseline1_dfof-10perc_pyseas_1000iter_training_ica-filt-0054	0.9999927344017299	0.9999999900948532	0.9999986424206893	1.0	0.9999975313084036
B2056h_baseline1_dfof-10perc_pyseas_1000iter_training_ica-filt-0055	0.999993898392923	0.9999999978379944	0.9999995689511001	1.0	0.9999979539006288
B2056h_baseline1_dfof-10perc_pyseas_1000iter_training_ica-filt-0056	0.9999203145669082	0.9999999819664682	0.9999997202097634	1.0	0.9999734308135722
B2056h_baseline1_dfof-10perc_pyseas_1000iter_training_ica-filt-0057	0.9999226243029725	0.9999999212039934	0.9999964764767515	1.0	0.9999740651635235
B2056h_baseline1_dfof-10perc_pyseas_1000iter_training_ica-filt-0058	0.999997939785782	0.9999999993915889	0.9999964818423712	1.0	0.9999991705790977
B2056h_baseline1_dfof-10perc_pyseas_1000iter_training_ica-filt-0059	0.9999999981811203	1.0	0.9999964795049643	1.0	0.9999998565999583
B2056h_baseline1_dfof-10perc_pyseas_1000iter_training_ica-filt-0060	0.9999635555656482	0.9999999918950132	0.9999964951371619	1.0	0.9999877098030364
B2056h_baseline1_dfof-10perc_pyseas_1000iter_training_ica-filt-0061	0.9999924759098818	0.999999987766545	0.9999992789596417	1.0	0.9999974696389295
B2056h_baseline1_dfof-10perc_pyseas_1000iter_training_ica-filt-0062	0.9999463111670951	0.9999994466145314	0.9999964573880902	1.0	0.9999819598784686
B2056h_baseline1_dfof-10perc_pyseas_1000iter_training_ica-filt-0063	0.9995311446685914	0.9992254625039624	0.9999964971234678	1.0	0.9915102395982048
B2056h_baseline1_dfof-10perc_pyseas_1000iter_training_ica-filt-0064	0.9999092601947118	0.999999998035296	0.9999998021446689	1.0	0.9999697484815395
B2056h_baseline1_dfof-10perc_pyseas_1000iter_training_ica-filt-0065	0.9999951950840555	0.9999999996893258	0.9999991103191767	1.0	0.999998369803925
B2056h_baseline1_dfof-10perc_pyseas_1000iter_training_ica-filt-0066	0.9999874880216922	0.9999999940697678	0.9999998339896835	1.0	0.9999958253366845
B2056h_baseline1_dfof-10perc_pyseas_1000iter_training_ica-filt-0067	0.9998914514771028	0.9999999850182669	0.9999998134211234	1.0	0.9999638125686622
B2056h_baseline1_dfof-10perc_pyseas_1000iter_training_ica-filt-0068	0.9999995382966558	0.9999999999867947	0.9999999190214102	1.0	0.9999998443706085
B2056h_baseline1_dfof-10perc_pyseas_1000iter_training_ica-filt-0069	0.9999887031246109	0.9999999982632097	0.9999999919034048	1.0	0.9999962342581457
B2056h_baseline1_dfof-10perc_pyseas_1000iter_training_ica-filt-0070	0.9999873636826542	0.9999999997393925	0.9999964808993107	1.0	0.9999956451666381
B2056h_baseline1_dfof-10perc_pyseas_1000iter_training_ica-filt-0071	0.9999993719798458	0.9999999999758806	0.9999964359188854	1.0	0.9999996457955908
B2056h_baseline1_dfof-10perc_pyseas_1000iter_training_ica-filt-0072	0.9999898014073045	0.999999974123423	0.9970971150900801	1.0	0.9999951528459268
B2056h_baseline1_dfof-10perc_pyseas_1000iter_training_ica-filt-0073	0.9999710595173246	0.9999999965914396	0.999998044704802	1.0	0.9999902814118536
B2056h_baseline1_dfof-10perc_pyseas_1000iter_training_ica-filt-0074	0.9999660211831191	0.9999999914677816	0.9999988405896832	1.0	0.9999886347968775
B2056h_baseline1_dfof-10perc_pyseas_1000iter_training_ica-filt-0075	0.9999564963659031	0.9999999863882804	0.9856230341799624	1.0	0.997363045226698
B2056h_baseline1_dfof-10perc_pyseas_1000iter_training_ica-filt-0076	0.9999845682572224	0.999999996342627	0.9999968190540116	1.0	0.9999947292701069
B2056h_baseline1_dfof-10perc_pyseas_1000iter_training_ica-filt-0077	0.9999939469115903	0.9999999996029629	0.9999999823723595	1.0	0.9999979820137109
B2056h_baseline1_dfof-10perc_pyseas_1000iter_training_ica-filt-0078	0.9999944565590246	0.9999999991982201	0.9999964245381184	1.0	0.9999980067806159
B2056h_baseline1_dfof-10perc_pyseas_1000iter_training_ica-filt-0079	0.9999866423868444	0.9999999524414113	0.9999964489853093	1.0	0.9999954032191138
B2056h_baseline1_dfof-10perc_pyseas_1000iter_training_ica-filt-0080	0.9997232225719734	0.9999999296004177	0.9999964643436658	1.0	0.9999075973438112
B2056h_baseline1_dfof-10perc_pyseas_1000iter_training_ica-filt-0081	0.9999951352691245	0.9999999993218172	0.9999998805763323	1.0	0.9999983756998846
B2056h_baseline1_dfof-10perc_pyseas_1000iter_training_ica-filt-0082	0.9999983280759004	0.9999999998089635	0.9999999381750283	1.0	0.9999994414317618
B2056h_baseline1_dfof-10perc_pyseas_1000iter_training_ica-filt-0083	0.9999920958153682	0.9999999995394653	0.9999996130955361	1.0	0.999997354494074
B2056h_baseline1_dfof-10perc_pyseas_1000iter_training_ica-filt-0084	0.9999982152267513	0.9999999997380958	0.9999999381550778	1.0	0.9999994038149028
B2056h_baseline1_dfof-10perc_pyseas_1000iter_training_ica-filt-0085	0.9999958655203444	0.999999999680341	0.9999996430452393	1.0	0.9999986120321628
B2056h_baseline1_dfof-10perc_pyseas_1000iter_training_ica-filt-0086	0.9999928856827348	0.999999999540865	0.9999999925693248	1.0	0.9999976284553425
B2056h_baseline1_dfof-10perc_pyseas_1000iter_training_ica-filt-0087	0.9999997996977982	0.9999999999999787	0.9999964738605387	1.0	0.9916664568376166
B2056h_baseline1_dfof-10perc_pyseas_1000iter_training_ica-filt-0088	0.9999999994751989	1.0	0.9999964707846022	0.975	0.9999998566173932
B2056h_baseline1_dfof-10perc_pyseas_1000iter_training_ica-filt-0089	0.9999980832743077	0.999999998903192	0.9999988675743884	1.0	0.9999993232187808
B2056h_baseline1_dfof-10perc_pyseas_1000iter_training_ica-filt-0090	0.9999963369764694	0.999999999225068	0.9999965055598625	1.0	0.9999986374341029
B2056h_baseline1_dfof-10perc_pyseas_1000iter_training_ica-filt-0091	0.999985270128067	0.9999999764945237	0.9999999257966077	1.0	0.9999950884824079
B2056h_baseline1_dfof-10perc_pyseas_1000iter_training_ica-filt-0092	0.9999977244029103	0.9999999999694111	0.9590827091212422	1.0	0.9909643461725789
B2056h_baseline1_dfof-10perc_pyseas_1000iter_training_ica-filt-0093	0.9999964618652335	0.999999474424294	0.9753918313848358	1.0	0.995053212767521
B2056h_baseline1_dfof-10perc_pyseas_1000iter_training_ica-filt-0094	0.9999941098156755	0.9999999998719602	0.99999646653576	1.0	0.9999978931958116
B2056h_baseline1_dfof-10perc_pyseas_1000iter_training_ica-filt-0095	0.9999646758367035	0.9999999914351162	0.9999999311900977	1.0	0.9999882238505097
B2056h_baseline1_dfof-10perc_pyseas_1000iter_training_ica-filt-0096	0.9999893072892808	0.9999999942183565	0.9999977520396478	1.0	0.9999963512807413
B2056h_baseline1_dfof-10perc_pyseas_1000iter_training_ica-filt-0097	0.9999999419953962	0.9999999999999964	0.999996468091078	1.0	0.9999998373295718
B2056h_baseline1_dfof-10perc_pyseas_1000iter_training_ica-filt-0098	0.9999557467221522	0.9999999923357771	0.9864802611084657	1.0	0.9975460258301915
B2056h_baseline1_dfof-10perc_pyseas_1000iter_training_ica-filt-0099	0.9999922735106288	0.9999999986086038	0.9999999561449694	1.0	0.999997423660424
B2056h_baseline1_dfof-10perc_pyseas_1000iter_training_ica-filt-0100	0.9999959663723158	0.9999999990820019	0.9999964758388702	1.0	0.9999985124896948
B2056h_baseline1_dfof-10perc_pyseas_1000iter_training_ica-filt-0101	0.9988055855665022	0.9999949104426542	0.9999964513486693	1.0	0.999601717724648
B2056h_baseline1_dfof-10perc_pyseas_1000iter_training_ica-filt-0102	0.9999920739516214	0.9999999987872795	0.9999975744682682	1.0	0.9999972656417152
B2056h_baseline1_dfof-10perc_pyseas_1000iter_training_ica-filt-0103	0.9999695906445515	0.9999999953998647	0.9999969576045505	1.0	0.9999897431711543
B2056h_baseline1_dfof-10perc_pyseas_1000iter_training_ica-filt-0104	0.9999998739808432	0.9999999999962448	0.9999964680277712	1.0	0.9999998146550481
B2056h_baseline1_dfof-10perc_pyseas_1000iter_training_ica-filt-0105	0.9999821118149417	0.999999997150372	0.9999999972688471	1.0	0.9999940372389292
B2056h_baseline1_dfof-10perc_pyseas_1000iter_training_ica-filt-0106	0.9999994921646916	0.9999999999976925	0.9999988608181591	1.0	0.9999997925843696
B2056h_baseline1_dfof-10perc_pyseas_1000iter_training_ica-filt-0107	0.9999951889642746	0.9999999985205612	0.9999997010916764	1.0	0.9999983883528807
B2056h_baseline1_dfof-10perc_pyseas_1000iter_training_ica-filt-0108	0.9999814696544186	0.9999999824451857	0.9999965089802937	1.0	0.9999936818221894
B2056h_baseline1_dfof-10perc_pyseas_1000iter_training_ica-filt-0109	0.9999970182088276	0.9999999984280664	0.999996466112629	1.0	0.9999988626401025
B2056h_baseline1_dfof-10perc_pyseas_1000iter_training_ica-filt-0110	0.9999946483343551	0.9999999998897291	0.9999913259901517	1.0	0.9999978060313155
B2056h_baseline1_dfof-10perc_pyseas_1000iter_training_ica-filt-0111	0.9991450918364579	0.9999992149067554	0.9999964547575794	1.0	0.9997148866432806
B2056h_baseline1_dfof-10perc_pyseas_1000iter_training_ica-filt-0112	0.9999862955088706	0.9999999882239906	0.9999999638641441	1.0	0.9999954311641135
B2056h_baseline1_dfof-10perc_pyseas_1000iter_training_ica-filt-0113	0.9999890356809689	0.999999999786418	0.9999999918772678	1.0	0.9999963451098238
B2056h_baseline1_dfof-10perc_pyseas_1000iter_training_ica-filt-0114	0.9999995962248684	0.9999999992800888	0.9999964868181647	1.0	0.9999997229615385
B2056h_baseline1_dfof-10perc_pyseas_1000iter_training_ica-filt-0115	0.9999889932331139	0.9999999964922656	0.9999946476874801	1.0	0.9999960979621929
B2056h_baseline1_dfof-10perc_pyseas_1000iter_training_ica-filt-0116	0.9999899682483746	0.19068950333905918	0.9999964803704022	0.825	0.9583298466634461
B2056h_baseline1_dfof-10perc_pyseas_1000iter_training_ica-filt-0117	0.9999545536470369	0.9999993989626107	0.9999965202665607	1.0	0.999984710354424
B2056h_baseline1_dfof-10perc_pyseas_1000iter_training_ica-filt-0118	0.9999765331666918	0.9999998547235514	0.9524684128589211	1.0	0.9891959859371421
B2056h_baseline1_dfof-10perc_pyseas_1000iter_training_ica-filt-0119	0.9999989594452844	0.999999999969024	0.9999988662320851	1.0	0.9999996152232367
B2056h_baseline1_dfof-10perc_pyseas_1000iter_training_ica-filt-0120	0.00011786200220544251	1.776926622800293e-130	1.0000000994736041e-07	0.0	3.932066740512996e-05
B2056h_baseline1_dfof-10perc_pyseas_1000iter_training_ica-filt-0121	0.9999330884356241	0.9999999428235941	0.9999964454028256	1.0	0.9999775517317643
B2056h_baseline1_dfof-10perc_pyseas_1000iter_training_ica-filt-0122	0.9999984262490687	0.9999999999721378	0.9999947754228375	1.0	0.999999248796367
B2056h_baseline1_dfof-10perc_pyseas_1000iter_training_ica-filt-0123	0.9999819495189776	0.999999998327711	0.9999964709791149	1.0	0.9999938399745542
B2056h_baseline1_dfof-10perc_pyseas_1000iter_training_ica-filt-0124	0.9999964992156398	0.9999999986500328	0.9999965092533031	1.0	0.9999986916888673
B2056h_baseline1_dfof-10perc_pyseas_1000iter_training_ica-filt-0125	0.99999480782316	0.9999999817915788	0.9999954672383524	1.0	0.9999980773518086
B2056h_baseline1_dfof-10perc_pyseas_1000iter_training_ica-filt-0126	0.11041299484155108	0.014187743914323802	0.45659988788943395	0.825	0.40254436987060044
B2056h_baseline1_dfof-10perc_pyseas_1000iter_training_ica-filt-0127	0.9999917152509347	0.9999999990166285	0.9999999839216485	1.0	0.9999972381564429
B2056h_baseline1_dfof-10perc_pyseas_1000iter_training_ica-filt-0128	0.9999781493228423	0.9999999985612344	0.999999967312428	1.0	0.9999927158432143
B2056h_baseline1_dfof-10perc_pyseas_1000iter_training_ica-filt-0129	0.9999973089250968	0.9999999893560202	0.9999993687331129	1.0	0.9999990838618764
B2056h_baseline1_dfof-10perc_pyseas_1000iter_training_ica-filt-0130	0.9986793162933527	0.9988771186914474	0.9999964384474244	1.0	0.982892960686999
B2056h_baseline1_dfof-10perc_pyseas_1000iter_training_ica-filt-0131	0.999996520461981	0.9999985093616094	0.9999964700081586	1.0	0.999998696909457
B2056h_baseline1_dfof-10perc_pyseas_1000iter_training_ica-filt-0132	0.9998983506991154	0.9999995218446045	0.9999989972563069	1.0	0.9999660840510796
B2056h_baseline1_dfof-10perc_pyseas_1000iter_training_ica-filt-0133	0.9999826759232009	0.9999999941827068	0.9999994261786528	1.0	0.9999942082137904
B2056h_baseline1_dfof-10perc_pyseas_1000iter_training_ica-filt-0134	0.9999986527921905	0.9999999999532961	0.9999976251405636	1.0	0.9999994608417749
B2056h_baseline1_dfof-10perc_pyseas_1000iter_training_ica-filt-0135	0.9999762604402875	0.9999999947883095	0.9999993978609065	1.0	0.9999920687282122
B2056h_baseline1_dfof-10perc_pyseas_1000iter_training_ica-filt-0136	0.9999970389240894	0.9999999005566306	0.9999965205621096	1.0	0.9999988721274393
B2056h_baseline1_dfof-10perc_pyseas_1000iter_training_ica-filt-0137	0.9983529403931807	0.983607021262716	0.9999965169634901	1.0	0.991117505780017
B2056h_baseline1_dfof-10perc_pyseas_1000iter_training_ica-filt-0138	0.9999944321335664	0.9999999999654695	0.9999994885418837	1.0	0.9999981291038811
B2056h_baseline1_dfof-10perc_pyseas_1000iter_training_ica-filt-0139	0.9999891423600048	0.9999999991649845	0.9999999158571071	1.0	0.9999963789790937
B2056h_baseline1_dfof-10perc_pyseas_1000iter_training_ica-filt-0140	0.9999627597414714	0.9999990776659109	0.9999965022681444	1.0	0.9999874448664081
B2056h_baseline1_dfof-10perc_pyseas_1000iter_training_ica-filt-0141	0.9999948237118341	0.9999999998756479	0.9999964494493709	1.0	0.9999981303494985
B2056h_baseline1_dfof-10perc_pyseas_1000iter_training_ica-filt-0142	0.9999822183587768	0.9999999966220124	0.9999987948823235	0.975	0.9999940320535354
B2056h_baseline1_dfof-10perc_pyseas_1000iter_training_ica-filt-0143	0.9999985914707246	0.9999999984797387	0.9999964505845779	1.0	0.9999993863230779
B2056h_baseline1_dfof-10perc_pyseas_1000iter_training_ica-filt-0144	0.9999921449036105	0.9999999882928564	0.9999864238332816	1.0	0.9999966890812754
B2056h_baseline1_dfof-10perc_pyseas_1000iter_training_ica-filt-0145	0.9999985015106251	0.9999999946531962	0.9999964494187122	1.0	0.9999993562809717
B2056h_baseline1_dfof-10perc_pyseas_1000iter_training_ica-filt-0146	0.9999946031904862	0.9999999624063144	0.9923493420436881	1.0	0.9987498042516146
B2056h_baseline1_dfof-10perc_pyseas_1000iter_training_ica-filt-0147	0.9999997426486437	0.999999999993145	0.9999964774034675	1.0	0.9999997713227314
B2056h_baseline1_dfof-10perc_pyseas_1000iter_training_ica-filt-0148	0.999951245498438	0.9999999932937574	0.9972176926144104	1.0	0.9999824381779229
B2056h_baseline1_dfof-10perc_pyseas_1000iter_training_ica-filt-0149	0.9999984972199402	0.9999999998905179	0.999999981831304	1.0	0.9999994987727105
B2056h_baseline1_dfof-10perc_pyseas_1000iter_training_ica-filt-0150	0.9755641041876214	0.08035951631697631	0.9999964838402798	0.95	0.9418545588078425
B2056h_baseline1_dfof-10perc_pyseas_1000iter_training_ica-filt-0151	0.9999807840820409	0.9999999984446912	0.9999999910948218	1.0	0.9999935945635329
B2056h_baseline1_dfof-10perc_pyseas_1000iter_training_ica-filt-0152	0.989993399112676	0.9999824456572258	0.9999964425269584	1.0	0.9966643218207366
B2056h_baseline1_dfof-10perc_pyseas_1000iter_training_ica-filt-0153	0.9999788773628061	0.9999999993729407	0.9999999982185201	1.0	0.9999929591010926
B2056h_baseline1_dfof-10perc_pyseas_1000iter_training_ica-filt-0154	0.9994198004430858	0.025352770083432626	0.7881636084560577	0.925	0.9186223412428687
B2056h_baseline1_dfof-10perc_pyseas_1000iter_training_ica-filt-0155	0.9936845603213738	0.999966962332801	0.9737573767536075	1.0	0.9925583680559186
B2056h_baseline1_dfof-10perc_pyseas_1000iter_training_ica-filt-0156	0.9998971886210679	0.9999999978291374	0.9899057202162728	1.0	0.9982363893944043
B2056h_baseline1_dfof-10perc_pyseas_1000iter_training_ica-filt-0157	0.9997911259228257	0.9999996195740564	0.9999964643908033	1.0	0.999930231796334
B2056h_baseline1_dfof-10perc_pyseas_1000iter_training_ica-filt-0158	0.9999999452136109	0.9999999955858813	0.5	0.95	0.807537350689818
B2056h_baseline1_dfof-10perc_pyseas_1000iter_training_ica-filt-0159	0.9999978674408089	0.999999999906052	0.999999301403576	1.0	0.9999992676271523
B2056h_baseline1_dfof-10perc_pyseas_1000iter_training_ica-filt-0160	0.9999841034634995	0.9999999855308009	0.999999973521345	1.0	0.999994700687374
B2056h_baseline1_dfof-10perc_pyseas_1000iter_training_ica-filt-0161	0.9999910807511705	0.9999999961234886	0.9999999272945895	1.0	0.9999970253935758
B2056h_baseline1_dfof-10perc_pyseas_1000iter_training_ica-filt-0162	0.9999999773322773	0.9999999999999964	0.9999972803582337	1.0	0.9999998868699033
B2056h_baseline1_dfof-10perc_pyseas_1000iter_training_ica-filt-0163	0.9999014355261253	0.9999989682672876	0.9972781903688551	1.0	0.999965900790594
B2056h_baseline1_dfof-10perc_pyseas_1000iter_training_ica-filt-0164	0.9997951496949802	0.9999998018283219	0.999996464223512	1.0	0.999931573045774
B2056h_baseline1_dfof-10perc_pyseas_1000iter_training_ica-filt-0165	0.9999715755041515	0.99999994847632	0.9999994663916932	1.0	0.9999905094674463
B2056h_baseline1_dfof-10perc_pyseas_1000iter_training_ica-filt-0166	0.9999927175660721	0.9999999995552501	0.9999999662068744	1.0	0.9999975719005626
B2056h_baseline1_dfof-10perc_pyseas_1000iter_training_ica-filt-0167	0.9999970971728925	0.9999999996434106	0.99998646857854	1.0	0.9999983425068516
B2056h_baseline1_dfof-10perc_pyseas_1000iter_training_ica-filt-0168	0.9999988686956711	0.9999999988457963	0.9999976127232211	1.0	0.999999532258199
B2056h_baseline1_dfof-10perc_pyseas_1000iter_training_ica-filt-0169	0.9998712276489525	0.9999999838845464	0.9999964473025164	1.0	0.9999569315598368
B2056h_baseline1_dfof-10perc_pyseas_1000iter_training_ica-filt-0170	0.9999999358575659	0.9999999999984048	0.9999914934314509	1.0	0.9999995777842003
B2056h_baseline1_dfof-10perc_pyseas_1000iter_training_ica-filt-0171	0.9997755060191218	0.999999796383617	0.9968338555798315	1.0	0.9999233935358686
B2056h_baseline1_dfof-10perc_pyseas_1000iter_training_ica-filt-0172	0.9999170474982569	0.9999999580688348	0.9965006619614635	1.0	0.9999701033938267
B2056h_baseline1_dfof-10perc_pyseas_1000iter_training_ica-filt-0173	0.999986180673558	0.999999997852287	0.9999964629642154	1.0	0.9999952499788257
B2056h_baseline1_dfof-10perc_pyseas_1000iter_training_ica-filt-0174	0.9999931383651957	0.9999999993078107	0.9999999539597558	1.0	0.9999977118959057
B2056h_baseline1_dfof-10perc_pyseas_1000iter_training_ica-filt-0175	0.999959995666853	0.9999999732638121	0.9999992940079786	1.0	0.9999866434356656
B2056h_baseline1_dfof-10perc_pyseas_1000iter_training_ica-filt-0176	0.9999963506465295	0.9999999992522836	0.9999999207351553	1.0	0.9999987818632947
B2056h_baseline1_dfof-10perc_pyseas_1000iter_training_ica-filt-0177	0.999968406540191	0.9999999938576584	0.9999989271933617	1.0	0.9999894332966649
B2056h_baseline1_dfof-10perc_pyseas_1000iter_training_ica-filt-0178	0.999997217130744	0.9999999999693472	0.9999964615738336	1.0	0.9999989287318503
B2056h_baseline1_dfof-10perc_pyseas_1000iter_training_ica-filt-0179	0.9999995633793181	0.9999999996540385	0.9924977033373206	1.0	0.9987798562047315
B2056h_baseline1_dfof-10perc_pyseas_1000iter_training_ica-filt-0180	0.0005738838899608988	2.4544487168245363e-17	0.09807353046092036	0.15	0.07103035591110873
B2056h_baseline1_dfof-10perc_pyseas_1000iter_training_ica-filt-0181	0.9999660087813345	0.9999998790122453	0.9999964492249216	1.0	0.9999885253619981
B2056h_baseline1_dfof-10perc_pyseas_1000iter_training_ica-filt-0182	0.9953512246955161	0.9995433317061785	0.9999991012695574	1.0	0.9984503793342004
B2056h_baseline1_dfof-10perc_pyseas_1000iter_training_ica-filt-0183	0.9999842726210868	0.9999999995290807	0.9999997215064265	1.0	0.9999947502049503
B2056h_baseline1_dfof-10perc_pyseas_1000iter_training_ica-filt-0184	0.999990628776048	0.9999999995196234	0.999999568788846	1.0	0.9999968640229495
B2056h_baseline1_dfof-10perc_pyseas_1000iter_training_ica-filt-0185	0.999915426093475	0.9999999938205503	0.999999699435977	1.0	0.9999718006776014
B2056h_baseline1_dfof-10perc_pyseas_1000iter_training_ica-filt-0186	0.9999488050373552	0.9999989867109155	0.9999965216787077	1.0	0.9999827942180776
B2056h_baseline1_dfof-10perc_pyseas_1000iter_training_ica-filt-0187	0.9999971366826238	0.9999999995771064	0.9999964826305511	1.0	0.9999989029154444
B2056h_baseline1_dfof-10perc_pyseas_1000iter_training_ica-filt-0188	0.9999788491615731	0.9999999964668193	0.9535958146751367	1.0	0.9895006114936317
B2056h_baseline1_dfof-10perc_pyseas_1000iter_training_ica-filt-0189	0.9999963772102705	0.9999999999403002	0.999999745739338	1.0	0.9999987858093178
B2056h_baseline1_dfof-10perc_pyseas_1000iter_training_ica-filt-0190	0.9999974747270391	0.999999994440934	0.999999912812126	1.0	0.9999991563579825
B2056h_baseline1_dfof-10perc_pyseas_1000iter_training_ica-filt-0191	0.9999991438285148	0.999999999982899	0.99999647698922	1.0	0.9999995716963608
B2056h_baseline1_dfof-10perc_pyseas_1000iter_training_ica-filt-0192	0.9999981665258265	0.999999999941542	0.9999998848867716	1.0	0.9999993862334584
B2056h_baseline1_dfof-10perc_pyseas_1000iter_training_ica-filt-0193	0.9999998951947396	0.9999999999967991	0.9999965013977387	1.0	0.9999998233095689
B2056h_baseline1_dfof-10perc_pyseas_1000iter_training_ica-filt-0194	0.9999939059868188	0.9999999965391987	0.9999989194948213	1.0	0.9999979328135016
B2056h_baseline1_dfof-10perc_pyseas_1000iter_training_ica-filt-0195	0.9999877808617531	0.999999986068307	0.9999980077032603	1.0	0.9999958536018086
B2056h_baseline1_dfof-10perc_pyseas_1000iter_training_ica-filt-0196	0.9999943763817366	0.9999999993041887	0.9999948767147536	1.0	0.999997903972326
B2056h_baseline1_dfof-10perc_pyseas_1000iter_training_ica-filt-0197	0.9999999233925924	0.9999999999997264	0.9999981366163828	1.0	0.9999999066346432
B2056h_baseline1_dfof-10perc_pyseas_1000iter_training_ica-filt-0198	0.999992118897425	0.9999999986914273	0.9999992472758076	1.0	0.999997349482241
B2056h_baseline1_dfof-10perc_pyseas_1000iter_training_ica-filt-0199	0.9999609540080826	0.9999999645507198	0.9999964581005247	0.975	0.9999868408593094
B2056h_baseline1_dfof-10perc_pyseas_1000iter_training_ica-filt-0200	0.9999984920047026	0.9999999999784599	0.9999976299293122	1.0	0.9999994074584636
B2056h_baseline1_dfof-10perc_pyseas_1000iter_training_ica-filt-0201	0.9999663147991873	0.9999999885578693	0.9999964580364227	1.0	0.9999886277866324
B2056h_baseline1_dfof-10perc_pyseas_1000iter_training_ica-filt-0202	0.999998757160666	0.9999999999793765	0.9593597679715035	1.0	0.9910373058035485
B2056h_baseline1_dfof-10perc_pyseas_1000iter_training_ica-filt-0203	0.999999769716452	0.999999999994925	0.9999964703201254	1.0	0.9999997800090922
B2056h_baseline1_dfof-10perc_pyseas_1000iter_training_ica-filt-0204	0.9999987926141157	0.9999999999485691	0.9999982120423206	1.0	0.9999995329099628
B2056h_baseline1_dfof-10perc_pyseas_1000iter_training_ica-filt-0205	0.9999887283132198	0.9999938716906897	0.9999964207177059	1.0	0.9999960971835501
B2056h_baseline1_dfof-10perc_pyseas_1000iter_training_ica-filt-0206	0.9999809758637931	0.9999999985781631	0.9957147590577672	1.0	0.9999900419235851
B2056h_baseline1_dfof-10perc_pyseas_1000iter_training_ica-filt-0207	0.99993294046946	0.999999970372111	0.9999967462164782	1.0	0.999977516603383
B2056h_baseline1_dfof-10perc_pyseas_1000iter_training_ica-filt-0208	0.9999976123075579	0.9999999997507008	0.9999999355162119	1.0	0.9999992027786567
B2056h_baseline1_dfof-10perc_pyseas_1000iter_training_ica-filt-0209	0.9999935810595815	0.9999999995751613	0.9999992695714254	1.0	0.9999978376815367
B2056h_baseline1_dfof-10perc_pyseas_1000iter_training_ica-filt-0210	0.002789393446578914	7.679058912500574e-19	1.0000000994736041e-07	0.0	0.017596497815529622
B2056h_baseline1_dfof-10perc_pyseas_1000iter_training_ica-filt-0211	0.9999941899831605	0.9999999736287042	0.9999964997118287	1.0	0.99999792149245
B2056h_baseline1_dfof-10perc_pyseas_1000iter_training_ica-filt-0212	0.9999941710406287	0.9999999960479152	0.9999997426372911	1.0	0.99999805032519
B2056h_baseline1_dfof-10perc_pyseas_1000iter_training_ica-filt-0213	0.9999902521249817	0.9999999988664996	0.9701893793534692	1.0	0.9937909871640326
B2056h_baseline1_dfof-10perc_pyseas_1000iter_training_ica-filt-0214	0.9999840138031134	0.9999999972867589	0.9999984972875813	1.0	0.9999946185327747
B2056h_baseline1_dfof-10perc_pyseas_1000iter_training_ica-filt-0215	0.9999975816522588	0.9999999999358717	0.9999964765261806	1.0	0.999999050948965
B2056h_baseline1_dfof-10perc_pyseas_1000iter_training_ica-filt-0216	0.9999856294304498	0.9999999982118838	0.9999966094374161	1.0	0.9999950731630091
B2056h_baseline1_dfof-10perc_pyseas_1000iter_training_ica-filt-0217	0.9999431450967088	0.9999999932096452	0.9999995317746275	1.0	0.9999810348919539
B2056h_baseline1_dfof-10perc_pyseas_1000iter_training_ica-filt-0218	0.9999969281715325	0.9999999998814603	0.9999996724191591	1.0	0.9999989671869797
B2056h_baseline1_dfof-10perc_pyseas_1000iter_training_ica-filt-0219	0.9999877188615724	0.9999999974152392	0.9999920407859199	1.0	0.9999955354562228
B2056h_baseline1_dfof-10perc_pyseas_1000iter_training_ica-filt-0220	0.9999995030004677	0.9999999999511004	0.9965847543080192	1.0	0.9999977133707203
B2056h_baseline1_dfof-10perc_pyseas_1000iter_training_ica-filt-0221	0.9999975202750839	0.9999999961865386	0.9999964926389795	1.0	0.9999990312543758
B2056h_baseline1_dfof-10perc_pyseas_1000iter_training_ica-filt-0222	0.9998487494972129	0.9999999312051198	0.9999964906291043	1.0	0.9999494408997598
B2056h_baseline1_dfof-10perc_pyseas_1000iter_training_ica-filt-0223	0.9999858955847623	0.9999887036753304	0.9920284938845687	1.0	0.9986851517400085
B2056h_baseline1_dfof-10perc_pyseas_1000iter_training_ica-filt-0224	0.9999903767865211	0.9999999987320365	0.9999989613136735	1.0	0.9999967580315708
B2056h_baseline1_dfof-10perc_pyseas_1000iter_training_ica-filt-0225	0.9999998383134346	0.9999999999916014	0.9999971855338945	1.0	0.9999998362106792
B2056h_baseline1_dfof-10perc_pyseas_1000iter_training_ica-filt-0226	0.9999999680991879	0.999999999999787	0.9999964440079886	1.0	0.9999998448866475
B2056h_baseline1_dfof-10perc_pyseas_1000iter_training_ica-filt-0227	0.9999983638317501	0.999999999501533	0.9999965174746731	1.0	0.999999313617088
B2056h_baseline1_dfof-10perc_pyseas_1000iter_training_ica-filt-0228	0.9999972146988855	0.9999999996718554	0.9999991982505267	1.0	0.9999990462831483
B2056h_baseline1_dfof-10perc_pyseas_1000iter_training_ica-filt-0229	0.9998571803972642	0.9999988977531942	0.9955109039176068	1.0	0.9999483587441168
B2056h_baseline1_dfof-10perc_pyseas_1000iter_training_ica-filt-0230	0.9999964616606057	0.9999999998153175	0.9999996513518535	1.0	0.9999988110121519
B2056h_baseline1_dfof-10perc_pyseas_1000iter_training_ica-filt-0231	0.9999994314219314	0.9999999998558078	0.9999964597917658	1.0	0.9999996667442654
B2056h_baseline1_dfof-10perc_pyseas_1000iter_training_ica-filt-0232	0.9999846974513149	0.999999998072557	0.999999838537903	1.0	0.9999948952746348
B2056h_baseline1_dfof-10perc_pyseas_1000iter_training_ica-filt-0233	0.002301839253779666	9.204549116469582e-17	1.0000000994736041e-07	0.0	0.0007673130845965377
B2056h_baseline1_dfof-10perc_pyseas_1000iter_training_ica-filt-0234	0.9999988937444394	0.9999999999328893	0.9999985987114445	1.0	0.9999995826537149
B2056h_baseline1_dfof-10perc_pyseas_1000iter_training_ica-filt-0236	0.9999047038429582	0.9999287166362991	0.9999996806424403	1.0	0.9999682260041455
B2056h_baseline1_dfof-10perc_pyseas_1000iter_training_ica-filt-0237	0.9990838600971255	0.9978729841018373	0.9999927445341319	1.0	0.9996942872637881
B2056h_baseline1_dfof-10perc_pyseas_1000iter_training_ica-filt-0238	0.9999687355866698	0.9999992253509794	0.9999964698659979	1.0	0.9999894352776036
B2056h_baseline1_dfof-10perc_pyseas_1000iter_training_ica-filt-0239	0.9993576562546106	0.9999975664851933	0.9999998277684721	1.0	0.9997858812381697
B2056h_baseline1_dfof-10perc_pyseas_1000iter_training_ica-filt-0240	0.6692878635226356	0.014456348113806323	0.8657262469103889	0.825	0.8191017481852066
B2056h_baseline1_dfof-10perc_pyseas_1000iter_training_ica-filt-0241	0.9999815892701017	0.9999999797007073	0.9999964883641058	1.0	0.9999937207166192
B2056h_baseline1_dfof-10perc_pyseas_1000iter_training_ica-filt-0242	0.9999847205549965	0.9999999782451944	0.9999999953621518	1.0	0.9999949067908599
B2056h_baseline1_dfof-10perc_pyseas_1000iter_training_ica-filt-0243	0.9999709118639877	0.9999651919609301	0.9750388075334805	1.0	0.9949606787008652
B2056h_baseline1_dfof-10perc_pyseas_1000iter_training_ica-filt-0244	0.9999173144912238	0.9999995295734406	0.9999993969383474	1.0	0.9999724200460941
B2056h_baseline1_dfof-10perc_pyseas_1000iter_training_ica-filt-0245	0.11181741072545422	1.93181646478904e-05	0.47951468635099675	0.75	0.4284512250695632
B2056h_baseline1_dfof-10perc_pyseas_1000iter_training_ica-filt-0246	0.9991026311596014	0.9993114881755077	0.999999659680635	0.975	0.9997008677780141
B2056h_baseline1_dfof-10perc_pyseas_1000iter_training_ica-filt-0247	0.9999334468717033	0.9999980582899295	0.9999997496600422	1.0	0.9999778091486352
B2056h_baseline1_dfof-10perc_pyseas_1000iter_training_ica-filt-0248	0.9999716002966125	0.9999999829699446	0.9999975893354798	1.0	0.9999904417519705
B2056h_baseline1_dfof-10perc_pyseas_1000iter_training_ica-filt-0249	0.9999878129319165	0.9999999764277095	0.9999998797973718	1.0	0.9999959349000159
B2056h_baseline1_dfof-10perc_pyseas_1000iter_training_ica-filt-0250	0.9980016607326291	0.997264923353391	0.9999999657279018	1.0	0.9993338862790936
B2056h_baseline1_dfof-10perc_pyseas_1000iter_training_ica-filt-0251	0.9999957454664942	0.9999999818487277	0.9999998405269056	1.0	0.9999985780021788
B2056h_baseline1_dfof-10perc_pyseas_1000iter_training_ica-filt-0252	0.9999878349441861	0.9999998664991346	0.9999964767756172	0.975	0.9999958020581131
B2056h_baseline1_dfof-10perc_pyseas_1000iter_training_ica-filt-0253	0.9996485213930852	0.9944417414609036	0.9999964724591638	1.0	0.9998826973361875
B2056h_baseline1_dfof-10perc_pyseas_1000iter_training_ica-filt-0254	0.999673871616098	0.999998108320066	0.9999924084562309	0.975	0.9998909396678454
B2056h_baseline1_dfof-10perc_pyseas_1000iter_training_ica-filt-0255	0.999998164329979	0.9999999987357829	0.9999964875212815	1.0	0.9999992456965971
B2056h_baseline1_dfof-10perc_pyseas_1000iter_training_ica-filt-0256	0.9729214516408399	0.9722233291047971	0.9999965150027813	0.975	0.9826403427696863
B2056h_baseline1_dfof-10perc_pyseas_1000iter_training_ica-filt-0257	0.9999565645897845	0.9918319781555798	0.9999964911568608	0.975	0.9999853792889821
B2056h_baseline1_dfof-10perc_pyseas_1000iter_training_ica-filt-0258	0.7011655959122973	0.5631648064200356	0.469689594816744	0.7	0.6044581341069653
B2056h_baseline1_dfof-10perc_pyseas_1000iter_training_ica-filt-0259	0.9998860521510979	0.9999988465320699	0.9999999222942392	1.0	0.9999620157368865
B2056h_baseline1_dfof-10perc_pyseas_1000iter_training_ica-filt-0260	0.04977564464805192	2.994946823801798e-18	1.0000000994736041e-07	0.05	0.024925248216020626
B2056h_baseline1_dfof-10perc_pyseas_1000iter_training_ica-filt-0261	0.9999865858189739	0.018940548428633956	0.552722393503339	1.0	0.8446994375128402
B2056h_baseline1_dfof-10perc_pyseas_1000iter_training_ica-filt-0262	0.9999670579202629	0.9999984894902156	0.9999964944005391	1.0	0.9999888772196429
B2056h_baseline1_dfof-10perc_pyseas_1000iter_training_ica-filt-0263	0.9999762634190441	0.9999999320727794	0.9999998526676157	1.0	0.9999920843244551
B2056h_baseline1_dfof-10perc_pyseas_1000iter_training_ica-filt-0264	0.9999821169986097	0.999999969121618	0.9913502242557264	1.0	0.9985519015570375
B2056h_baseline1_dfof-10perc_pyseas_1000iter_training_ica-filt-0265	0.9984113693739534	0.9989586661348744	0.9999979883318635	1.0	0.9994703822706553
B2056h_baseline1_dfof-10perc_pyseas_1000iter_training_ica-filt-0266	0.8119615225564957	0.9968991365454953	1.0000000994736041e-07	0.35	0.40398720751883527
B2056h_baseline1_dfof-10perc_pyseas_1000iter_training_ica-filt-0267	0.9997983137056533	0.999999598998008	0.9999964602466888	1.0	0.9999326275271153
B2056h_baseline1_dfof-10perc_pyseas_1000iter_training_ica-filt-0268	0.9999488693355852	0.9999579227922678	0.9999992440744699	1.0	0.9999829328447095
B2056h_baseline1_dfof-10perc_pyseas_1000iter_training_ica-filt-0269	0.9998841547476476	0.9999307721946417	0.9606522854893688	1.0	0.9913365708059382
B2056h_baseline1_dfof-10perc_pyseas_1000iter_training_ica-filt-0270	0.9989284847203901	0.9999686093544141	0.9999983204592934	1.0	0.9996427681735502
B2056h_baseline1_dfof-10perc_pyseas_1000iter_training_ica-filt-0271	0.9999828058555023	0.9999992361310412	0.9999999039424642	1.0	0.9999942665078948
B2056h_baseline1_dfof-10perc_pyseas_1000iter_training_ica-filt-0272	0.9997441122643302	0.999998416428374	0.9999964736471554	1.0	0.9999145610163312
B2056h_baseline1_dfof-10perc_pyseas_1000iter_training_ica-filt-0273	0.9999920067863077	0.999999621755285	0.9999964649213267	1.0	0.9999971921093561
B2056h_baseline1_dfof-10perc_pyseas_1000iter_training_ica-filt-0275	0.9999747236690267	0.9999998225829072	0.9999999947524242	1.0	0.9999915744860793
B2056h_baseline1_dfof-10perc_pyseas_1000iter_training_ica-filt-0277	0.9998608305992768	0.9999886050976913	0.999996527551311	1.0	0.9999534696834681
B2056h_baseline1_dfof-10perc_pyseas_1000iter_training_ica-filt-0279	0.9991331379046313	0.9998681576996226	0.9999964670040171	0.975	0.9830442359143655
B2056h_baseline1_dfof-10perc_pyseas_1000iter_training_ica-filt-0280	0.878227649985043	0.8151510539731777	0.9999964742299674	0.95	0.9594090736175679
B2056h_baseline1_dfof-10perc_pyseas_1000iter_training_ica-filt-0281	0.9999985074084042	0.9999999973859116	0.999996451333492	1.0	0.9999993583378942
B2056h_baseline1_dfof-10perc_pyseas_1000iter_training_ica-filt-0282	0.9984949238685302	0.8283550656236051	0.9999965162378359	0.975	0.9911648335707585
B2056h_baseline1_dfof-10perc_pyseas_1000iter_training_ica-filt-0283	0.9998487118922711	0.9998482091199401	0.9875933124193688	0.975	0.9894117501068611
B2056h_baseline1_dfof-10perc_pyseas_1000iter_training_ica-filt-0284	0.9996176590271943	0.9982547744376178	0.9999984602401552	1.0	0.9998724987496569
B2056h_baseline1_dfof-10perc_pyseas_1000iter_training_ica-filt-0287	0.9999204355866361	0.9999805630887831	0.9999998408033096	1.0	0.9999734747166403
B2056h_baseline1_dfof-10perc_pyseas_1000iter_training_ica-filt-0289	0.9096988937756952	0.13816644271335707	0.999996492903974	0.925	0.9698994891004807
B2056h_baseline1_dfof-10perc_pyseas_1000iter_training_ica-filt-0290	0.9995795793119564	0.9999790487296757	0.9999999724893909	1.0	0.9998598592821493
B2056h_baseline1_dfof-10perc_pyseas_1000iter_training_ica-filt-0291	0.9998966590879395	0.994774501003071	0.9999964547953212	0.95	0.9666320757289011
B2056h_baseline1_dfof-10perc_pyseas_1000iter_training_ica-filt-0292	0.9999529165708028	0.9999999652335212	0.9999964855044594	1.0	0.9999841630145262
B2056h_baseline1_dfof-10perc_pyseas_1000iter_training_ica-filt-0293	0.992972604772097	0.7190877640261951	0.9999965321423601	0.975	0.972657394625084
B2056h_baseline1_dfof-10perc_pyseas_1000iter_training_ica-filt-0294	0.9999344688210534	0.9999999896914745	0.9999999976518953	1.0	0.9999781562462703
B2056h_baseline1_dfof-10perc_pyseas_1000iter_training_ica-filt-0295	0.9999344688210534	0.9999999896914745	0.9999999976518953	1.0	0.9999781562462703
B2056h_baseline1_dfof-10perc_pyseas_1000iter_training_ica-filt-0296	0.9999344688210534	0.9999999896914745	0.9999999976518953	1.0	0.9999781562462703
B2056h_baseline1_dfof-10perc_pyseas_1000iter_training_ica-filt-0316	0.9999344688210534	0.9999999896914745	0.9999999976518953	1.0	0.9999781562462703
B2056h_baseline1_dfof-10perc_pyseas_1000iter_training_ica-filt-0317	0.9999344688210534	0.9999999896914745	0.9999999976518953	1.0	0.9999781562462703
B2056h_baseline1_dfof-10perc_pyseas_1000iter_training_ica-filt-0322	0.9999344688210534	0.9999999896914745	0.9999999976518953	1.0	0.9999781562462703
B2056h_baseline1_dfof-10perc_pyseas_1000iter_training_ica-filt-0326	0.9999344688210534	0.9999999896914745	0.9999999976518953	1.0	0.9999781562462703
