exp_ic	logreg_prob	gnb_prob	SVC_prob	rnd_clf_prob	voting_clf_prob
sub-055_ses-01_age-P39_rec-baseline_run-01_comp-001_ica-filt-0000	0.9990706385972198	0.999998976434476	0.9882779755461147	1.0	0.9951516369321682
sub-055_ses-01_age-P39_rec-baseline_run-01_comp-001_ica-filt-0001	0.9990472317742037	0.9999973011803792	0.9854243662564135	1.0	0.9941813259856422
sub-055_ses-01_age-P39_rec-baseline_run-01_comp-001_ica-filt-0002	0.9986079982145845	0.9999988890138355	0.9952087976961649	1.0	0.9974761886658015
sub-055_ses-01_age-P39_rec-baseline_run-01_comp-001_ica-filt-0003	0.9992098411968868	0.9999977491479745	0.9847195726478296	1.0	0.9940013791932353
sub-055_ses-01_age-P39_rec-baseline_run-01_comp-001_ica-filt-0004	0.9993770239706609	0.9999974142782103	0.9832685286453505	1.0	0.9935789414721947
sub-055_ses-01_age-P39_rec-baseline_run-01_comp-001_ica-filt-0005	0.999185708456446	0.9999990308516622	0.9922045100525372	1.0	0.9965625427987767
sub-055_ses-01_age-P39_rec-baseline_run-01_comp-001_ica-filt-0006	0.9995348844855854	0.9999986205315275	0.9873909757122096	1.0	0.9950045291711019
sub-055_ses-01_age-P39_rec-baseline_run-01_comp-001_ica-filt-0007	0.9989138501693741	0.9999935103047917	0.9802556631617916	1.0	0.992446655162385
sub-055_ses-01_age-P39_rec-baseline_run-01_comp-001_ica-filt-0008	0.998732244472902	0.9999973155988389	0.9845879407803998	1.0	0.993798590882553
sub-055_ses-01_age-P39_rec-baseline_run-01_comp-001_ica-filt-0009	0.9982788395907938	0.9999974507168018	0.9904874729872427	1.0	0.9956519182239078
sub-055_ses-01_age-P39_rec-baseline_run-01_comp-001_ica-filt-0010	0.9994405816551742	0.9999978953659948	0.9794271870710406	1.0	0.9923564905661211
sub-055_ses-01_age-P39_rec-baseline_run-01_comp-001_ica-filt-0011	0.9992420728414494	0.9999989496253924	0.9894217833507606	1.0	0.9956020545302732
sub-055_ses-01_age-P39_rec-baseline_run-01_comp-001_ica-filt-0012	0.9988867601429313	0.9999969627177373	0.9831772273039027	1.0	0.993385600150244
sub-055_ses-01_age-P39_rec-baseline_run-01_comp-001_ica-filt-0013	0.9984262632170509	0.9999981207919629	0.9891638742755533	1.0	0.9952410226457186
sub-055_ses-01_age-P39_rec-baseline_run-01_comp-001_ica-filt-0014	0.9983869612308478	0.9999821439180154	0.9794501626462299	1.0	0.9920126363802879
sub-055_ses-01_age-P39_rec-baseline_run-01_comp-001_ica-filt-0015	0.9978677262884037	0.9999710905530481	0.9831963986382141	1.0	0.99305220319077
sub-055_ses-01_age-P39_rec-baseline_run-01_comp-001_ica-filt-0016	0.9986798400636268	0.9999961173209565	0.9837150285758783	1.0	0.9934931453233516
sub-055_ses-01_age-P39_rec-baseline_run-01_comp-001_ica-filt-0017	0.9993748737820436	0.9999954974921939	0.9794724152101566	1.0	0.9923490627206862
sub-055_ses-01_age-P39_rec-baseline_run-01_comp-001_ica-filt-0018	0.999126533155402	0.999998246874773	0.9863727686248219	1.0	0.9945249596416961
sub-055_ses-01_age-P39_rec-baseline_run-01_comp-001_ica-filt-0019	0.9991473375415254	0.9999933222564733	0.979449554403033	1.0	0.9922659004887696
sub-055_ses-01_age-P39_rec-baseline_run-01_comp-001_ica-filt-0020	0.9991282200803164	0.9999988181186094	0.9889540450766965	1.0	0.9954027063684991
sub-055_ses-01_age-P39_rec-baseline_run-01_comp-001_ica-filt-0021	0.9983602732773561	0.9999986274095326	0.9941972144223568	1.0	0.9970139167642457
sub-055_ses-01_age-P39_rec-baseline_run-01_comp-001_ica-filt-0022	0.9988221183362939	0.9999979816614667	0.9840359192043031	1.0	0.993646219151818
sub-055_ses-01_age-P39_rec-baseline_run-01_comp-001_ica-filt-0023	0.9989400682421162	0.9999988446489119	0.9944657457797017	1.0	0.9973071561486897
sub-055_ses-01_age-P39_rec-baseline_run-01_comp-001_ica-filt-0024	0.9977204105080119	0.9999937146086247	0.9795766754981028	1.0	0.9918309564985742
sub-055_ses-01_age-P39_rec-baseline_run-01_comp-001_ica-filt-0025	0.9992014129385499	0.9999950610752607	0.9794137079318388	1.0	0.9922724545236217
sub-055_ses-01_age-P39_rec-baseline_run-01_comp-001_ica-filt-0026	0.9950773701475427	0.9985319452889626	0.9794579537240339	1.0	0.9909119328631185
sub-055_ses-01_age-P39_rec-baseline_run-01_comp-001_ica-filt-0027	0.9994316904552614	0.9999964008139456	0.972066824826445	1.0	0.9900415407179585
sub-055_ses-01_age-P39_rec-baseline_run-01_comp-001_ica-filt-0028	0.9991415957117521	0.9999950029456539	0.9730359504382067	1.0	0.9902447956628806
sub-055_ses-01_age-P39_rec-baseline_run-01_comp-001_ica-filt-0029	0.9993159401092007	0.9999966610005483	0.981692515018062	1.0	0.9930446960244798
sub-055_ses-01_age-P39_rec-baseline_run-01_comp-001_ica-filt-0030	0.9978098713344793	0.9999957518508906	0.99290932366451	1.0	0.9963580687282985
sub-055_ses-01_age-P39_rec-baseline_run-01_comp-001_ica-filt-0031	0.9988750344772744	0.999996869768065	0.9794251304134788	1.0	0.9921673167171073
sub-055_ses-01_age-P39_rec-baseline_run-01_comp-001_ica-filt-0032	0.9994501546516418	0.9999988637383453	0.9878509230309108	1.0	0.9951324880888931
sub-055_ses-01_age-P39_rec-baseline_run-01_comp-001_ica-filt-0033	0.999087698451309	0.9999985001567605	0.9887629039548556	1.0	0.9953234772813113
sub-055_ses-01_age-P39_rec-baseline_run-01_comp-001_ica-filt-0034	0.9990620460975059	0.9999958474429529	0.9813428361630872	1.0	0.9928467616462364
sub-055_ses-01_age-P39_rec-baseline_run-01_comp-001_ica-filt-0035	0.9989892227313139	0.9999980066479893	0.98560284350063	1.0	0.9942214927835328
sub-055_ses-01_age-P39_rec-baseline_run-01_comp-001_ica-filt-0036	0.9942683730098951	0.999739986016226	0.9794364496633696	1.0	0.9906353851089119
sub-055_ses-01_age-P39_rec-baseline_run-01_comp-001_ica-filt-0037	0.9988854365658644	0.9999984010164992	0.988627213200004	1.0	0.9952094806906348
sub-055_ses-01_age-P39_rec-baseline_run-01_comp-001_ica-filt-0038	0.99880545936619	0.999999043372376	0.9965515614268696	1.0	0.998061310340316
sub-055_ses-01_age-P39_rec-baseline_run-01_comp-001_ica-filt-0039	0.9992481873567647	0.9999988696922497	0.9920620033119908	1.0	0.9965323208239516
sub-055_ses-01_age-P39_rec-baseline_run-01_comp-001_ica-filt-0040	0.9985947743637162	0.9999990625218719	0.9877216267454623	1.0	0.9948033820060186
sub-055_ses-01_age-P39_rec-baseline_run-01_comp-001_ica-filt-0041	0.9979038646195186	0.9999972662580962	0.9923479816245319	1.0	0.9961867664997216
sub-055_ses-01_age-P39_rec-baseline_run-01_comp-001_ica-filt-0042	0.9992966177360793	0.9999972746511036	0.9819366963626318	1.0	0.993117524627523
sub-055_ses-01_age-P39_rec-baseline_run-01_comp-001_ica-filt-0043	0.9990438304729469	0.9999976731732794	0.9870228261726829	1.0	0.9947163005678109
sub-055_ses-01_age-P39_rec-baseline_run-01_comp-001_ica-filt-0044	0.9992021905958096	0.9999933410421299	0.9730999288464294	1.0	0.9902848389532245
sub-055_ses-01_age-P39_rec-baseline_run-01_comp-001_ica-filt-0045	0.9988532410889684	0.9999972804000057	0.9898587950473868	1.0	0.9956239989271315
sub-055_ses-01_age-P39_rec-baseline_run-01_comp-001_ica-filt-0046	0.999068993684771	0.9999984814286995	0.9866116744762349	1.0	0.9945860862411484
sub-055_ses-01_age-P39_rec-baseline_run-01_comp-001_ica-filt-0047	0.998441214652663	0.9999989129188064	0.9919164294263465	1.0	0.9962112941945666
sub-055_ses-01_age-P39_rec-baseline_run-01_comp-001_ica-filt-0048	0.9989907459840275	0.9999991981552032	0.9934466794148857	1.0	0.9969474446511061
sub-055_ses-01_age-P39_rec-baseline_run-01_comp-001_ica-filt-0049	0.9988719136052149	0.9999975244106026	0.9817769412045261	1.0	0.9929240806921708
sub-055_ses-01_age-P39_rec-baseline_run-01_comp-001_ica-filt-0050	0.9993777692613333	0.9999990731497231	0.9914072124414549	1.0	0.9963423110802019
sub-055_ses-01_age-P39_rec-baseline_run-01_comp-001_ica-filt-0051	0.9890498529302142	0.9801862043029885	0.9794449400876305	1.0	0.9888985955444282
sub-055_ses-01_age-P39_rec-baseline_run-01_comp-001_ica-filt-0052	0.9976349085514553	0.999952203665963	0.9793918995426363	1.0	0.9917433087092138
sub-055_ses-01_age-P39_rec-baseline_run-01_comp-001_ica-filt-0053	0.9989464082669741	0.9999989373368334	0.9931018591603511	1.0	0.9968068445562595
sub-055_ses-01_age-P39_rec-baseline_run-01_comp-001_ica-filt-0054	0.9976607284170932	0.9999979419131139	0.9819809329774255	1.0	0.992586602212313
sub-055_ses-01_age-P39_rec-baseline_run-01_comp-001_ica-filt-0055	0.9991979168337107	0.9999992298349074	0.9922992323789592	1.0	0.9966006040607395
sub-055_ses-01_age-P39_rec-baseline_run-01_comp-001_ica-filt-0056	0.9988199056389547	0.9999975105550075	0.9879320762127538	1.0	0.9949500369156695
sub-055_ses-01_age-P39_rec-baseline_run-01_comp-001_ica-filt-0057	0.9977783400771699	0.9999944740972638	0.9794329638356927	1.0	0.9918042586250461
sub-055_ses-01_age-P39_rec-baseline_run-01_comp-001_ica-filt-0058	0.9964907130412229	0.9998489223017135	0.9738425837039753	1.0	0.9812784392486691
sub-055_ses-01_age-P39_rec-baseline_run-01_comp-001_ica-filt-0059	0.9992858227287731	0.9999990701547741	0.9920149704046044	1.0	0.9965280417387062
sub-055_ses-01_age-P39_rec-baseline_run-01_comp-001_ica-filt-0060	0.9986642728544926	0.9999966837313174	0.9821391098422293	1.0	0.9929725480337676
sub-055_ses-01_age-P39_rec-baseline_run-01_comp-001_ica-filt-0061	0.9982293888512115	0.9999980330274455	0.9912140376857568	1.0	0.9958911245315587
sub-055_ses-01_age-P39_rec-baseline_run-01_comp-001_ica-filt-0062	0.990801475731622	0.9999721547471907	0.9911078087778155	1.0	0.9933776190098574
sub-055_ses-01_age-P39_rec-baseline_run-01_comp-001_ica-filt-0063	0.9986600727684196	0.9999977659550436	0.9863033756058205	1.0	0.9943461780003782
sub-055_ses-01_age-P39_rec-baseline_run-01_comp-001_ica-filt-0064	0.999082719936759	0.9999985080919035	0.9897706721202367	1.0	0.9956698701309802
sub-055_ses-01_age-P39_rec-baseline_run-01_comp-001_ica-filt-0065	0.99930573100366	0.9999975398280221	0.9828713024331388	1.0	0.9934251413161396
sub-055_ses-01_age-P39_rec-baseline_run-01_comp-001_ica-filt-0066	0.9992684719836268	0.9999991396663919	0.9940257219192982	1.0	0.9972530885883418
sub-055_ses-01_age-P39_rec-baseline_run-01_comp-001_ica-filt-0067	0.9974982157310165	0.9999865696857918	0.9865462233478796	1.0	0.9940404760647491
sub-055_ses-01_age-P39_rec-baseline_run-01_comp-001_ica-filt-0068	0.9987140280245026	0.9999965333287029	0.9794276666767348	1.0	0.9921144594957672
sub-055_ses-01_age-P39_rec-baseline_run-01_comp-001_ica-filt-0069	0.9993212975270125	0.9999935495171319	0.9701616088628457	1.0	0.9894184881484778
sub-055_ses-01_age-P39_rec-baseline_run-01_comp-001_ica-filt-0070	0.9994110509633818	0.9999989013230014	0.989594069077655	1.0	0.9957180393016506
sub-055_ses-01_age-P39_rec-baseline_run-01_comp-001_ica-filt-0071	0.9990274583156328	0.9999989955352184	0.9944228096215781	1.0	0.9973202633896733
sub-055_ses-01_age-P39_rec-baseline_run-01_comp-001_ica-filt-0072	0.9990758177052926	0.9999993321943431	0.9907049911670827	1.0	0.9959938765092936
sub-055_ses-01_age-P39_rec-baseline_run-01_comp-001_ica-filt-0073	0.9993154639892388	0.999998759287133	0.9838032772873263	1.0	0.9937340498339009
sub-055_ses-01_age-P39_rec-baseline_run-01_comp-001_ica-filt-0074	0.9964918623559488	0.999995714718997	0.9838720918097952	1.0	0.9928154990333011
sub-055_ses-01_age-P39_rec-baseline_run-01_comp-001_ica-filt-0075	0.9994111458663191	0.9999988662238743	0.9878421074513578	1.0	0.9951164848546208
sub-055_ses-01_age-P39_rec-baseline_run-01_comp-001_ica-filt-0076	0.998537042193304	0.9999972892299229	0.9848663345616425	1.0	0.9938257644692682
sub-055_ses-01_age-P39_rec-baseline_run-01_comp-001_ica-filt-0077	0.9993817619570445	0.9999983074706289	0.9880812623590476	1.0	0.9951881758602218
sub-055_ses-01_age-P39_rec-baseline_run-01_comp-001_ica-filt-0078	0.9990508523261031	0.9999990165788835	0.9920243763628548	1.0	0.9964530819548388
sub-055_ses-01_age-P39_rec-baseline_run-01_comp-001_ica-filt-0079	0.99742234236461	0.9999961186088475	0.9910490629104342	1.0	0.9955638402282346
sub-055_ses-01_age-P39_rec-baseline_run-01_comp-001_ica-filt-0080	0.9986478197980315	0.9999981017504679	0.983095492842316	1.0	0.9932791845689078
sub-055_ses-01_age-P39_rec-baseline_run-01_comp-001_ica-filt-0081	0.9973622945531165	0.9999871206206273	0.9723101131756202	0.975	0.9894269281994869
sub-055_ses-01_age-P39_rec-baseline_run-01_comp-001_ica-filt-0082	0.9792062811146379	0.0030360554972035086	0.9150630933838714	0.75	0.9169076535551225
sub-055_ses-01_age-P39_rec-baseline_run-01_comp-001_ica-filt-0083	0.9969551405749375	0.9999964402210677	0.9823720322316873	1.0	0.9924786687881054
sub-055_ses-01_age-P39_rec-baseline_run-01_comp-001_ica-filt-0084	0.9953541465601955	0.9999847419488421	0.9793674331069937	1.0	0.9909752275959907
sub-055_ses-01_age-P39_rec-baseline_run-01_comp-001_ica-filt-0085	0.9988305206000564	0.9999971931524947	0.9871822229664565	1.0	0.9946990690880889
sub-055_ses-01_age-P39_rec-baseline_run-01_comp-001_ica-filt-0086	0.9970712843046241	0.9999795106628833	0.9813824396104179	1.0	0.9921959941709946
sub-055_ses-01_age-P39_rec-baseline_run-01_comp-001_ica-filt-0087	0.9972340566134275	0.9999584884202074	0.9793865327378558	1.0	0.9916079743966315
sub-055_ses-01_age-P39_rec-baseline_run-01_comp-001_ica-filt-0088	0.9972010030660837	0.9999942699301431	0.9794379221044665	1.0	0.9916133996662367
sub-055_ses-01_age-P39_rec-baseline_run-01_comp-001_ica-filt-0089	0.9983959171432056	0.9999981328556397	0.9888003667668052	1.0	0.9951057542776689
sub-055_ses-01_age-P39_rec-baseline_run-01_comp-001_ica-filt-0090	0.9984926015665669	0.9999963198787702	0.9814054667379415	1.0	0.9926772220248695
sub-055_ses-01_age-P39_rec-baseline_run-01_comp-001_ica-filt-0091	0.999030770044032	0.9999974132825188	0.9849384089822314	1.0	0.9940142533373023
sub-055_ses-01_age-P39_rec-baseline_run-01_comp-001_ica-filt-0092	0.9988950308880484	0.9999990186762525	0.9896555872226418	1.0	0.9955673630591031
sub-055_ses-01_age-P39_rec-baseline_run-01_comp-001_ica-filt-0093	0.9991983506053969	0.9999990912485943	0.9898443754686455	1.0	0.9957340226521088
sub-055_ses-01_age-P39_rec-baseline_run-01_comp-001_ica-filt-0094	0.9982192038671056	0.9999981056374312	0.9887290601800579	1.0	0.995022356020785
sub-055_ses-01_age-P39_rec-baseline_run-01_comp-001_ica-filt-0095	0.9992880405302038	0.9999988106120896	0.9864391995479455	1.0	0.9946011089741992
sub-055_ses-01_age-P39_rec-baseline_run-01_comp-001_ica-filt-0096	0.9993840275677911	0.9999984310711658	0.9878348059161602	1.0	0.9951049606014323
sub-055_ses-01_age-P39_rec-baseline_run-01_comp-001_ica-filt-0097	0.9987674218213345	0.9999957739493955	0.9827955207749902	1.0	0.9932209373638016
sub-055_ses-01_age-P39_rec-baseline_run-01_comp-001_ica-filt-0098	0.9932465699187162	0.9999930369738302	0.9794234220095694	1.0	0.9902906151869472
sub-055_ses-01_age-P39_rec-baseline_run-01_comp-001_ica-filt-0099	0.9989756102206783	0.9999982898228468	0.988733272174034	1.0	0.9952759377853649
sub-055_ses-01_age-P39_rec-baseline_run-01_comp-001_ica-filt-0100	0.997160160566275	0.9999956225615966	0.9856908442243918	1.0	0.9936411760711422
sub-055_ses-01_age-P39_rec-baseline_run-01_comp-001_ica-filt-0101	0.9985229598467744	0.9999989997381704	0.9927395869717931	1.0	0.996534300659496
sub-055_ses-01_age-P39_rec-baseline_run-01_comp-001_ica-filt-0102	0.9993473503802193	0.9999987084209813	0.9881049998313068	1.0	0.9951848036744154
sub-055_ses-01_age-P39_rec-baseline_run-01_comp-001_ica-filt-0103	0.9989968144822282	0.9999976507470292	0.9896776489737605	1.0	0.995608944121857
sub-055_ses-01_age-P39_rec-baseline_run-01_comp-001_ica-filt-0104	0.9976458876747925	0.999997863774456	0.9881684917189176	1.0	0.9946393198545942
sub-055_ses-01_age-P39_rec-baseline_run-01_comp-001_ica-filt-0105	0.9989464746587411	0.9999985530571399	0.9873822935999765	1.0	0.994805450553839
sub-055_ses-01_age-P39_rec-baseline_run-01_comp-001_ica-filt-0106	0.9981870174177345	0.9999974934041901	0.9915738060988099	1.0	0.9960045212828684
sub-055_ses-01_age-P39_rec-baseline_run-01_comp-001_ica-filt-0107	0.9957316282496128	0.9999956086165424	0.9856375683010964	0.975	0.9931472150063104
sub-055_ses-01_age-P39_rec-baseline_run-01_comp-001_ica-filt-0108	0.9985095726213031	0.9999979267872126	0.9889153788229895	1.0	0.9951831848386717
sub-055_ses-01_age-P39_rec-baseline_run-01_comp-001_ica-filt-0109	0.9968482279397598	0.9999562276002033	0.9793818690093326	1.0	0.9914778728159983
sub-055_ses-01_age-P39_rec-baseline_run-01_comp-001_ica-filt-0110	0.9987071795169492	0.999998478308093	0.9785036101503419	1.0	0.9918172389484085
sub-055_ses-01_age-P39_rec-baseline_run-01_comp-001_ica-filt-0111	0.9980729753015515	0.999995588863337	0.979430772864456	1.0	0.9919017692409255
sub-055_ses-01_age-P39_rec-baseline_run-01_comp-001_ica-filt-0112	0.999039870415197	0.9999984662501195	0.9873656284183339	1.0	0.9948309359991793
sub-055_ses-01_age-P39_rec-baseline_run-01_comp-001_ica-filt-0113	0.9984080873060156	0.9999832855591754	0.9804063342633546	1.0	0.9923265349102642
sub-055_ses-01_age-P39_rec-baseline_run-01_comp-001_ica-filt-0114	0.9987098851354643	0.999999014523614	0.9891383751593456	1.0	0.9953267681950771
sub-055_ses-01_age-P39_rec-baseline_run-01_comp-001_ica-filt-0115	0.9992106699142291	0.9999990227049282	0.9917646714509406	1.0	0.996413650315707
sub-055_ses-01_age-P39_rec-baseline_run-01_comp-001_ica-filt-0116	0.9994427580252659	0.9999990233631584	0.9854084033485889	1.0	0.9943078503197428
sub-055_ses-01_age-P39_rec-baseline_run-01_comp-001_ica-filt-0117	0.9989009002021491	0.9999977997638977	0.9832912001129581	1.0	0.9934276660950982
sub-055_ses-01_age-P39_rec-baseline_run-01_comp-001_ica-filt-0118	0.9988878204890776	0.9999979424469062	0.9877258269891714	1.0	0.9949024918757582
sub-055_ses-01_age-P39_rec-baseline_run-01_comp-001_ica-filt-0119	0.9910022400066955	0.24910630031730419	0.9794341586052759	0.975	0.9728792742728785
sub-055_ses-01_age-P39_rec-baseline_run-01_comp-001_ica-filt-0120	0.9943332641306463	0.9999608576841048	0.979434849824979	1.0	0.9906565035124629
sub-055_ses-01_age-P39_rec-baseline_run-01_comp-001_ica-filt-0121	0.9981998984040094	0.9999972320737145	0.9758556299182791	1.0	0.9908108725923056
sub-055_ses-01_age-P39_rec-baseline_run-01_comp-001_ica-filt-0122	0.9992231115786975	0.9999973340308507	0.9798240023148597	1.0	0.9924111242717268
sub-055_ses-01_age-P39_rec-baseline_run-01_comp-001_ica-filt-0123	0.9990355789820908	0.999998886491083	0.9888695646870113	1.0	0.9953427619398957
sub-055_ses-01_age-P39_rec-baseline_run-01_comp-001_ica-filt-0124	0.9986561708122588	0.9999987292690192	0.9880585732468534	1.0	0.9949385732394664
sub-055_ses-01_age-P39_rec-baseline_run-01_comp-001_ica-filt-0125	0.9980396973704354	0.9999941790736943	0.9856171509898455	1.0	0.9939097580875829
sub-055_ses-01_age-P39_rec-baseline_run-01_comp-001_ica-filt-0126	0.9962954444779207	0.9999952733694917	0.985632313417176	1.0	0.9933334000766005
sub-055_ses-01_age-P39_rec-baseline_run-01_comp-001_ica-filt-0127	0.9961185869948329	0.9999947482162694	0.9844175515735495	1.0	0.9928710126838728
sub-055_ses-01_age-P39_rec-baseline_run-01_comp-001_ica-filt-0128	0.9978616256023135	0.9999968040138294	0.986380356978322	1.0	0.9941058720019768
sub-055_ses-01_age-P39_rec-baseline_run-01_comp-001_ica-filt-0129	0.9991211281909711	0.9999993450105699	0.9918032545240144	1.0	0.9963975536523977
sub-055_ses-01_age-P39_rec-baseline_run-01_comp-001_ica-filt-0130	0.9988578350745986	0.9999991484726023	0.9904745613511666	1.0	0.9958403942006328
sub-055_ses-01_age-P39_rec-baseline_run-01_comp-001_ica-filt-0131	0.9985490120884071	0.9999989819945703	0.9920787115326689	1.0	0.9963052419443438
sub-055_ses-01_age-P39_rec-baseline_run-01_comp-001_ica-filt-0132	0.9946102262629678	0.9999928341318962	0.9894800063077938	1.0	0.9940782541077245
sub-055_ses-01_age-P39_rec-baseline_run-01_comp-001_ica-filt-0133	0.9971737663824947	0.9999983941805508	0.9883698413750561	1.0	0.9945507596172649
sub-055_ses-01_age-P39_rec-baseline_run-01_comp-001_ica-filt-0134	0.9967704507793331	0.9999957889753481	0.9885378195923685	1.0	0.9944738367468894
sub-055_ses-01_age-P39_rec-baseline_run-01_comp-001_ica-filt-0135	0.998388478990304	0.9999795365364457	0.9776633475600434	1.0	0.9914440902775965
sub-055_ses-01_age-P39_rec-baseline_run-01_comp-001_ica-filt-0136	0.9994938921198393	0.999998637185136	0.9862600686727216	1.0	0.9946095869171199
sub-055_ses-01_age-P39_rec-baseline_run-01_comp-001_ica-filt-0137	0.9969224810305367	0.9999985694686889	0.9892874671169076	1.0	0.9947824258717485
sub-055_ses-01_age-P39_rec-baseline_run-01_comp-001_ica-filt-0138	0.9982567330014683	0.9999974680771925	0.9794618395381941	1.0	0.991972964165142
sub-055_ses-01_age-P39_rec-baseline_run-01_comp-001_ica-filt-0139	0.9961976301945821	0.9999850891116471	0.9842363650322775	1.0	0.9928375091460149
sub-055_ses-01_age-P39_rec-baseline_run-01_comp-001_ica-filt-0140	0.9992484957002756	0.9999990266635747	0.9908391783129221	1.0	0.9960986093252528
sub-055_ses-01_age-P39_rec-baseline_run-01_comp-001_ica-filt-0141	0.9948836079075506	0.999986590156463	0.9957948911010265	1.0	0.9964589560998265
sub-055_ses-01_age-P39_rec-baseline_run-01_comp-001_ica-filt-0142	0.9992729575400449	0.9999992420125348	0.990090155949149	1.0	0.9958444496844095
sub-055_ses-01_age-P39_rec-baseline_run-01_comp-001_ica-filt-0143	0.9945075378916042	0.999990778082205	0.9956598810519505	1.0	0.9962816381922169
sub-055_ses-01_age-P39_rec-baseline_run-01_comp-001_ica-filt-0144	0.9984838202139983	0.9999970091171376	0.9886926636479132	1.0	0.9950980662836475
sub-055_ses-01_age-P39_rec-baseline_run-01_comp-001_ica-filt-0145	0.9987946228650588	0.9999975146593781	0.9793866786873938	1.0	0.9921282098400702
sub-055_ses-01_age-P39_rec-baseline_run-01_comp-001_ica-filt-0146	0.9991670422934283	0.9999987415415209	0.9918825435339765	1.0	0.9964411400408246
sub-055_ses-01_age-P39_rec-baseline_run-01_comp-001_ica-filt-0147	0.9982128719164239	0.9999497379371577	0.9794202446045595	1.0	0.9919450324528362
sub-055_ses-01_age-P39_rec-baseline_run-01_comp-001_ica-filt-0148	0.99803037218748	0.9999992390904922	0.98548212692604	1.0	0.9938616204124169
sub-055_ses-01_age-P39_rec-baseline_run-01_comp-001_ica-filt-0149	0.9987603181154141	0.9999900914131626	0.9800091352211902	1.0	0.9923162682574267
sub-055_ses-01_age-P39_rec-baseline_run-01_comp-001_ica-filt-0150	0.9954326437059021	0.9999398517314512	0.9795968756686395	1.0	0.9910748374441312
sub-055_ses-01_age-P39_rec-baseline_run-01_comp-001_ica-filt-0151	0.9969476180756854	0.9984627184210457	0.9794520250288178	1.0	0.9915334513684076
sub-055_ses-01_age-P39_rec-baseline_run-01_comp-001_ica-filt-0152	0.9980987630057279	0.9998871593774976	0.9794555753545031	1.0	0.9919183026142943
sub-055_ses-01_age-P39_rec-baseline_run-01_comp-001_ica-filt-0153	0.9974905570859098	0.999996971927004	0.9857810986618079	1.0	0.9937814531374519
sub-055_ses-01_age-P39_rec-baseline_run-01_comp-001_ica-filt-0154	0.9984582036384797	0.9999989654603928	0.9958856721169835	1.0	0.9976855367216708
sub-055_ses-01_age-P39_rec-baseline_run-01_comp-001_ica-filt-0155	0.9985289535734991	0.999998005197183	0.9999839428505086	1.0	0.9984302703067236
sub-055_ses-01_age-P39_rec-baseline_run-01_comp-001_ica-filt-0156	0.9947116769642547	0.9999828728824204	0.9794213440814022	1.0	0.9907783192867572
sub-055_ses-01_age-P39_rec-baseline_run-01_comp-001_ica-filt-0157	0.9961628328445691	0.9999751781481221	0.9822514248695647	1.0	0.9921752860835681
sub-055_ses-01_age-P39_rec-baseline_run-01_comp-001_ica-filt-0158	0.9990402462598076	0.999999037280851	0.9947385724591765	1.0	0.9974427084254915
sub-055_ses-01_age-P39_rec-baseline_run-01_comp-001_ica-filt-0159	0.9964830750733091	0.9999829297489738	0.9865824399081314	1.0	0.9937142774079694
sub-055_ses-01_age-P39_rec-baseline_run-01_comp-001_ica-filt-0160	0.9986341539423133	0.9999990222350894	0.9862895114534577	1.0	0.9943328859369268
sub-055_ses-01_age-P39_rec-baseline_run-01_comp-001_ica-filt-0161	0.9988362236213255	0.9999988723704226	0.9857066190813586	1.0	0.9942051309296772
sub-055_ses-01_age-P39_rec-baseline_run-01_comp-001_ica-filt-0162	0.9924528911330521	0.9999662173472884	0.9840153768507598	1.0	0.9915163727980539
sub-055_ses-01_age-P39_rec-baseline_run-01_comp-001_ica-filt-0163	0.9753810269046098	0.9999701376113169	0.9801538143289279	1.0	0.9845696427742062
sub-055_ses-01_age-P39_rec-baseline_run-01_comp-001_ica-filt-0164	0.9992807031754245	0.9999987842457988	0.9865319004351424	1.0	0.994629822049387
sub-055_ses-01_age-P39_rec-baseline_run-01_comp-001_ica-filt-0165	0.9976847979326408	0.999989241178562	0.9816342322138767	1.0	0.9924820797341285
sub-055_ses-01_age-P39_rec-baseline_run-01_comp-001_ica-filt-0166	0.9879299432818441	0.9831018551777179	0.9794548945489678	0.975	0.9885284781484872
sub-055_ses-01_age-P39_rec-baseline_run-01_comp-001_ica-filt-0167	0.9976676978252164	0.999997939492797	0.9892155781804243	1.0	0.995006008576555
sub-055_ses-01_age-P39_rec-baseline_run-01_comp-001_ica-filt-0168	0.9630434513195356	0.9990136286542782	0.9794386978333472	1.0	0.9802277973315769
sub-055_ses-01_age-P39_rec-baseline_run-01_comp-001_ica-filt-0169	0.9968947877034188	0.9999872116310025	0.9839046084108394	1.0	0.9929605139942397
sub-055_ses-01_age-P39_rec-baseline_run-01_comp-001_ica-filt-0170	0.9986638419829483	0.9999985345588565	0.9955606833562732	1.0	0.9976290158141071
sub-055_ses-01_age-P39_rec-baseline_run-01_comp-001_ica-filt-0171	0.98971104586184	0.9999752119561023	0.9899463450278408	1.0	0.9926070541974742
sub-055_ses-01_age-P39_rec-baseline_run-01_comp-001_ica-filt-0172	0.9979515034785273	0.9999915320321313	0.9761130725903499	1.0	0.9908089902840662
sub-055_ses-01_age-P39_rec-baseline_run-01_comp-001_ica-filt-0173	0.9972423190847257	0.9999990126219139	0.9928186832018996	1.0	0.9961360410722223
sub-055_ses-01_age-P39_rec-baseline_run-01_comp-001_ica-filt-0174	0.9989340025925523	0.9999987806016427	0.9901778103850015	1.0	0.9957620380276149
sub-055_ses-01_age-P39_rec-baseline_run-01_comp-001_ica-filt-0175	0.999258952521991	0.9999982840199217	0.9853195566894565	1.0	0.9942169966329946
sub-055_ses-01_age-P39_rec-baseline_run-01_comp-001_ica-filt-0176	0.9984460371286772	0.9999990260150061	0.9953680198842053	1.0	0.9974827818196753
sub-055_ses-01_age-P39_rec-baseline_run-01_comp-001_ica-filt-0177	0.9969283068790054	0.9999978542423094	0.9961892583564784	1.0	0.9972934528575733
sub-055_ses-01_age-P39_rec-baseline_run-01_comp-001_ica-filt-0178	0.9984440835639364	0.9999987688924901	0.9944267789283642	1.0	0.997127285782892
sub-055_ses-01_age-P39_rec-baseline_run-01_comp-001_ica-filt-0179	0.9993822216461584	0.9999990330338594	0.9928476835284948	1.0	0.9968598448586184
sub-055_ses-01_age-P39_rec-baseline_run-01_comp-001_ica-filt-0180	0.9974021153385597	0.9999900972581821	0.9720860916589924	1.0	0.9893709671783695
sub-055_ses-01_age-P39_rec-baseline_run-01_comp-001_ica-filt-0181	0.9978417509129589	0.999996554266728	0.9828397251196452	1.0	0.9929268260520141
sub-055_ses-01_age-P39_rec-baseline_run-01_comp-001_ica-filt-0182	0.9950232841091544	0.9999772320894273	0.9842079904230356	1.0	0.9924366948005628
sub-055_ses-01_age-P39_rec-baseline_run-01_comp-001_ica-filt-0183	0.9991708457276469	0.9999972693518228	0.9836855936443549	1.0	0.9936471352065874
sub-055_ses-01_age-P39_rec-baseline_run-01_comp-001_ica-filt-0184	0.9987302396338822	0.9999978799398	0.9948914242033938	1.0	0.9973968787284683
sub-055_ses-01_age-P39_rec-baseline_run-01_comp-001_ica-filt-0185	0.9969127782388358	0.9999926313293227	0.9822112123882847	1.0	0.992412178183263
sub-055_ses-01_age-P39_rec-baseline_run-01_comp-001_ica-filt-0186	0.9981966948624832	0.9999989153283376	0.9914946606353919	1.0	0.9959796397664755
sub-055_ses-01_age-P39_rec-baseline_run-01_comp-001_ica-filt-0187	0.9991005953904215	0.9999988308715859	0.9868218757402653	1.0	0.9946674169746116
sub-055_ses-01_age-P39_rec-baseline_run-01_comp-001_ica-filt-0188	0.9985449931323415	0.9999985779433112	0.9857828587083538	1.0	0.9941335198962138
sub-055_ses-01_age-P39_rec-baseline_run-01_comp-001_ica-filt-0189	0.9995420129198018	0.9999989008888922	0.9858779308884726	1.0	0.9944976386036463
sub-055_ses-01_age-P39_rec-baseline_run-01_comp-001_ica-filt-0190	0.9978992138015649	0.999997366743283	0.9905627288461941	1.0	0.995551750340708
sub-055_ses-01_age-P39_rec-baseline_run-01_comp-001_ica-filt-0191	0.998789569574548	0.9999915848828717	0.9793822147779492	1.0	0.9921250973114105
sub-055_ses-01_age-P39_rec-baseline_run-01_comp-001_ica-filt-0192	0.9966147847855954	0.9999978410476036	0.9876835069351568	1.0	0.9941304296805566
sub-055_ses-01_age-P39_rec-baseline_run-01_comp-001_ica-filt-0193	0.9971949093326855	0.9999989777693713	0.9878061126925742	1.0	0.994365491492253
sub-055_ses-01_age-P39_rec-baseline_run-01_comp-001_ica-filt-0194	0.9945436115036826	0.9997513724239889	0.979436640925854	1.0	0.9907271924804126
sub-055_ses-01_age-P39_rec-baseline_run-01_comp-001_ica-filt-0195	0.9944702001523761	0.9999957788327184	0.9865217349355292	1.0	0.9930229029612355
sub-055_ses-01_age-P39_rec-baseline_run-01_comp-001_ica-filt-0196	0.9988001655112186	0.9999988632786816	0.995167063588242	1.0	0.9975244050116151
sub-055_ses-01_age-P39_rec-baseline_run-01_comp-001_ica-filt-0197	0.9978396706269997	0.9999891996896799	0.9833780295875453	1.0	0.9931023997501058
sub-055_ses-01_age-P39_rec-baseline_run-01_comp-001_ica-filt-0198	0.9991240107918317	0.9999991375624766	0.9908424603718935	1.0	0.9960582691779601
sub-055_ses-01_age-P39_rec-baseline_run-01_comp-001_ica-filt-0199	0.9965472985152056	0.9999978488419777	0.9892529624667251	1.0	0.9946454483105899
sub-055_ses-01_age-P39_rec-baseline_run-01_comp-001_ica-filt-0200	0.9989884236383686	0.9999984066729255	0.9908014377487554	1.0	0.9959986427733859
sub-055_ses-01_age-P39_rec-baseline_run-01_comp-001_ica-filt-0201	0.9964044992279001	0.9999969243485042	0.9973065186765794	1.0	0.997563118661522
sub-055_ses-01_age-P39_rec-baseline_run-01_comp-001_ica-filt-0202	0.9973900912780962	0.9999988694596441	0.9945427913965306	1.0	0.9968192855444643
sub-055_ses-01_age-P39_rec-baseline_run-01_comp-001_ica-filt-0203	0.9995236179115164	0.9999914062230512	0.9872942238706678	1.0	0.9949680018694784
sub-055_ses-01_age-P39_rec-baseline_run-01_comp-001_ica-filt-0204	0.9979395680983351	0.9999127736484131	0.9794179041920386	1.0	0.991853182286519
sub-055_ses-01_age-P39_rec-baseline_run-01_comp-001_ica-filt-0205	0.9911207015456599	0.9999935417127994	0.9801363367841474	1.0	0.9898105850311046
sub-055_ses-01_age-P39_rec-baseline_run-01_comp-001_ica-filt-0206	0.9992197034033193	0.9999984538018828	0.989026340685304	1.0	0.9954580936685836
sub-055_ses-01_age-P39_rec-baseline_run-01_comp-001_ica-filt-0207	0.9976548766946108	0.9999941764631168	0.9898415134066924	1.0	0.9952185364892667
sub-055_ses-01_age-P39_rec-baseline_run-01_comp-001_ica-filt-0208	0.9975208041963869	0.9999954655975667	0.9838277833970757	1.0	0.9931438945963444
sub-055_ses-01_age-P39_rec-baseline_run-01_comp-001_ica-filt-0209	0.9967317387652722	0.999954939302769	0.9675562329434353	1.0	0.9877604325664867
sub-055_ses-01_age-P39_rec-baseline_run-01_comp-001_ica-filt-0210	0.997661081032157	0.9999985108785822	0.9882369196037191	1.0	0.9946677547462796
sub-055_ses-01_age-P39_rec-baseline_run-01_comp-001_ica-filt-0211	0.999305379827558	0.9999990777410684	0.9931337844601225	1.0	0.9969381192703608
sub-055_ses-01_age-P39_rec-baseline_run-01_comp-001_ica-filt-0212	0.9982902642222231	0.9999949706498349	0.9877292681095524	1.0	0.9947044762683719
sub-055_ses-01_age-P39_rec-baseline_run-01_comp-001_ica-filt-0213	0.9986170271602332	0.999997513275676	0.9942842945525605	1.0	0.9971318605597229
sub-055_ses-01_age-P39_rec-baseline_run-01_comp-001_ica-filt-0214	0.998061545285976	0.9999970896762831	0.9865493220085906	1.0	0.9942292946772614
sub-055_ses-01_age-P39_rec-baseline_run-01_comp-001_ica-filt-0215	0.9990016649889499	0.9999649727529665	0.9813121055817075	1.0	0.992816689190405
sub-055_ses-01_age-P39_rec-baseline_run-01_comp-001_ica-filt-0216	0.9821872749377695	0.9999293481489147	0.9794488469793067	1.0	0.9866123198849467
sub-055_ses-01_age-P39_rec-baseline_run-01_comp-001_ica-filt-0217	0.9996279528906009	0.9999889877953414	0.9871018209495165	1.0	0.994937696362848
sub-055_ses-01_age-P39_rec-baseline_run-01_comp-001_ica-filt-0218	0.9871948799467658	0.0011030064920543778	0.9794551907412437	0.9	0.9549502184994206
sub-055_ses-01_age-P39_rec-baseline_run-01_comp-001_ica-filt-0219	0.979511069099516	0.9983115603621454	0.9207010230158987	0.975	0.968560498938671
sub-055_ses-01_age-P39_rec-baseline_run-01_comp-001_ica-filt-0220	0.9949405631768782	0.9999964096616629	0.9943631807055384	1.0	0.9959357368898051
sub-055_ses-01_age-P39_rec-baseline_run-01_comp-001_ica-filt-0221	0.9998082062291803	0.9996059215825176	0.9794332988553709	1.0	0.9924809878850399
sub-055_ses-01_age-P39_rec-baseline_run-01_comp-001_ica-filt-0222	0.994558663933984	0.9999869834155625	0.9811112000603278	1.0	0.9912707161094182
sub-055_ses-01_age-P39_rec-baseline_run-01_comp-001_ica-filt-0223	0.9928256774938538	0.9984990024721129	0.9793891246500971	1.0	0.981806010579823
sub-055_ses-01_age-P39_rec-baseline_run-01_comp-001_ica-filt-0224	0.9995005848243235	0.9999989630268592	0.9837636172437714	1.0	0.9937827081175209
sub-055_ses-01_age-P39_rec-baseline_run-01_comp-001_ica-filt-0225	0.9963213976837817	0.9999989651201746	0.9907245469605453	1.0	0.995082606323619
sub-055_ses-01_age-P39_rec-baseline_run-01_comp-001_ica-filt-0226	0.9942934613238765	0.9999942314456414	0.99107797536644	1.0	0.9945310825105373
sub-055_ses-01_age-P39_rec-baseline_run-01_comp-001_ica-filt-0227	0.9967632820367989	0.9999969260281278	0.9913875957922275	1.0	0.9954638619171722
sub-055_ses-01_age-P39_rec-baseline_run-01_comp-001_ica-filt-0228	0.999281559779603	0.9999973080930088	0.9823357545276531	1.0	0.9932423234230844
sub-055_ses-01_age-P39_rec-baseline_run-01_comp-001_ica-filt-0229	0.998613461920403	0.9999990988760061	0.9959715460965083	1.0	0.9977705272847733
sub-055_ses-01_age-P39_rec-baseline_run-01_comp-001_ica-filt-0230	0.9985185500479122	0.99999839257038	0.9876230037751531	1.0	0.9947444645315899
sub-055_ses-01_age-P39_rec-baseline_run-01_comp-001_ica-filt-0231	0.9986677916639054	0.9999719801611817	0.9794343716924054	1.0	0.9921011930155257
sub-055_ses-01_age-P39_rec-baseline_run-01_comp-001_ica-filt-0232	0.9982328666478049	0.9999992341296482	0.9905757491590481	1.0	0.995667533540962
sub-055_ses-01_age-P39_rec-baseline_run-01_comp-001_ica-filt-0233	0.9967143481722738	0.9999866373912621	0.9904594922226572	1.0	0.9951206212629476
sub-055_ses-01_age-P39_rec-baseline_run-01_comp-001_ica-filt-0234	0.9969498923632656	0.9999983983046248	0.994014604483767	1.0	0.996476115674569
sub-055_ses-01_age-P39_rec-baseline_run-01_comp-001_ica-filt-0235	0.9972742321698018	0.9999933357841415	0.9949188970488636	1.0	0.9969219000130779
sub-055_ses-01_age-P39_rec-baseline_run-01_comp-001_ica-filt-0236	0.9982134307759805	0.9999992484569287	0.9882853795859851	1.0	0.9948684317197519
sub-055_ses-01_age-P39_rec-baseline_run-01_comp-001_ica-filt-0237	0.9748842198484909	0.99994323484674	0.9794298130400604	1.0	0.9841718769423585
sub-055_ses-01_age-P39_rec-baseline_run-01_comp-001_ica-filt-0238	0.9972884344995646	0.9999959061702881	0.9935892115771846	1.0	0.9964322414669621
sub-055_ses-01_age-P39_rec-baseline_run-01_comp-001_ica-filt-0239	0.9994799609635107	0.9999983420613989	0.9855538283205252	1.0	0.9943687222768798
sub-055_ses-01_age-P39_rec-baseline_run-01_comp-001_ica-filt-0240	0.9903485633910314	0.9999827066599881	0.9927099445580633	1.0	0.9937987853177187
sub-055_ses-01_age-P39_rec-baseline_run-01_comp-001_ica-filt-0241	0.9990260474402235	0.9999708117193115	0.97938538689514	1.0	0.992204938089923
sub-055_ses-01_age-P39_rec-baseline_run-01_comp-001_ica-filt-0242	0.9210786551862739	1.684329411070984e-06	0.9794570407666788	0.875	0.9579120690144655
sub-055_ses-01_age-P39_rec-baseline_run-01_comp-001_ica-filt-0243	0.998204069670344	0.9999984267876	0.990021264248058	1.0	0.9954641470704345
sub-055_ses-01_age-P39_rec-baseline_run-01_comp-001_ica-filt-0244	0.9987887369353752	0.99999867503853	0.9880443653896707	1.0	0.9949779167469665
sub-055_ses-01_age-P39_rec-baseline_run-01_comp-001_ica-filt-0245	1.9811751288445166e-05	1.4242528405902204e-77	0.9032614223211746	0.075	0.3289618058182975
sub-055_ses-01_age-P39_rec-baseline_run-01_comp-001_ica-filt-0246	0.9980434354048466	0.999981023136347	0.9684203514998283	1.0	0.9884604632915376
sub-055_ses-01_age-P39_rec-baseline_run-01_comp-001_ica-filt-0247	0.999483422226431	0.9999921907424105	0.9837095731037918	1.0	0.9937592120441651
sub-055_ses-01_age-P39_rec-baseline_run-01_comp-001_ica-filt-0248	0.9794191955572422	3.298698960954663e-05	0.9794356271943478	0.95	0.9606853960895149
sub-055_ses-01_age-P39_rec-baseline_run-01_comp-001_ica-filt-0249	0.9993269257049582	0.999952781579693	0.9856749229695292	1.0	0.9943581157530069
sub-055_ses-01_age-P39_rec-baseline_run-01_comp-001_ica-filt-0250	0.9883183014614169	0.9999936641416098	0.9879479950868272	1.0	0.9914549249631431
sub-055_ses-01_age-P39_rec-baseline_run-01_comp-001_ica-filt-0251	0.9989606512934842	0.9999922507938233	0.979415274395476	1.0	0.9921927018716209
sub-055_ses-01_age-P39_rec-baseline_run-01_comp-001_ica-filt-0252	0.9955715603479544	0.9999918352757522	0.9823117825422687	1.0	0.9919978489867535
sub-055_ses-01_age-P39_rec-baseline_run-01_comp-001_ica-filt-0253	0.9992570558151247	0.999974954325419	0.9794406933223757	1.0	0.9922996374283398
sub-055_ses-01_age-P39_rec-baseline_run-01_comp-001_ica-filt-0254	0.9674438138054622	0.965423053204614	0.9794438809191328	1.0	0.965029576871057
sub-055_ses-01_age-P39_rec-baseline_run-01_comp-001_ica-filt-0255	0.9984274151946215	0.9999956732297308	0.9970275874642796	1.0	0.9981247695404115
sub-055_ses-01_age-P39_rec-baseline_run-01_comp-001_ica-filt-0256	0.9978029599614564	0.9999872498024447	0.9845608969965841	1.0	0.9934798793455442
sub-055_ses-01_age-P39_rec-baseline_run-01_comp-001_ica-filt-0257	0.9469311746854737	6.913772445806129e-06	0.9794173883008553	0.85	0.9415168860735138
sub-055_ses-01_age-P39_rec-baseline_run-01_comp-001_ica-filt-0258	0.9953232052756239	0.9999986426961903	0.9910006798053951	1.0	0.9948470631012002
sub-055_ses-01_age-P39_rec-baseline_run-01_comp-001_ica-filt-0259	0.9967357383903456	0.9998945352177748	0.979393875004235	1.0	0.9914442173439867
sub-055_ses-01_age-P39_rec-baseline_run-01_comp-001_ica-filt-0260	0.993123530896916	0.999995090826489	0.9898856376085515	1.0	0.9937234292352101
sub-055_ses-01_age-P39_rec-baseline_run-01_comp-001_ica-filt-0261	0.979657075849101	0.006954062496506439	0.9093047899386932	0.975	0.957150164955264
sub-055_ses-01_age-P39_rec-baseline_run-01_comp-001_ica-filt-0262	0.9869701174284949	0.9997367295501342	0.9602958145284479	1.0	0.9823275841828184
sub-055_ses-01_age-P39_rec-baseline_run-01_comp-001_ica-filt-0263	0.9952231979322819	0.9999972113336106	0.9877827625285852	1.0	0.9937003113274677
sub-055_ses-01_age-P39_rec-baseline_run-01_comp-001_ica-filt-0264	0.9983523107043871	0.9999991406617654	0.9937405659436656	1.0	0.9968424837698128
sub-055_ses-01_age-P39_rec-baseline_run-01_comp-001_ica-filt-0265	0.994406384827365	0.9999796589684813	0.9907003784660496	1.0	0.9944357787199056
sub-055_ses-01_age-P39_rec-baseline_run-01_comp-001_ica-filt-0266	0.9994520518179841	0.9999986900361756	0.9861508851012161	1.0	0.9945590293785397
sub-055_ses-01_age-P39_rec-baseline_run-01_comp-001_ica-filt-0267	0.9899258392154848	0.9999943766590531	0.9830180740682912	1.0	0.9903465162988215
sub-055_ses-01_age-P39_rec-baseline_run-01_comp-001_ica-filt-0268	0.9917852821888844	0.4087409476875031	0.9054766620298573	0.9	0.9018179747448457
sub-055_ses-01_age-P39_rec-baseline_run-01_comp-001_ica-filt-0269	0.9985746810382852	0.9999992924097504	0.989644780050429	1.0	0.9954568314804085
sub-055_ses-01_age-P39_rec-baseline_run-01_comp-001_ica-filt-0270	0.992529230644129	0.9999461949810401	0.9794012003227754	1.0	0.9900443917918519
sub-055_ses-01_age-P39_rec-baseline_run-01_comp-001_ica-filt-0271	0.9912257070875717	0.9978932464062708	0.9794686752231464	0.975	0.9896314767393353
sub-055_ses-01_age-P39_rec-baseline_run-01_comp-001_ica-filt-0272	0.998099413100408	0.9999920668239369	0.9805889200548823	1.0	0.9922824353552344
sub-055_ses-01_age-P39_rec-baseline_run-01_comp-001_ica-filt-0273	0.9988108512572528	0.9999984234478447	0.9903943442427953	1.0	0.995796651659052
sub-055_ses-01_age-P39_rec-baseline_run-01_comp-001_ica-filt-0274	0.9981582586599492	0.9999974407441663	0.9839901954964224	1.0	0.9934098637616109
sub-055_ses-01_age-P39_rec-baseline_run-01_comp-001_ica-filt-0275	0.994149999289692	0.9999892034827452	0.9872854494512487	1.0	0.993173825045127
sub-055_ses-01_age-P39_rec-baseline_run-01_comp-001_ica-filt-0276	0.9989376988117943	0.9999990785430146	0.995310522692046	1.0	0.9976247649750585
sub-055_ses-01_age-P39_rec-baseline_run-01_comp-001_ica-filt-0277	0.9940791911931691	0.9999967443222291	0.9880359023373546	0.975	0.9934051823960398
sub-055_ses-01_age-P39_rec-baseline_run-01_comp-001_ica-filt-0278	0.996165143239616	0.9999852741442558	0.9337591970379377	1.0	0.9777478057428478
sub-055_ses-01_age-P39_rec-baseline_run-01_comp-001_ica-filt-0279	0.9980885021337262	0.9999980221135093	0.9969554592059	1.0	0.9979828731772665
sub-055_ses-01_age-P39_rec-baseline_run-01_comp-001_ica-filt-0280	0.9964842026230623	0.9999954164156304	0.9751866256551627	1.0	0.9900291642197344
sub-055_ses-01_age-P39_rec-baseline_run-01_comp-001_ica-filt-0281	0.9948621118398171	0.999273294128657	0.9793957009199143	1.0	0.9908202593433918
sub-055_ses-01_age-P39_rec-baseline_run-01_comp-001_ica-filt-0282	0.9988135292914323	0.9999919512697127	0.979432454785799	1.0	0.9921491587962907
sub-055_ses-01_age-P39_rec-baseline_run-01_comp-001_ica-filt-0283	0.9992303902396714	0.9999991494916174	0.9936178971262755	1.0	0.9970900889104346
sub-055_ses-01_age-P39_rec-baseline_run-01_comp-001_ica-filt-0284	0.9958152416611803	0.9999837393826976	0.9954764995887728	1.0	0.9966472636882177
sub-055_ses-01_age-P39_rec-baseline_run-01_comp-001_ica-filt-0285	0.9993563616926695	0.9999812650193679	0.9815585785669493	1.0	0.9930147421652992
sub-055_ses-01_age-P39_rec-baseline_run-01_comp-001_ica-filt-0286	0.9938745734949175	0.9999026248855065	0.9629820973381138	1.0	0.985429579377779
sub-055_ses-01_age-P39_rec-baseline_run-01_comp-001_ica-filt-0287	0.9978851275616581	0.9999799222194881	0.9793774216766217	1.0	0.9918220832665976
sub-055_ses-01_age-P39_rec-baseline_run-01_comp-001_ica-filt-0288	0.9996074196541948	0.9999599214789291	0.9839126253403093	1.0	0.9938673647114104
sub-055_ses-01_age-P39_rec-baseline_run-01_comp-001_ica-filt-0289	0.9993487838205882	0.9999979477485318	0.9814638472969132	1.0	0.9929815226645319
sub-055_ses-01_age-P39_rec-baseline_run-01_comp-001_ica-filt-0290	0.9967521418460606	0.999995244553564	0.9793988307443593	0.975	0.9914512707145765
sub-055_ses-01_age-P39_rec-baseline_run-01_comp-001_ica-filt-0291	0.9994759271732485	0.9999928409539565	0.9894344193985711	1.0	0.9956843776504485
sub-055_ses-01_age-P39_rec-baseline_run-01_comp-001_ica-filt-0292	0.9983242778157639	0.9999969144688677	0.9795634195703397	1.0	0.9920280002864352
sub-055_ses-01_age-P39_rec-baseline_run-01_comp-001_ica-filt-0293	0.9992486153187492	0.9999936872830623	0.9857940439536246	1.0	0.9943717981016195
sub-055_ses-01_age-P39_rec-baseline_run-01_comp-001_ica-filt-0294	0.9979870901161894	0.9999991900898818	0.9855105519738421	1.0	0.9938566684481192
sub-055_ses-01_age-P39_rec-baseline_run-01_comp-001_ica-filt-0295	0.9991838989884338	0.9999937590865948	0.9842109513478381	1.0	0.993824543651732
sub-055_ses-01_age-P39_rec-baseline_run-01_comp-001_ica-filt-0296	0.9943088269007533	0.9999870336824559	0.9819487919997159	1.0	0.9914588575693819
sub-055_ses-01_age-P39_rec-baseline_run-01_comp-001_ica-filt-0297	2.125991047073675e-05	1.0039988705186379e-81	0.903261680726004	0.05	0.30396235857387677
sub-055_ses-01_age-P39_rec-baseline_run-01_comp-001_ica-filt-0298	0.9994497637419635	0.999934207902495	0.9841376094765064	1.0	0.9938889657669101
sub-055_ses-01_age-P39_rec-baseline_run-01_comp-001_ica-filt-0299	0.9978966475078247	0.9999921076373894	0.9622480355149511	1.0	0.9865508958471897
sub-055_ses-01_age-P39_rec-baseline_run-01_comp-001_ica-filt-0300	0.998844701672433	0.9999994632482994	0.987915152600226	1.0	0.9949525381443989
sub-055_ses-01_age-P39_rec-baseline_run-01_comp-001_ica-filt-0301	0.9981470990169633	0.9999990564104924	0.9877986885678393	1.0	0.9946803623935146
sub-055_ses-01_age-P39_rec-baseline_run-01_comp-001_ica-filt-0302	0.998194377324115	0.9999993379428663	0.989653879690246	1.0	0.995333219610086
sub-055_ses-01_age-P39_rec-baseline_run-01_comp-001_ica-filt-0303	0.9960845748420534	0.9999981012780076	0.9888527940137426	1.0	0.9943533273170101
sub-055_ses-01_age-P39_rec-baseline_run-01_comp-001_ica-filt-0304	0.9993635689124574	0.9999870528876408	0.9893801879931552	1.0	0.9956281668673689
sub-055_ses-01_age-P39_rec-baseline_run-01_comp-001_ica-filt-0305	0.9958731443487238	0.9998097588258144	0.9480900625951592	1.0	0.9817271409910329
sub-055_ses-01_age-P39_rec-baseline_run-01_comp-001_ica-filt-0306	0.9995642814208973	0.999994128880382	0.9877236575887175	1.0	0.9951272413813647
sub-055_ses-01_age-P39_rec-baseline_run-01_comp-001_ica-filt-0307	0.999063247361835	0.9998698899009201	0.9851076117012222	1.0	0.9940812702170155
sub-055_ses-01_age-P39_rec-baseline_run-01_comp-001_ica-filt-0308	0.9986550304405954	0.9999970364564617	0.9794580058446951	1.0	0.992104502975565
sub-055_ses-01_age-P39_rec-baseline_run-01_comp-001_ica-filt-0309	0.9970173784965206	0.9999928845779705	0.9886023295476851	1.0	0.9945782604473683
sub-055_ses-01_age-P39_rec-baseline_run-01_comp-001_ica-filt-0310	0.7603879488091814	0.5031301344635037	0.9879551571676293	1.0	0.9154805807871845
sub-055_ses-01_age-P39_rec-baseline_run-01_comp-001_ica-filt-0311	0.9938256305806891	0.9999688172492839	0.9794286277817635	1.0	0.9904853012347848
sub-055_ses-01_age-P39_rec-baseline_run-01_comp-001_ica-filt-0312	0.9994631147136471	0.9999585736312895	0.9852203258783884	1.0	0.9942520324924454
sub-055_ses-01_age-P39_rec-baseline_run-01_comp-001_ica-filt-0313	0.9961721310274609	0.9999968645376929	0.9831347243917261	1.0	0.9924668017831424
sub-055_ses-01_age-P39_rec-baseline_run-01_comp-001_ica-filt-0314	0.995239068778079	0.9999318853581511	0.9794379424545602	1.0	0.9909594280826258
sub-055_ses-01_age-P39_rec-baseline_run-01_comp-001_ica-filt-0315	0.9996430392037553	0.9999840525316941	0.9839732965349952	1.0	0.9938992226176725
sub-055_ses-01_age-P39_rec-baseline_run-01_comp-001_ica-filt-0316	0.9991214395333128	0.9998559706079155	0.9874774173665843	1.0	0.9948960187011558
sub-055_ses-01_age-P39_rec-baseline_run-01_comp-001_ica-filt-0317	0.9996255444266353	0.9998513978824736	0.9790045879083723	0.975	0.9672830741461352
sub-055_ses-01_age-P39_rec-baseline_run-01_comp-001_ica-filt-0318	0.9991579422477858	0.9999991624585141	0.9812572263157083	1.0	0.9928510256321385
sub-055_ses-01_age-P39_rec-baseline_run-01_comp-001_ica-filt-0319	0.9910176661966882	0.9999812818217476	0.9958119905172009	1.0	0.9951769037568324
sub-055_ses-01_age-P39_rec-baseline_run-01_comp-001_ica-filt-0320	0.9656130606953589	0.994781832079746	0.9645189365562812	0.975	0.9764699540304264
sub-055_ses-01_age-P39_rec-baseline_run-01_comp-001_ica-filt-0321	0.9991302927886904	0.9999986140320032	0.979958144431349	1.0	0.9924232240224861
sub-055_ses-01_age-P39_rec-baseline_run-01_comp-001_ica-filt-0322	0.16468148265149657	2.3243806505461272e-15	0.9030365351798045	0.275	0.3921214175125905
sub-055_ses-01_age-P39_rec-baseline_run-01_comp-001_ica-filt-0323	0.9993365181532345	0.9999984066154036	0.9794191365276613	1.0	0.9923192266307712
sub-055_ses-01_age-P39_rec-baseline_run-01_comp-001_ica-filt-0324	0.9985706666027643	0.999991794084831	0.9806957619980051	1.0	0.9924739523753168
sub-055_ses-01_age-P39_rec-baseline_run-01_comp-001_ica-filt-0325	0.9969471108077449	0.9999900067070424	0.9710304986192402	1.0	0.9888939111433522
sub-055_ses-01_age-P39_rec-baseline_run-01_comp-001_ica-filt-0326	0.9996138344721544	0.9999633738965021	0.983914201581235	1.0	0.9938700220764213
sub-055_ses-01_age-P39_rec-baseline_run-01_comp-001_ica-filt-0327	0.9849230445152701	0.20775477606053222	0.9794285653053401	1.0	0.9875177525538047
sub-055_ses-01_age-P39_rec-baseline_run-01_comp-001_ica-filt-0328	0.9993377630483441	0.9999956404237387	0.9896206009605029	1.0	0.9957028076846877
sub-055_ses-01_age-P39_rec-baseline_run-01_comp-001_ica-filt-0329	0.0017954481305330965	6.332559340769988e-31	0.8799701122132819	0.075	0.3399663028421371
sub-055_ses-01_age-P39_rec-baseline_run-01_comp-001_ica-filt-0330	0.9990135183066438	0.9999958615599627	0.9862288760306998	1.0	0.9944389995117254
sub-055_ses-01_age-P39_rec-baseline_run-01_comp-001_ica-filt-0331	0.9994965534864637	0.9999617552898104	0.9880431418555109	1.0	0.9952134383762198
sub-055_ses-01_age-P39_rec-baseline_run-01_comp-001_ica-filt-0332	0.9995592769304674	0.9999194154646183	0.9794397926654301	1.0	0.9924000895701645
sub-055_ses-01_age-P39_rec-baseline_run-01_comp-001_ica-filt-0333	0.998057079797145	0.9999947054111092	0.9812798330863282	1.0	0.9924913850807666
sub-055_ses-01_age-P39_rec-baseline_run-01_comp-001_ica-filt-0334	0.9976951073926077	0.9999919452196712	0.9731063478462677	1.0	0.989784469247291
sub-055_ses-01_age-P39_rec-baseline_run-01_comp-001_ica-filt-0335	0.9965766720697917	0.9999982276076875	0.9859102188796404	1.0	0.9935199899262734
sub-055_ses-01_age-P39_rec-baseline_run-01_comp-001_ica-filt-0336	0.9965094580727686	0.999971984399088	0.9794251300988362	1.0	0.9913787911482549
sub-055_ses-01_age-P39_rec-baseline_run-01_comp-001_ica-filt-0337	0.9984741781556695	0.999998830033031	0.9867256213980692	1.0	0.9944261759498337
sub-055_ses-01_age-P39_rec-baseline_run-01_comp-001_ica-filt-0338	0.9997680230536848	0.9998179415322302	0.9775535065697635	1.0	0.9918691335288229
sub-055_ses-01_age-P39_rec-baseline_run-01_comp-001_ica-filt-0339	0.9937032331460314	0.9999722079034923	0.98388468900257	1.0	0.9918901034518298
sub-055_ses-01_age-P39_rec-baseline_run-01_comp-001_ica-filt-0340	0.9994717534536761	0.9999915204263169	0.9871341560254592	1.0	0.9948965597981371
sub-055_ses-01_age-P39_rec-baseline_run-01_comp-001_ica-filt-0341	0.9957339891591741	0.9999904337368671	0.9957633709198206	1.0	0.9967302680652889
sub-055_ses-01_age-P39_rec-baseline_run-01_comp-001_ica-filt-0342	0.999547004874767	0.9999980492407058	0.9836688433360654	1.0	0.9937670147354649
sub-055_ses-01_age-P39_rec-baseline_run-01_comp-001_ica-filt-0343	0.9918509845463331	0.9997421197107337	0.9794689466566988	1.0	0.9898399894376602
sub-055_ses-01_age-P39_rec-baseline_run-01_comp-001_ica-filt-0344	0.9993077556956481	0.999962093955728	0.9819403141167625	1.0	0.9931224126611305
sub-055_ses-01_age-P39_rec-baseline_run-01_comp-001_ica-filt-0345	0.9975205646667343	0.9999981922181983	0.980993074319587	1.0	0.9922198522347957
sub-055_ses-01_age-P39_rec-baseline_run-01_comp-001_ica-filt-0346	0.9989724649946566	0.9999251004061595	0.9829237345510897	1.0	0.9933311964237789
sub-055_ses-01_age-P39_rec-baseline_run-01_comp-001_ica-filt-0347	0.9962858050368786	0.999995162128382	0.9801054604125393	1.0	0.9915223662778881
sub-055_ses-01_age-P39_rec-baseline_run-01_comp-001_ica-filt-0348	0.9965872833193021	0.9999979606827332	0.9816943865091996	1.0	0.9921357508379804
sub-055_ses-01_age-P39_rec-baseline_run-01_comp-001_ica-filt-0349	0.9995241132649821	0.9999874245670762	0.9889689688209978	1.0	0.9955398077402723
sub-055_ses-01_age-P39_rec-baseline_run-01_comp-001_ica-filt-0350	0.002437149871774731	2.9160241652724963e-32	0.000574210175625989	0.05	0.02646213433117034
sub-055_ses-01_age-P39_rec-baseline_run-01_comp-001_ica-filt-0351	0.9970908428725521	0.9999955881251414	0.981884959955733	1.0	0.9923654605853853
sub-055_ses-01_age-P39_rec-baseline_run-01_comp-001_ica-filt-0352	0.9994103442619491	0.9999971785454096	0.9883875350679199	1.0	0.9953023392619432
sub-055_ses-01_age-P39_rec-baseline_run-01_comp-001_ica-filt-0353	0.9986587439270354	0.9999989845427977	0.9855829985394627	1.0	0.994104712743591
sub-055_ses-01_age-P39_rec-baseline_run-01_comp-001_ica-filt-0354	0.9990516473395008	0.9999947146720096	0.9897028088505196	1.0	0.9956359520254053
sub-055_ses-01_age-P39_rec-baseline_run-01_comp-001_ica-filt-0355	0.9991073401754349	0.9999989437816127	0.9825027577381038	1.0	0.993238679618362
sub-055_ses-01_age-P39_rec-baseline_run-01_comp-001_ica-filt-0356	0.9962562935425636	0.9999971072412767	0.9794056351036647	1.0	0.9912881650229437
sub-055_ses-01_age-P39_rec-baseline_run-01_comp-001_ica-filt-0357	0.9942125273838313	0.9998319853916647	0.9794164825456468	1.0	0.9906103804829925
sub-055_ses-01_age-P39_rec-baseline_run-01_comp-001_ica-filt-0358	0.9993050903436151	0.9999961183594995	0.9867676029155514	1.0	0.9947172899800193
sub-055_ses-01_age-P39_rec-baseline_run-01_comp-001_ica-filt-0359	0.999051209635388	0.9999989667914191	0.9802046059128579	1.0	0.9924760275177583
sub-055_ses-01_age-P39_rec-baseline_run-01_comp-001_ica-filt-0360	0.9996405846796816	0.9999891750302714	0.9841722229698892	1.0	0.9939639919815924
sub-055_ses-01_age-P39_rec-baseline_run-01_comp-001_ica-filt-0361	0.995718437415834	0.9998802009487676	0.9794563581260896	1.0	0.9911251112773537
sub-055_ses-01_age-P39_rec-baseline_run-01_comp-001_ica-filt-0362	0.9984882453142105	0.9999987325804213	0.9842398413412996	1.0	0.9936021950855746
sub-055_ses-01_age-P39_rec-baseline_run-01_comp-001_ica-filt-0363	0.9986743006959974	0.9996799951331586	0.9794413491785862	1.0	0.9921055956112458
sub-055_ses-01_age-P39_rec-baseline_run-01_comp-001_ica-filt-0364	0.9963053188377811	0.9999948606217911	0.9754845319031858	1.0	0.9900628824292735
sub-055_ses-01_age-P39_rec-baseline_run-01_comp-001_ica-filt-0365	0.9976547490741081	0.9999985029491716	0.984723792009794	1.0	0.9934844131045536
sub-055_ses-01_age-P39_rec-baseline_run-01_comp-001_ica-filt-0366	0.9976814365386663	0.9999697108764212	0.9794354249869485	1.0	0.9917727450409183
sub-055_ses-01_age-P39_rec-baseline_run-01_comp-001_ica-filt-0367	0.9992108024379862	0.9999483894352692	0.9794509822695123	1.0	0.9922875124287455
sub-055_ses-01_age-P39_rec-baseline_run-01_comp-001_ica-filt-0368	0.9986038189271581	0.9999376258136472	0.9793829964894031	1.0	0.9920634305122795
sub-055_ses-01_age-P39_rec-baseline_run-01_comp-001_ica-filt-0369	0.9996272201451055	0.9999975380716998	0.9807787236598273	1.0	0.992852888705714
sub-055_ses-01_age-P39_rec-baseline_run-01_comp-001_ica-filt-0370	0.9905692907168059	0.9999902383693829	0.9794257439925111	1.0	0.9893989318059077
sub-055_ses-01_age-P39_rec-baseline_run-01_comp-001_ica-filt-0371	0.991771431427124	0.9999920699402888	0.9846904340904371	1.0	0.9915122563644694
sub-055_ses-01_age-P39_rec-baseline_run-01_comp-001_ica-filt-0372	0.9988782200487879	0.9999982576678148	0.9821543913502744	1.0	0.9930488353404004
sub-055_ses-01_age-P39_rec-baseline_run-01_comp-001_ica-filt-0373	0.9971620477547405	0.9999972152063934	0.984437491328658	1.0	0.9932254245935163
sub-055_ses-01_age-P39_rec-baseline_run-01_comp-001_ica-filt-0374	0.9976630719156666	0.9999987374999589	0.9843792085724417	1.0	0.9933731683918187
sub-055_ses-01_age-P39_rec-baseline_run-01_comp-001_ica-filt-0375	0.9899216258333284	0.9999896932759905	0.9811074161188803	1.0	0.9897238137942096
sub-055_ses-01_age-P39_rec-baseline_run-01_comp-001_ica-filt-0376	0.9995161566483224	0.9999862122937879	0.9850700899979747	1.0	0.9942197728370378
sub-055_ses-01_age-P39_rec-baseline_run-01_comp-001_ica-filt-0377	0.8720213080123551	0.770130098387942	0.9794164694490026	0.975	0.949879969835184
sub-055_ses-01_age-P39_rec-baseline_run-01_comp-001_ica-filt-0378	0.9995152711692169	0.9999550072474885	0.9837614688253218	1.0	0.9937868968153302
sub-055_ses-01_age-P39_rec-baseline_run-01_comp-001_ica-filt-0379	0.9987741243598691	0.9999961291016366	0.9879564332574179	1.0	0.9949430740716142
sub-055_ses-01_age-P39_rec-baseline_run-01_comp-001_ica-filt-0380	0.9984565284470034	0.9999982693805568	0.9794547095931128	1.0	0.9920372806754028
sub-055_ses-01_age-P39_rec-baseline_run-01_comp-001_ica-filt-0381	0.9996739353107743	0.9999807893388272	0.9833834243642223	1.0	0.9937155911715937
sub-055_ses-01_age-P39_rec-baseline_run-01_comp-001_ica-filt-0382	0.9953925110362504	0.9999605114269323	0.9794240840640088	1.0	0.9910061407449574
sub-055_ses-01_age-P39_rec-baseline_run-01_comp-001_ica-filt-0383	0.9951258215245445	0.999998348830263	0.9828427753585393	1.0	0.9920225132121159
sub-055_ses-01_age-P39_rec-baseline_run-01_comp-001_ica-filt-0384	0.995538423761933	0.0009545098607001513	0.9612206166257429	0.675	0.8687919069287182
sub-055_ses-01_age-P39_rec-baseline_run-01_comp-001_ica-filt-0385	0.9983060710153372	0.999997238400334	0.9794472832904149	1.0	0.9919847514739413
sub-055_ses-01_age-P39_rec-baseline_run-01_comp-001_ica-filt-0386	0.9990644505607537	0.9999994179057878	0.9845397706286932	1.0	0.9938933858026905
sub-055_ses-01_age-P39_rec-baseline_run-01_comp-001_ica-filt-0387	0.9985300247280242	0.9999990036847802	0.9861098883139229	1.0	0.9942379489853502
sub-055_ses-01_age-P39_rec-baseline_run-01_comp-001_ica-filt-0388	0.996660975904836	0.9999981035831068	0.9861747651683902	1.0	0.9936366751551374
sub-055_ses-01_age-P39_rec-baseline_run-01_comp-001_ica-filt-0389	0.9994652096042089	0.9999974827784232	0.9835764706530199	1.0	0.993709392938139
sub-055_ses-01_age-P39_rec-baseline_run-01_comp-001_ica-filt-0390	0.998418733437873	0.999996633139197	0.9794610654751077	1.0	0.9920267165637141
sub-055_ses-01_age-P39_rec-baseline_run-01_comp-001_ica-filt-0391	0.9981164824828885	0.9999993199259251	0.9873254515152047	1.0	0.9945095309360049
sub-055_ses-01_age-P39_rec-baseline_run-01_comp-001_ica-filt-0392	0.9991600526122844	0.9999992461459932	0.985190227966622	1.0	0.9941410021159504
sub-055_ses-01_age-P39_rec-baseline_run-01_comp-001_ica-filt-0393	0.9966717107814015	0.9999613680293932	0.9794402204413449	1.0	0.9914377044179581
sub-055_ses-01_age-P39_rec-baseline_run-01_comp-001_ica-filt-0394	0.9988252492624295	0.9999992769067013	0.9868050511347113	1.0	0.994569963463532
sub-055_ses-01_age-P39_rec-baseline_run-01_comp-001_ica-filt-0395	0.9981114111397617	0.9999973601312437	0.9824646017035968	1.0	0.9928942621925515
sub-055_ses-01_age-P39_rec-baseline_run-01_comp-001_ica-filt-0396	0.9994483682582632	0.99997466253951	0.9828748241558757	1.0	0.9934738383760617
sub-055_ses-01_age-P39_rec-baseline_run-01_comp-001_ica-filt-0397	0.9994459275016092	0.9999706927590933	0.9794001276112317	1.0	0.9923496141966149
sub-055_ses-01_age-P39_rec-baseline_run-01_comp-001_ica-filt-0398	0.9988559173505109	0.9999992854799546	0.9857185786331013	1.0	0.9942156892162269
sub-055_ses-01_age-P39_rec-baseline_run-01_comp-001_ica-filt-0399	0.9995486204281984	0.9999936864886237	0.9835319695637406	1.0	0.993722579162124
sub-055_ses-01_age-P39_rec-baseline_run-01_comp-001_ica-filt-0400	0.9985487492859432	0.9999679143844489	0.9794776150415688	1.0	0.9920753522763855
sub-055_ses-01_age-P39_rec-baseline_run-01_comp-001_ica-filt-0401	0.9973624494925433	0.9999901523940149	0.9802828343321572	1.0	0.991938258739153
sub-055_ses-01_age-P39_rec-baseline_run-01_comp-001_ica-filt-0402	0.9862305242076345	0.9997952517141376	0.9929157515235266	1.0	0.9925006173566429
sub-055_ses-01_age-P39_rec-baseline_run-01_comp-001_ica-filt-0403	0.9989029375096513	0.9999995865334432	0.9916457210381	1.0	0.9962687277863559
sub-055_ses-01_age-P39_rec-baseline_run-01_comp-001_ica-filt-0404	0.9990215260148884	0.9999612158947137	0.9865182017552987	1.0	0.9945388236450422
sub-055_ses-01_age-P39_rec-baseline_run-01_comp-001_ica-filt-0405	0.9984378124529509	0.9999843841164237	0.9808011269655206	1.0	0.9924636459511845
sub-055_ses-01_age-P39_rec-baseline_run-01_comp-001_ica-filt-0406	0.9851296862181722	0.9999779086051411	0.9794003764562198	1.0	0.9792442800533164
sub-055_ses-01_age-P39_rec-baseline_run-01_comp-001_ica-filt-0407	0.9988536665719467	0.9999986772736067	0.9833689690304561	1.0	0.9934374260597019
sub-055_ses-01_age-P39_rec-baseline_run-01_comp-001_ica-filt-0408	0.9996123396836273	0.9999974215393361	0.9794256974766246	1.0	0.9924132665766345
sub-055_ses-01_age-P39_rec-baseline_run-01_comp-001_ica-filt-0409	0.9990362185262317	0.9999994086134754	0.9857129007367498	1.0	0.9942738935122063
sub-055_ses-01_age-P39_rec-baseline_run-01_comp-001_ica-filt-0410	0.9992037955168352	0.9999989554847721	0.9801620870934947	1.0	0.9925132240846367
sub-055_ses-01_age-P39_rec-baseline_run-01_comp-001_ica-filt-0411	0.9994851209702112	0.9999959443076117	0.9806535417090848	1.0	0.9927651612933147
sub-055_ses-01_age-P39_rec-baseline_run-01_comp-001_ica-filt-0412	0.9973818470866183	0.9999990049738509	0.9870581435313812	1.0	0.994174235680852
sub-055_ses-01_age-P39_rec-baseline_run-01_comp-001_ica-filt-0413	0.9990050217034805	0.9999986786885725	0.9794601534838125	1.0	0.9922218540947313
sub-055_ses-01_age-P39_rec-baseline_run-01_comp-001_ica-filt-0414	0.9993225677685904	0.999999308979011	0.9843630471439961	1.0	0.993920993316577
sub-055_ses-01_age-P39_rec-baseline_run-01_comp-001_ica-filt-0415	0.9990046993533273	0.9999000135739285	0.9454256323261349	1.0	0.9820049342855292
sub-055_ses-01_age-P39_rec-baseline_run-01_comp-001_ica-filt-0416	0.7354998133516865	0.002809882198739754	0.9062050101557759	0.95	0.8749206972649212
sub-055_ses-01_age-P39_rec-baseline_run-01_comp-001_ica-filt-0417	0.9990563817607164	0.9999987310959573	0.9827992272213191	1.0	0.993318468416366
sub-055_ses-01_age-P39_rec-baseline_run-01_comp-001_ica-filt-0418	0.9931761134440733	0.9999101714394573	0.9794516917348336	1.0	0.99027617648948
sub-055_ses-01_age-P39_rec-baseline_run-01_comp-001_ica-filt-0419	0.9978772170968345	0.9999602233675519	0.9794109225599364	1.0	0.9918301646704384
sub-055_ses-01_age-P39_rec-baseline_run-01_comp-001_ica-filt-0420	0.9922137181445592	0.9999602493746147	0.9794475007323655	1.0	0.9899540367726861
sub-055_ses-01_age-P39_rec-baseline_run-01_comp-001_ica-filt-0421	0.9992651665201981	0.9999989131371079	0.9872152869913658	1.0	0.9948551356387602
sub-055_ses-01_age-P39_rec-baseline_run-01_comp-001_ica-filt-0422	0.9985583475389798	0.9999989118532865	0.9875262039936293	0.975	0.9947248709730707
sub-055_ses-01_age-P39_rec-baseline_run-01_comp-001_ica-filt-0423	0.9951495694316432	0.9995190429118043	0.9794019426764381	1.0	0.9909180755718626
sub-055_ses-01_age-P39_rec-baseline_run-01_comp-001_ica-filt-0424	0.998941717750123	0.9999856903956572	0.9860442403534425	1.0	0.9943531912575353
sub-055_ses-01_age-P39_rec-baseline_run-01_comp-001_ica-filt-0425	0.9990196330003502	0.9999991510905291	0.9906086334044955	1.0	0.9959413231915725
sub-055_ses-01_age-P39_rec-baseline_run-01_comp-001_ica-filt-0426	0.9994967627654999	0.9999989185392715	0.9853066886495632	1.0	0.9942919835100131
sub-055_ses-01_age-P39_rec-baseline_run-01_comp-001_ica-filt-0427	0.9961076254746163	0.9999820024217714	0.982518138090173	1.0	0.9922437905016112
sub-055_ses-01_age-P39_rec-baseline_run-01_comp-001_ica-filt-0428	0.9998486634670004	0.9992158607543533	0.9595615325712571	1.0	0.9864026827107121
sub-055_ses-01_age-P39_rec-baseline_run-01_comp-001_ica-filt-0429	0.9993362046095076	0.9999989262293091	0.9845937825748263	1.0	0.9940018444885045
sub-055_ses-01_age-P39_rec-baseline_run-01_comp-001_ica-filt-0430	0.9993085848139893	0.9999961352976483	0.9841526801143083	1.0	0.9938468776746864
sub-055_ses-01_age-P39_rec-baseline_run-01_comp-001_ica-filt-0431	0.9957083613578865	0.9999868422609153	0.9728874865493046	0.975	0.9890543540893674
sub-055_ses-01_age-P39_rec-baseline_run-01_comp-001_ica-filt-0432	0.9973048511907139	0.9999991482331851	0.9930043631512301	1.0	0.9962242193518099
sub-055_ses-01_age-P39_rec-baseline_run-01_comp-001_ica-filt-0433	0.99163506991932	0.9999957528208111	0.9862473325218112	1.0	0.9919857071532774
sub-055_ses-01_age-P39_rec-baseline_run-01_comp-001_ica-filt-0434	0.994739952514152	0.9998382612821078	0.9794373607108868	1.0	0.9907928698266582
sub-055_ses-01_age-P39_rec-baseline_run-01_comp-001_ica-filt-0435	0.9994325981631319	0.9999984624237479	0.9866137779859432	1.0	0.9947079955564485
sub-055_ses-01_age-P39_rec-baseline_run-01_comp-001_ica-filt-0436	0.9990479197583663	0.9999994026548035	0.9883583780063514	1.0	0.9951715559333479
sub-055_ses-01_age-P39_rec-baseline_run-01_comp-001_ica-filt-0437	0.9981042232646864	0.9997568411992429	0.9804418607975648	1.0	0.9922366812678568
sub-055_ses-01_age-P39_rec-baseline_run-01_comp-001_ica-filt-0438	0.9995491083064	0.9999954683979255	0.9815597710090129	1.0	0.9930793775125899
sub-055_ses-01_age-P39_rec-baseline_run-01_comp-001_ica-filt-0439	0.9861489099600321	0.9999744705498679	0.9794362498998028	1.0	0.9879288334983142
sub-055_ses-01_age-P39_rec-baseline_run-01_comp-001_ica-filt-0440	0.9992473709977834	0.9999992566233803	0.9855426507259352	1.0	0.9942874647076724
sub-055_ses-01_age-P39_rec-baseline_run-01_comp-001_ica-filt-0441	0.999175133133884	0.9999987496810211	0.9794361113840439	1.0	0.9922708635625391
sub-055_ses-01_age-P39_rec-baseline_run-01_comp-001_ica-filt-0442	0.9992622222560289	0.9999948251205485	0.9876851737118023	1.0	0.9950134752269454
sub-055_ses-01_age-P39_rec-baseline_run-01_comp-001_ica-filt-0443	0.9994432149328357	0.99999821013173	0.9847930963020579	1.0	0.9941035366666106
sub-055_ses-01_age-P39_rec-baseline_run-01_comp-001_ica-filt-0444	0.9989730646924085	0.9999988585708013	0.9909989403306245	1.0	0.9960630695939408
sub-055_ses-01_age-P39_rec-baseline_run-01_comp-001_ica-filt-0445	0.9987273083758162	0.9999994167140983	0.9823269619861502	1.0	0.9930547089766871
sub-055_ses-01_age-P39_rec-baseline_run-01_comp-001_ica-filt-0446	0.9955020187056561	0.9999978030693938	0.9793833234056409	1.0	0.9910296016917309
sub-055_ses-01_age-P39_rec-baseline_run-01_comp-001_ica-filt-0447	0.9852460404725233	0.9990752658372414	0.9509660540475877	1.0	0.9790164047348512
sub-055_ses-01_age-P39_rec-baseline_run-01_comp-001_ica-filt-0448	0.9970460717676314	0.9999984286093612	0.9794166645703287	1.0	0.9915549535216822
sub-055_ses-01_age-P39_rec-baseline_run-01_comp-001_ica-filt-0449	0.9993343583940684	0.9999989135898173	0.9900121750648448	1.0	0.9958377441343402
sub-055_ses-01_age-P39_rec-baseline_run-01_comp-001_ica-filt-0450	0.9989066866632275	0.9999989593405354	0.9794739977282326	1.0	0.9921935068827598
sub-055_ses-01_age-P39_rec-baseline_run-01_comp-001_ica-filt-0451	0.9954478225990286	0.9999981106327983	0.9905351916858458	1.0	0.994724966449577
sub-055_ses-01_age-P39_rec-baseline_run-01_comp-001_ica-filt-0452	0.9974345903714492	0.999996893184825	0.9853659472430162	1.0	0.993624320949204
sub-055_ses-01_age-P39_rec-baseline_run-01_comp-001_ica-filt-0453	0.9990496045081696	0.9999989555974232	0.981110635953771	1.0	0.9927675139829746
sub-055_ses-01_age-P39_rec-baseline_run-01_comp-001_ica-filt-0454	0.9994718042803922	0.9999912021803072	0.9674538995726943	1.0	0.9886427187451649
sub-055_ses-01_age-P39_rec-baseline_run-01_comp-001_ica-filt-0455	0.9984936056154812	0.9998806382240629	0.9793909668703421	1.0	0.983695909337313
sub-055_ses-01_age-P39_rec-baseline_run-01_comp-001_ica-filt-0456	0.9800224885664277	0.9999550687236938	0.9900198309183572	1.0	0.9894031207716781
sub-055_ses-01_age-P39_rec-baseline_run-01_comp-001_ica-filt-0457	0.11217198294041872	2.2792886756073155e-13	0.0005748342450468191	0.0	0.038041036576214764
sub-055_ses-01_age-P39_rec-baseline_run-01_comp-001_ica-filt-0458	0.9991754279313102	0.9999994552936996	0.9892552448347238	1.0	0.9955222795617237
sub-055_ses-01_age-P39_rec-baseline_run-01_comp-001_ica-filt-0459	0.9988099502443907	0.9999985020627176	0.9909538626222825	1.0	0.9959928092405498
sub-055_ses-01_age-P39_rec-baseline_run-01_comp-001_ica-filt-0460	0.9752482826926551	0.9994085021267767	0.9794206426274824	1.0	0.9676236300733727
sub-055_ses-01_age-P39_rec-baseline_run-01_comp-001_ica-filt-0461	0.9970337530002731	0.9999942286576903	0.9794215714623171	1.0	0.9915524173912403
sub-055_ses-01_age-P39_rec-baseline_run-01_comp-001_ica-filt-0462	0.9990100386402228	0.9999871692595709	0.8376769069970819	1.0	0.9528877163731041
sub-055_ses-01_age-P39_rec-baseline_run-01_comp-001_ica-filt-0463	0.022504202661928555	5.085327359794665e-19	0.8957586562700719	0.125	0.3594297601560985
sub-055_ses-01_age-P39_rec-baseline_run-01_comp-001_ica-filt-0464	0.9994454690420235	0.999998788616809	0.9857763558239171	1.0	0.9944315057951023
sub-055_ses-01_age-P39_rec-baseline_run-01_comp-001_ica-filt-0465	0.9569682060909351	0.997656363276355	0.979468038368032	1.0	0.9782121059004171
sub-055_ses-01_age-P39_rec-baseline_run-01_comp-001_ica-filt-0466	0.9990557327478535	0.9999992708468189	0.9860157615123922	1.0	0.9943816610696361
sub-055_ses-01_age-P39_rec-baseline_run-01_comp-001_ica-filt-0467	0.8827682819746419	0.0761193248970605	0.9794686998729148	0.95	0.9451456762580955
sub-055_ses-01_age-P39_rec-baseline_run-01_comp-001_ica-filt-0468	0.9948131120967427	0.9999574509032385	0.9911370073960565	1.0	0.9863918094304592
sub-055_ses-01_age-P39_rec-baseline_run-01_comp-001_ica-filt-0469	0.9990200935906088	0.9999984503257977	0.9876777723770014	1.0	0.9949302506832552
sub-055_ses-01_age-P39_rec-baseline_run-01_comp-001_ica-filt-0470	0.9913535927702148	0.999920040376949	0.9999888443849769	1.0	0.9961984681705037
sub-055_ses-01_age-P39_rec-baseline_run-01_comp-001_ica-filt-0471	0.9986103834396148	0.9999877285471955	0.9877998703720565	1.0	0.99483519256779
sub-055_ses-01_age-P39_rec-baseline_run-01_comp-001_ica-filt-0472	0.9991177178783573	0.9999986862270551	0.9802310607798999	1.0	0.9925067011552064
sub-055_ses-01_age-P39_rec-baseline_run-01_comp-001_ica-filt-0473	0.9842279309977388	0.9994784690965732	0.9813524728685165	1.0	0.979571842425834
sub-055_ses-01_age-P39_rec-baseline_run-01_comp-001_ica-filt-0474	0.9938930085148844	7.522079683025831e-05	0.97941015601937	0.75	0.9071685165412103
sub-055_ses-01_age-P39_rec-baseline_run-01_comp-001_ica-filt-0475	0.8559408847587419	0.8414123813177687	0.9794484090726825	0.975	0.936196716345572
sub-055_ses-01_age-P39_rec-baseline_run-01_comp-001_ica-filt-0476	0.5617317098405515	0.011193378061465977	0.9794239416000612	1.0	0.8214524947589917
sub-055_ses-01_age-P39_rec-baseline_run-01_comp-001_ica-filt-0477	0.9876334422337524	0.8327477347161034	0.9794349229317288	1.0	0.9884232529418844
sub-055_ses-01_age-P39_rec-baseline_run-01_comp-001_ica-filt-0478	0.7431057703031849	0.08437542101886675	0.9794235191456786	0.95	0.906910379731171
sub-055_ses-01_age-P39_rec-baseline_run-01_comp-001_ica-filt-0479	0.9538511423539845	0.0186505520400553	0.938678720935608	0.9	0.8983644285582318
sub-055_ses-01_age-P39_rec-baseline_run-01_comp-001_ica-filt-0480	0.9985357218005341	0.9999946691623068	0.9838757487368262	1.0	0.9934979894791232
sub-055_ses-01_age-P39_rec-baseline_run-01_comp-001_ica-filt-0481	0.9971588861452223	0.999987418224919	0.9794701242053705	1.0	0.9916096668745144
sub-055_ses-01_age-P39_rec-baseline_run-01_comp-001_ica-filt-0482	0.9981289692784727	0.9999956163090059	0.9794636652841116	1.0	0.9919309606106426
sub-055_ses-01_age-P39_rec-baseline_run-01_comp-001_ica-filt-0483	0.9874364291604699	0.999846072857656	0.9885266800798911	1.0	0.9913586789892256
sub-055_ses-01_age-P39_rec-baseline_run-01_comp-001_ica-filt-0484	0.9989606595843542	0.9999989121006901	0.987457556999399	1.0	0.9948356904400542
sub-055_ses-01_age-P39_rec-baseline_run-01_comp-001_ica-filt-0485	0.9964686999612088	0.9999890856699386	0.918628463518872	0.95	0.9736416039225396
sub-055_ses-01_age-P39_rec-baseline_run-01_comp-001_ica-filt-0486	0.9977514280589451	0.9999694796393971	0.9821742106145966	0.9	0.9676796866074889
sub-055_ses-01_age-P39_rec-baseline_run-01_comp-001_ica-filt-0487	0.9942712878471045	0.9993761016029975	0.9794247537644443	1.0	0.9906326139815391
sub-055_ses-01_age-P39_rec-baseline_run-01_comp-001_ica-filt-0488	0.9992357710817129	0.9999988088379446	0.987938159208449	1.0	0.9950907308064435
sub-055_ses-01_age-P39_rec-baseline_run-01_comp-001_ica-filt-0489	0.9950128837944175	0.9997927575667842	0.9752138277776201	1.0	0.9895472427519648
sub-055_ses-01_age-P39_rec-baseline_run-01_comp-001_ica-filt-0490	0.9824209697693443	0.9999096322302246	0.9829533014980789	1.0	0.9878237015944601
sub-055_ses-01_age-P39_rec-baseline_run-01_comp-001_ica-filt-0491	0.9916481136787891	0.9999408094096027	0.9999884521333384	1.0	0.9962825356751018
sub-055_ses-01_age-P39_rec-baseline_run-01_comp-001_ica-filt-0492	0.9980321229681912	0.9999973999074746	0.982745127769743	1.0	0.9929593749726683
sub-055_ses-01_age-P39_rec-baseline_run-01_comp-001_ica-filt-0493	0.854028736060947	0.9126137278977281	0.9040245662702018	0.975	0.9055050220247626
sub-055_ses-01_age-P39_rec-baseline_run-01_comp-001_ica-filt-0494	0.9991055882878648	0.9999979247668223	0.9824012823115095	1.0	0.993205015758988
sub-055_ses-01_age-P39_rec-baseline_run-01_comp-001_ica-filt-0495	0.9877346958580429	0.9992111095195558	0.9794411399870725	1.0	0.9884589937190137
sub-055_ses-01_age-P39_rec-baseline_run-01_comp-001_ica-filt-0496	0.9986011778282218	0.9999958636934952	0.9879828981254605	1.0	0.994894443107866
sub-055_ses-01_age-P39_rec-baseline_run-01_comp-001_ica-filt-0497	0.9960497473665956	0.9999923077951234	0.9901951537979823	1.0	0.99480667269167
sub-055_ses-01_age-P39_rec-baseline_run-01_comp-001_ica-filt-0498	0.9988505666425875	0.9999949437643496	0.9725491300676938	0.95	0.9816636254229961
sub-055_ses-01_age-P39_rec-baseline_run-01_comp-001_ica-filt-0499	0.9978588116518587	0.9999972910994429	0.9845037353934701	1.0	0.9934795852112729
sub-055_ses-01_age-P39_rec-baseline_run-01_comp-001_ica-filt-0500	0.9989188391582721	0.999990234974489	0.9794068577484538	1.0	0.9921760714261006
sub-055_ses-01_age-P39_rec-baseline_run-01_comp-001_ica-filt-0501	0.9817434211734986	0.9998531221843966	0.9962219874134329	1.0	0.9922445972984827
sub-055_ses-01_age-P39_rec-baseline_run-01_comp-001_ica-filt-0502	0.9595713893733551	0.9990869218978229	0.9794360938033763	1.0	0.9790696100162958
sub-055_ses-01_age-P39_rec-baseline_run-01_comp-001_ica-filt-0503	0.8050852649095233	0.32174349857150536	0.9042834039164163	0.9	0.8892607421640312
sub-055_ses-01_age-P39_rec-baseline_run-01_comp-001_ica-filt-0504	0.9911898966475801	0.9999223403372836	0.9965923128481039	1.0	0.9955388837329351
sub-055_ses-01_age-P39_rec-baseline_run-01_comp-001_ica-filt-0505	0.9976974147340184	0.9999952107640023	0.9794549198831621	1.0	0.9834509767407157
sub-055_ses-01_age-P39_rec-baseline_run-01_comp-001_ica-filt-0506	0.9707694313418089	0.9992657905154182	0.9794636067147163	1.0	0.9828110958857822
sub-055_ses-01_age-P39_rec-baseline_run-01_comp-001_ica-filt-0507	0.9987254951327781	0.9999950220377408	0.9825486301567411	0.975	0.9931263592067672
sub-055_ses-01_age-P39_rec-baseline_run-01_comp-001_ica-filt-0508	0.8149094391476391	0.6324329359857339	0.9802519983929574	0.9	0.9144440064894729
sub-055_ses-01_age-P39_rec-baseline_run-01_comp-001_ica-filt-0509	0.9976296221276363	0.9999633966173845	0.9794587506404445	1.0	0.9917629385800097
sub-055_ses-01_age-P39_rec-baseline_run-01_comp-001_ica-filt-0510	0.7887953077728266	0.06670097363288897	0.9794421551818403	1.0	0.9138128559110932
sub-055_ses-01_age-P39_rec-baseline_run-01_comp-001_ica-filt-0511	0.7290122451494676	0.0010305025390861717	0.9166054040917496	0.975	0.8505996679544969
sub-055_ses-01_age-P39_rec-baseline_run-01_comp-001_ica-filt-0512	0.9665621569745878	0.9881769016087409	0.9839165825136709	1.0	0.982853580350958
sub-055_ses-01_age-P39_rec-baseline_run-01_comp-001_ica-filt-0513	0.9797847841108074	0.9775614080708895	0.9599927933431007	1.0	0.9798425589095173
sub-055_ses-01_age-P39_rec-baseline_run-01_comp-001_ica-filt-0514	0.9903948622114387	0.9854763719497862	0.9793938219070305	1.0	0.989330574963204
sub-055_ses-01_age-P39_rec-baseline_run-01_comp-001_ica-filt-0515	0.9954963551044619	0.9999572954652457	0.994872922998353	1.0	0.9963119460588009
sub-055_ses-01_age-P39_rec-baseline_run-01_comp-001_ica-filt-0516	0.9466842314418624	0.9977340790103927	0.9936652428144026	1.0	0.9795920927956586
sub-055_ses-01_age-P39_rec-baseline_run-01_comp-001_ica-filt-0517	0.9660224846563554	0.9985324497565787	0.9794295201022097	0.975	0.9728845381373916
sub-055_ses-01_age-P39_rec-baseline_run-01_comp-001_ica-filt-0518	0.9928427409981608	0.9999916710778743	0.9906384673509524	1.0	0.9938928276068184
sub-055_ses-01_age-P39_rec-baseline_run-01_comp-001_ica-filt-0519	0.9775181774735139	0.995447577559511	0.9794380176525097	1.0	0.9850524883791207
sub-055_ses-01_age-P39_rec-baseline_run-01_comp-001_ica-filt-0520	0.9965926079887856	0.994895511950746	0.9794309201218716	1.0	0.9830750272597646
sub-055_ses-01_age-P39_rec-baseline_run-01_comp-001_ica-filt-0521	0.9511270362159461	0.996693160821767	0.0005753383887064291	0.4	0.4593598921471589
sub-055_ses-01_age-P39_rec-baseline_run-01_comp-001_ica-filt-0522	0.9990286909996523	0.9999902629361425	0.9794399940534433	1.0	0.992223292041675
sub-055_ses-01_age-P39_rec-baseline_run-01_comp-001_ica-filt-0523	0.9952571436737143	0.9999955220895967	0.9818292634242947	1.0	0.9917361416455623
sub-055_ses-01_age-P39_rec-baseline_run-01_comp-001_ica-filt-0524	0.9956043912204935	0.9999945315277141	0.9795116553305533	1.0	0.9827714632511246
sub-055_ses-01_age-P39_rec-baseline_run-01_comp-001_ica-filt-0525	0.9162453272737727	0.6984441815439393	0.9794292798977063	1.0	0.9562920754772085
sub-055_ses-01_age-P39_rec-baseline_run-01_comp-001_ica-filt-0526	0.9985980214937836	0.9999932842297473	0.9828835321782523	0.975	0.9931932363674925
sub-055_ses-01_age-P39_rec-baseline_run-01_comp-001_ica-filt-0527	0.9011612913421304	0.872389757411997	0.9794805692649929	0.975	0.9596138119194023
sub-055_ses-01_age-P39_rec-baseline_run-01_comp-001_ica-filt-0528	0.9992196588044554	0.9999684558859064	0.0005747187789113587	0.325	0.4337234796474015
sub-055_ses-01_age-P39_rec-baseline_run-01_comp-001_ica-filt-0529	0.9858723469566762	0.9994444777107242	0.9935811012751741	0.975	0.9926239031194802
sub-055_ses-01_age-P39_rec-baseline_run-01_comp-001_ica-filt-0530	0.9485553684707889	0.9657575471783939	0.9793725020511441	1.0	0.9670439230955593
sub-055_ses-01_age-P39_rec-baseline_run-01_comp-001_ica-filt-0531	0.9871676789074408	0.9998501492433759	0.9898233094705887	1.0	0.9833831436023042
sub-055_ses-01_age-P39_rec-baseline_run-01_comp-001_ica-filt-0532	0.9991538529468794	0.9999957370767183	0.9800550478551155	1.0	0.9924621896250508
sub-055_ses-01_age-P39_rec-baseline_run-01_comp-001_ica-filt-0533	0.9358063887291715	0.9659575632485858	0.9656739948521974	0.975	0.9418822594182332
sub-055_ses-01_age-P39_rec-baseline_run-01_comp-001_ica-filt-0534	0.9914044542377335	0.9998068119542645	0.9794404141122	1.0	0.9896820142156785
sub-055_ses-01_age-P39_rec-baseline_run-01_comp-001_ica-filt-0535	0.9981287859431741	0.999884043500202	0.0005744901351721549	0.5	0.42502629320893587
sub-055_ses-01_age-P39_rec-baseline_run-01_comp-001_ica-filt-0536	0.9966856965874232	0.9999921397978725	0.9854452430756712	1.0	0.9934011033503709
sub-055_ses-01_age-P39_rec-baseline_run-01_comp-001_ica-filt-0537	0.9969138409064237	0.9999846425300378	0.9917842880201708	1.0	0.9956550308235014
sub-055_ses-01_age-P39_rec-baseline_run-01_comp-001_ica-filt-0538	0.343951713979309	2.4247930752975713e-08	0.0005751651399140981	0.125	0.17363461137664385
sub-055_ses-01_age-P39_rec-baseline_run-01_comp-001_ica-filt-0539	0.9684811260800756	0.8337318590902083	0.9811214538445121	1.0	0.982581517599778
sub-055_ses-01_age-P39_rec-baseline_run-01_comp-001_ica-filt-0540	0.9955778532236753	0.999933817054899	0.9635055351656713	1.0	0.9694873995366139
sub-055_ses-01_age-P39_rec-baseline_run-01_comp-001_ica-filt-0541	0.9954758981259194	0.9999957445577795	0.9724359147694295	0.95	0.9805037036062298
sub-055_ses-01_age-P39_rec-baseline_run-01_comp-001_ica-filt-0542	0.9932894818373209	0.9997201613207278	0.9332523988144874	0.975	0.9516468800627319
sub-055_ses-01_age-P39_rec-baseline_run-01_comp-001_ica-filt-0543	0.9955921949205423	0.9999939697101463	0.980076274992707	1.0	0.9912817879038961
sub-055_ses-01_age-P39_rec-baseline_run-01_comp-001_ica-filt-0544	0.9523992001506533	0.9401542477343701	0.979456811194788	1.0	0.9433521771942845
sub-055_ses-01_age-P39_rec-baseline_run-01_comp-001_ica-filt-0545	0.897769546683065	0.614731797841802	0.9810592421219348	1.0	0.9589908870114451
sub-055_ses-01_age-P39_rec-baseline_run-01_comp-001_ica-filt-0546	0.9991447942986182	0.9999492397224377	0.015900747012885238	0.875	0.5785795332493283
sub-055_ses-01_age-P39_rec-baseline_run-01_comp-001_ica-filt-0547	0.9654129810802545	0.8224233606718642	0.9794366819827806	0.9	0.9726836621447865
sub-055_ses-01_age-P39_rec-baseline_run-01_comp-001_ica-filt-0548	0.9984906591329723	0.9999765458343828	0.9794357758786968	1.0	0.992042598195785
sub-055_ses-01_age-P39_rec-baseline_run-01_comp-001_ica-filt-0549	0.9927717364315298	0.9841348159734196	0.979387156163396	0.975	0.9817874004523027
sub-055_ses-01_age-P39_rec-baseline_run-01_comp-001_ica-filt-0550	0.999165377113042	0.9999650858615133	0.9794224178795916	1.0	0.9755965629396134
sub-055_ses-01_age-P39_rec-baseline_run-01_comp-001_ica-filt-0551	0.9230579069675203	0.41567127038306795	0.9805777563267754	0.9	0.958931670127216
sub-055_ses-01_age-P39_rec-baseline_run-01_comp-001_ica-filt-0552	0.9998106048950125	0.8261698777428702	0.9794350615842531	0.975	0.9841490181994986
sub-055_ses-01_age-P39_rec-baseline_run-01_comp-001_ica-filt-0553	0.9331104794837157	0.03946641884075313	0.9794620717846398	0.95	0.9369242873256466
sub-055_ses-01_age-P39_rec-baseline_run-01_comp-001_ica-filt-0554	0.9448861601626547	0.30650477417753613	0.9259043941950577	0.7	0.8334599984684767
sub-055_ses-01_age-P39_rec-baseline_run-01_comp-001_ica-filt-0555	0.9955933628858301	0.9999942372164337	0.9800429984744208	1.0	0.9912714900237001
sub-055_ses-01_age-P39_rec-baseline_run-01_comp-001_ica-filt-0557	0.995854051355888	0.9999941114818791	0.9793853431541688	0.975	0.9911475920680823
sub-055_ses-01_age-P39_rec-baseline_run-01_comp-001_ica-filt-0559	0.9996096902736538	0.7555653072738876	0.9794577788643579	0.95	0.9674226502739782
sub-055_ses-01_age-P39_rec-baseline_run-01_comp-001_ica-filt-0560	0.9952745454639629	0.9999953063407202	0.9810052274613534	1.0	0.9914751043302245
sub-055_ses-01_age-P39_rec-baseline_run-01_comp-001_ica-filt-0561	0.9912299113708911	0.6352763624385724	0.9794422836188962	0.85	0.9562910982135797
sub-055_ses-01_age-P39_rec-baseline_run-01_comp-001_ica-filt-0563	0.995444261536163	0.9999950643284645	0.9798208464419641	1.0	0.991150495434543
sub-055_ses-01_age-P39_rec-baseline_run-01_comp-001_ica-filt-0566	0.9960950225849418	0.9999991328455827	0.9955510796270939	1.0	0.9967690635560983
sub-055_ses-01_age-P39_rec-baseline_run-01_comp-001_ica-filt-0569	0.9960950225849418	0.9999991328455827	0.9955510796270939	1.0	0.9967690635560983
sub-055_ses-01_age-P39_rec-baseline_run-01_comp-001_ica-filt-0572	0.9960950225849418	0.9999991328455827	0.9955510796270939	1.0	0.9967690635560983
sub-064_ses-01_age-P32_rec-baseline_run-01_comp-001_ica-ini-0000	0.9998172891329182	0.999988088011629	0.9794629045395726	1.0	0.9924934904087729
sub-064_ses-01_age-P32_rec-baseline_run-01_comp-001_ica-ini-0001	0.5106402068863299	3.757148155532564e-08	0.0005752375551891749	0.4	0.2958641814741005
sub-064_ses-01_age-P32_rec-baseline_run-01_comp-001_ica-ini-0002	0.9984378049960736	0.9999932515652731	0.9843419026486485	1.0	0.993619086411818
sub-064_ses-01_age-P32_rec-baseline_run-01_comp-001_ica-ini-0003	0.9998732324346598	0.9999776380556692	0.9794078843875293	1.0	0.9924945310041705
sub-064_ses-01_age-P32_rec-baseline_run-01_comp-001_ica-ini-0004	0.9202510360301016	1.2586052016281043e-17	0.9794406254398382	0.875	0.9242976091093814
sub-064_ses-01_age-P32_rec-baseline_run-01_comp-001_ica-ini-0005	0.9988477441185508	0.999997572640269	0.9794763811253684	1.0	0.9921746222581534
sub-064_ses-01_age-P32_rec-baseline_run-01_comp-001_ica-ini-0006	0.9844775817970942	0.9994771043103025	0.9793960410647099	1.0	0.98735885815564
sub-064_ses-01_age-P32_rec-baseline_run-01_comp-001_ica-ini-0007	0.9655555518626264	0.9989105658329196	0.9794183298414036	1.0	0.981058646408028
sub-064_ses-01_age-P32_rec-baseline_run-01_comp-001_ica-ini-0008	0.9674654533785048	0.9819611447751871	0.9794442058042528	0.975	0.9817035607013307
sub-064_ses-01_age-P32_rec-baseline_run-01_comp-001_ica-ini-0009	0.9986016153558163	0.9999996050869625	0.9905972881421485	1.0	0.9957980040721705
sub-064_ses-01_age-P32_rec-baseline_run-01_comp-001_ica-ini-0010	0.9989107952992411	0.9999986150106003	0.979426264840195	1.0	0.9921796000026322
sub-064_ses-01_age-P32_rec-baseline_run-01_comp-001_ica-ini-0011	0.9993800031297682	0.9999994358480155	0.985768156483321	1.0	0.994406944434498
sub-064_ses-01_age-P32_rec-baseline_run-01_comp-001_ica-ini-0012	0.9041619832946762	0.0001842140440580556	0.9211070076648433	0.975	0.9435562408153718
sub-064_ses-01_age-P32_rec-baseline_run-01_comp-001_ica-ini-0013	0.9981742930519315	0.9999988114408941	0.9824393465319929	1.0	0.9929069899197834
sub-064_ses-01_age-P32_rec-baseline_run-01_comp-001_ica-ini-0014	0.997879265227962	0.9999976127001279	0.9793979021906479	1.0	0.9918266814213449
sub-064_ses-01_age-P32_rec-baseline_run-01_comp-001_ica-ini-0015	0.9946839147428399	0.9999955879303025	0.9866100774081962	1.0	0.99312385586229
sub-064_ses-01_age-P32_rec-baseline_run-01_comp-001_ica-ini-0016	0.9995502437810241	0.9999954402525444	0.9856077239672743	1.0	0.9944101281270069
sub-064_ses-01_age-P32_rec-baseline_run-01_comp-001_ica-ini-0017	0.9993958904088807	0.999999161962639	0.9816844277939574	1.0	0.9930687228630964
sub-064_ses-01_age-P32_rec-baseline_run-01_comp-001_ica-ini-0018	0.9957759434462095	0.999997856095399	0.9887711761876641	0.975	0.9858890671957207
sub-064_ses-01_age-P32_rec-baseline_run-01_comp-001_ica-ini-0019	0.9956229480072624	0.9999098241242281	0.9793317268704043	1.0	0.9910534071476169
sub-064_ses-01_age-P32_rec-baseline_run-01_comp-001_ica-ini-0020	0.9951982107777718	0.9999934782735221	0.9793790845664301	1.0	0.990926976313459
sub-064_ses-01_age-P32_rec-baseline_run-01_comp-001_ica-ini-0021	0.9953523199546143	0.9999972875007206	0.9934027738181117	1.0	0.9957185728667447
sub-064_ses-01_age-P32_rec-baseline_run-01_comp-001_ica-ini-0022	0.9979494062448104	0.9999992180911141	0.9915540043084153	1.0	0.9959182823440681
sub-064_ses-01_age-P32_rec-baseline_run-01_comp-001_ica-ini-0023	0.9994112166451856	0.9999930763989368	0.9865746376877355	1.0	0.9946876999693597
sub-064_ses-01_age-P32_rec-baseline_run-01_comp-001_ica-ini-0024	0.9940420916662304	0.9999973334691504	0.9813233329706166	1.0	0.9911671314110796
sub-064_ses-01_age-P32_rec-baseline_run-01_comp-001_ica-ini-0025	0.9980931455784154	0.9999992810235244	0.9866252360177724	1.0	0.9942653671724008
sub-064_ses-01_age-P32_rec-baseline_run-01_comp-001_ica-ini-0026	0.9985882411053544	0.9999992361076644	0.9852598074782936	1.0	0.9939735419965897
sub-064_ses-01_age-P32_rec-baseline_run-01_comp-001_ica-ini-0027	0.9718209378342986	0.9998532149153837	0.0005750217790787587	0.325	0.45792420920562354
sub-064_ses-01_age-P32_rec-baseline_run-01_comp-001_ica-ini-0028	0.9946453474216012	0.9999873533424849	0.9862318173022092	0.975	0.9929839290079716
sub-064_ses-01_age-P32_rec-baseline_run-01_comp-001_ica-ini-0029	0.9996666976099593	0.9999948123078383	0.9806090914223565	1.0	0.9928113625631765
sub-064_ses-01_age-P32_rec-baseline_run-01_comp-001_ica-ini-0030	0.7135761037857082	0.002025982082714081	0.9794443763755691	0.925	0.847073832091541
sub-064_ses-01_age-P32_rec-baseline_run-01_comp-001_ica-ini-0031	0.9991867445750697	0.9999990268277898	0.97939672242867	1.0	0.9922621304123078
sub-064_ses-01_age-P32_rec-baseline_run-01_comp-001_ica-ini-0032	0.9929794282951744	0.9999922038274094	0.9825966854563619	1.0	0.99122668174142
sub-064_ses-01_age-P32_rec-baseline_run-01_comp-001_ica-ini-0033	0.9944732995256622	0.9999940968861242	0.9794351056114252	1.0	0.9907032638322969
sub-064_ses-01_age-P32_rec-baseline_run-01_comp-001_ica-ini-0034	0.244061410087302	4.7979880787422344e-06	0.0005747283269480299	0.225	0.16533740629676996
sub-064_ses-01_age-P32_rec-baseline_run-01_comp-001_ica-ini-0035	0.9991544230476604	0.9999989704273513	0.9870398816789557	1.0	0.9947589253288847
sub-064_ses-01_age-P32_rec-baseline_run-01_comp-001_ica-ini-0036	0.9883130783894355	0.9999941401439921	0.9794242748630745	0.975	0.980313057583686
sub-064_ses-01_age-P32_rec-baseline_run-01_comp-001_ica-ini-0037	0.9975843710207105	0.999997288357457	0.9872622027867992	1.0	0.9943107465290261
sub-064_ses-01_age-P32_rec-baseline_run-01_comp-001_ica-ini-0038	0.9973789063664842	0.9999976952521553	0.9808282984024784	1.0	0.9921194430740264
sub-064_ses-01_age-P32_rec-baseline_run-01_comp-001_ica-ini-0039	0.9988070334497475	0.999988982278521	0.9874180472118325	1.0	0.9947710870989005
sub-064_ses-01_age-P32_rec-baseline_run-01_comp-001_ica-ini-0040	0.9897303688446376	0.9999758836701846	0.9814932306561581	1.0	0.9897849027740984
sub-064_ses-01_age-P32_rec-baseline_run-01_comp-001_ica-ini-0041	0.9969841623152733	0.999998011160671	0.9916559671476505	1.0	0.9956327807519788
sub-064_ses-01_age-P32_rec-baseline_run-01_comp-001_ica-ini-0042	0.9995021373558344	0.9999971262481743	0.9795413741843184	1.0	0.9924135606349639
sub-064_ses-01_age-P32_rec-baseline_run-01_comp-001_ica-ini-0043	0.9886440509870213	0.9998397748357325	0.9886789946065028	0.95	0.9834801184191188
sub-064_ses-01_age-P32_rec-baseline_run-01_comp-001_ica-ini-0044	0.9995876649336644	0.999970835358867	0.9807775607667301	1.0	0.9928393285558372
sub-064_ses-01_age-P32_rec-baseline_run-01_comp-001_ica-ini-0045	0.9995012866232811	0.999995197531321	0.9794240595993885	1.0	0.9923757247788026
sub-064_ses-01_age-P32_rec-baseline_run-01_comp-001_ica-ini-0046	0.9990483198290777	0.9999995435977679	0.9840818630422635	1.0	0.9937367661207791
sub-064_ses-01_age-P32_rec-baseline_run-01_comp-001_ica-ini-0047	0.9948613447092435	0.9999925848963981	0.9720803668100184	1.0	0.988522275187775
sub-064_ses-01_age-P32_rec-baseline_run-01_comp-001_ica-ini-0048	0.9970599057139745	0.9999990612472304	0.9847799931644192	1.0	0.9933047567837762
sub-064_ses-01_age-P32_rec-baseline_run-01_comp-001_ica-ini-0049	0.9993406434081937	0.9999987862787035	0.9834981623273374	1.0	0.9936421518325188
sub-064_ses-01_age-P32_rec-baseline_run-01_comp-001_ica-ini-0050	0.995286463054461	0.9999656573840996	0.9598266140623216	1.0	0.9849605076996162
sub-064_ses-01_age-P32_rec-baseline_run-01_comp-001_ica-ini-0051	0.9996167593784292	0.9999972035979481	0.979426937526172	1.0	0.9924151366200012
sub-064_ses-01_age-P32_rec-baseline_run-01_comp-001_ica-ini-0052	0.9796227455570302	0.9999726131460088	0.9794455907983786	1.0	0.9857564346676496
sub-064_ses-01_age-P32_rec-baseline_run-01_comp-001_ica-ini-0053	0.9900566126190591	0.9999805540616962	0.9832678871905512	1.0	0.9904719274128683
sub-064_ses-01_age-P32_rec-baseline_run-01_comp-001_ica-ini-0054	0.9597679721037159	0.9998440741054468	0.9794653362462358	1.0	0.9791444963703348
sub-064_ses-01_age-P32_rec-baseline_run-01_comp-001_ica-ini-0055	0.9782528712442888	0.9995378609278468	0.9758273468299582	1.0	0.984152980067074
sub-064_ses-01_age-P32_rec-baseline_run-01_comp-001_ica-ini-0056	0.9961412627207035	0.9999982703183401	0.9873799588127893	1.0	0.993869588785732
sub-064_ses-01_age-P32_rec-baseline_run-01_comp-001_ica-ini-0057	0.9992945671339002	0.9999989113931254	0.9794104018626799	1.0	0.9923024480761325
sub-064_ses-01_age-P32_rec-baseline_run-01_comp-001_ica-ini-0058	0.9990658511916577	0.9999994567477961	0.9794669086386162	1.0	0.9922442926734067
sub-064_ses-01_age-P32_rec-baseline_run-01_comp-001_ica-ini-0059	0.02350059540997616	9.918896467156344e-26	0.0005746444954305866	0.075	0.016817050843620732
sub-064_ses-01_age-P32_rec-baseline_run-01_comp-001_ica-ini-0060	0.9784746641696879	0.99995762795476	0.9794567189726711	1.0	0.9853773023514375
sub-064_ses-01_age-P32_rec-baseline_run-01_comp-001_ica-ini-0061	0.9962640940980841	0.9999989424700747	0.987434312758462	1.0	0.9939289544032072
sub-064_ses-01_age-P32_rec-baseline_run-01_comp-001_ica-ini-0062	0.9988022170928674	0.9999981310311381	0.9813916450567203	1.0	0.9927759520613
sub-064_ses-01_age-P32_rec-baseline_run-01_comp-001_ica-ini-0063	0.9994292547977763	0.9999993801778512	0.9823410068463747	1.0	0.9932932660034725
sub-064_ses-01_age-P32_rec-baseline_run-01_comp-001_ica-ini-0064	0.972593411364975	0.9998157533939195	0.9794208937028775	0.975	0.9750720866382573
sub-064_ses-01_age-P32_rec-baseline_run-01_comp-001_ica-ini-0065	0.9959346823183384	0.9999919243771055	0.9897399530340212	1.0	0.9946098570234638
sub-064_ses-01_age-P32_rec-baseline_run-01_comp-001_ica-ini-0066	0.9978263938520269	0.9999984319919762	0.9881860627847378	1.0	0.9947054881738211
sub-064_ses-01_age-P32_rec-baseline_run-01_comp-001_ica-ini-0067	0.9895219004209023	0.9995237022348286	0.9794172628959777	1.0	0.989047087858216
sub-064_ses-01_age-P32_rec-baseline_run-01_comp-001_ica-ini-0068	0.9926608967934489	0.9999980272037599	0.989487185295561	1.0	0.9934309628611636
sub-064_ses-01_age-P32_rec-baseline_run-01_comp-001_ica-ini-0069	0.9996921096882105	0.9999981646102705	0.9812707321812199	1.0	0.9930334506535722
sub-064_ses-01_age-P32_rec-baseline_run-01_comp-001_ica-ini-0070	0.9937114184800923	0.9999937518728264	0.9838507947057226	1.0	0.991881673431202
sub-064_ses-01_age-P32_rec-baseline_run-01_comp-001_ica-ini-0071	0.9977243215613892	0.9999980615330747	0.9793683281688418	1.0	0.9834322389187377
sub-064_ses-01_age-P32_rec-baseline_run-01_comp-001_ica-ini-0072	0.997293807658359	0.999991417708588	0.9826764514468213	1.0	0.9926908432090844
sub-064_ses-01_age-P32_rec-baseline_run-01_comp-001_ica-ini-0073	0.9994765264318828	0.9999956255807203	0.9794751063791532	1.0	0.9923838083338449
sub-064_ses-01_age-P32_rec-baseline_run-01_comp-001_ica-ini-0074	0.9995871904644191	0.9999989726985669	0.9844096505157942	1.0	0.9940246021933016
sub-064_ses-01_age-P32_rec-baseline_run-01_comp-001_ica-ini-0075	0.9916631678301512	0.9999958400927226	0.9793943487437089	1.0	0.989753512058075
sub-064_ses-01_age-P32_rec-baseline_run-01_comp-001_ica-ini-0076	0.9995340661068265	0.9999979142985316	0.9762122325692884	1.0	0.9913677046675754
sub-064_ses-01_age-P32_rec-baseline_run-01_comp-001_ica-ini-0077	0.9996221930035576	0.9997285362896633	0.9675950043236162	1.0	0.9887356914237467
sub-064_ses-01_age-P32_rec-baseline_run-01_comp-001_ica-ini-0078	0.9981112972210927	0.9999888865030296	0.9825037151479219	1.0	0.9929069775121477
sub-064_ses-01_age-P32_rec-baseline_run-01_comp-001_ica-ini-0079	0.9979511296143365	0.9999990084435644	0.9842037173225945	1.0	0.9934112330444481
sub-064_ses-01_age-P32_rec-baseline_run-01_comp-001_ica-ini-0080	0.9977665396461209	0.9999365779517175	0.9786684475407922	0.975	0.9915561948613637
sub-064_ses-01_age-P32_rec-baseline_run-01_comp-001_ica-ini-0081	0.9995315995655805	0.9999990092244287	0.976489385685193	1.0	0.991454148646989
sub-064_ses-01_age-P32_rec-baseline_run-01_comp-001_ica-ini-0082	0.9990895015373544	0.9999934401679257	0.9813317475953749	1.0	0.9928523246166169
sub-064_ses-01_age-P32_rec-baseline_run-01_comp-001_ica-ini-0083	0.9995638276643937	0.9999977510293755	0.9876450090776443	1.0	0.9951003644703516
sub-064_ses-01_age-P32_rec-baseline_run-01_comp-001_ica-ini-0084	0.9958249855864453	0.9999963391527574	0.9848149676414055	1.0	0.9929047111880737
sub-064_ses-01_age-P32_rec-baseline_run-01_comp-001_ica-ini-0085	0.9887499237756056	0.999640095399432	0.9742608492723407	1.0	0.9871618047805009
sub-064_ses-01_age-P32_rec-baseline_run-01_comp-001_ica-ini-0086	0.9815222221881196	0.9983989361839813	0.9793926281803962	1.0	0.9863726463715929
sub-064_ses-01_age-P32_rec-baseline_run-01_comp-001_ica-ini-0087	0.9658762305320855	0.9999233078778607	0.982907690723004	1.0	0.9822938717516031
sub-064_ses-01_age-P32_rec-baseline_run-01_comp-001_ica-ini-0088	0.994444089685666	0.9999923997398921	0.9794343747338822	1.0	0.9906932933294194
sub-064_ses-01_age-P32_rec-baseline_run-01_comp-001_ica-ini-0089	0.9993134160540083	0.9999987014518344	0.9786798170208671	0.975	0.9920754433698273
sub-064_ses-01_age-P32_rec-baseline_run-01_comp-001_ica-ini-0090	0.9991156679448682	0.9999959547747325	0.9904301332440489	1.0	0.9959107823042034
sub-064_ses-01_age-P32_rec-baseline_run-01_comp-001_ica-ini-0091	0.9968060426149352	0.9999974217441105	0.9928429926917989	1.0	0.995999419314041
sub-064_ses-01_age-P32_rec-baseline_run-01_comp-001_ica-ini-0092	0.9783611688338616	0.9799743729499321	0.9794196202641923	1.0	0.9769942649790022
sub-064_ses-01_age-P32_rec-baseline_run-01_comp-001_ica-ini-0093	0.9992899507758802	0.9999987477840662	0.9800203810299414	1.0	0.9924964232749643
sub-064_ses-01_age-P32_rec-baseline_run-01_comp-001_ica-ini-0094	0.9986308426283719	0.9999967765598163	0.9813231453247566	1.0	0.9926966543384058
sub-064_ses-01_age-P32_rec-baseline_run-01_comp-001_ica-ini-0095	0.996686738029086	0.9999945992204382	0.9999929372711953	1.0	0.9988904605010985
sub-064_ses-01_age-P32_rec-baseline_run-01_comp-001_ica-ini-0096	0.9940170757933505	0.9998881922468457	0.9760479409939714	1.0	0.9894770335971436
sub-067_ses-01_age-P37_rec-baseline_run-01_comp-001_ica-ini-0000	0.9995450694297823	0.9999774269497864	0.9763335323594067	1.0	0.991409551097581
sub-067_ses-01_age-P37_rec-baseline_run-01_comp-001_ica-ini-0001	0.9994350519955739	0.9992884345205234	0.9794013934256547	1.0	0.9923463940258815
sub-067_ses-01_age-P37_rec-baseline_run-01_comp-001_ica-ini-0002	0.9991954898986645	0.9999988886762731	0.9794368157969007	1.0	0.992277874573527
sub-067_ses-01_age-P37_rec-baseline_run-01_comp-001_ica-ini-0003	0.9990455244453734	0.9999994513959964	0.990404801608808	1.0	0.9958785352522832
sub-067_ses-01_age-P37_rec-baseline_run-01_comp-001_ica-ini-0004	0.9984549892888258	0.9992763883566216	0.9794722207180072	1.0	0.9920423723032239
sub-067_ses-01_age-P37_rec-baseline_run-01_comp-001_ica-ini-0005	0.9989099443223912	0.9999464945938275	0.9796915715453502	1.0	0.9922642775898046
sub-067_ses-01_age-P37_rec-baseline_run-01_comp-001_ica-ini-0006	0.9987461283099673	0.9999989152012625	0.9794001297539524	1.0	0.992116348484963
sub-067_ses-01_age-P37_rec-baseline_run-01_comp-001_ica-ini-0007	0.9988324502892161	0.9999985254492377	0.9828813613062682	0.975	0.9932706695604838
sub-067_ses-01_age-P37_rec-baseline_run-01_comp-001_ica-ini-0008	0.9992644088282994	0.9999988826725862	0.9863409725499424	1.0	0.9945602427112262
sub-067_ses-01_age-P37_rec-baseline_run-01_comp-001_ica-ini-0009	0.9991011858815338	0.9999991812002214	0.9851771936431141	1.0	0.9941170457822089
sub-067_ses-01_age-P37_rec-baseline_run-01_comp-001_ica-ini-0010	0.9992598369301745	0.9999982938287236	0.979413835569202	1.0	0.9922919700281354
sub-067_ses-01_age-P37_rec-baseline_run-01_comp-001_ica-ini-0011	0.9971063611542325	0.9999988738948407	0.992464873988355	1.0	0.9959629793117162
sub-067_ses-01_age-P37_rec-baseline_run-01_comp-001_ica-ini-0012	0.9985363131159409	0.9999993787292579	0.9919192089677645	1.0	0.9962439861970035
sub-067_ses-01_age-P37_rec-baseline_run-01_comp-001_ica-ini-0013	0.9989451594177302	0.9999992738426532	0.9923328041945755	1.0	0.996528410866873
sub-067_ses-01_age-P37_rec-baseline_run-01_comp-001_ica-ini-0014	0.9995584352244279	0.9996537486035441	0.9829104915410689	1.0	0.9935221891742119
sub-067_ses-01_age-P37_rec-baseline_run-01_comp-001_ica-ini-0015	0.9977684144037147	0.9999582321391075	0.9821818468225726	1.0	0.9926878335400962
sub-067_ses-01_age-P37_rec-baseline_run-01_comp-001_ica-ini-0016	0.998273493463503	0.9999992741619655	0.9851297316598768	1.0	0.9938253703274708
sub-067_ses-01_age-P37_rec-baseline_run-01_comp-001_ica-ini-0017	0.9991985310771059	0.9999048098262092	0.9819614554089304	1.0	0.993092873647928
sub-067_ses-01_age-P37_rec-baseline_run-01_comp-001_ica-ini-0018	0.9906328935409531	0.9997993597170908	0.9794242989182586	1.0	0.9894196703316832
sub-067_ses-01_age-P37_rec-baseline_run-01_comp-001_ica-ini-0019	0.9993058858782231	0.999999185666732	0.9892059106596232	1.0	0.9955487346016567
sub-067_ses-01_age-P37_rec-baseline_run-01_comp-001_ica-ini-0020	0.9982182116147701	0.999998353622118	0.9794581064323249	1.0	0.9919589288937817
sub-067_ses-01_age-P37_rec-baseline_run-01_comp-001_ica-ini-0021	0.9992777931944155	0.9999991105020487	0.9839219034588258	1.0	0.9937605448081355
sub-067_ses-01_age-P37_rec-baseline_run-01_comp-001_ica-ini-0022	0.9991195204903767	0.9999989441558409	0.9833432313626753	1.0	0.993517601758802
sub-067_ses-01_age-P37_rec-baseline_run-01_comp-001_ica-ini-0023	0.9990913648340134	0.9991022028842401	0.9803724696525403	0.975	0.9842100635278485
sub-067_ses-01_age-P37_rec-baseline_run-01_comp-001_ica-ini-0024	0.9993164590943228	0.9999994489253483	0.987541172867103	1.0	0.9949826541527834
sub-067_ses-01_age-P37_rec-baseline_run-01_comp-001_ica-ini-0025	0.9982244673841519	0.9999994828887241	0.9885659876300648	1.0	0.9949681633423326
sub-067_ses-01_age-P37_rec-baseline_run-01_comp-001_ica-ini-0026	0.9979396318611294	0.9999813539529346	0.9810641010562944	1.0	0.9923824853227238
sub-067_ses-01_age-P37_rec-baseline_run-01_comp-001_ica-ini-0027	0.9988036369887515	0.9999991792246743	0.9887302223618655	1.0	0.9952175661246664
sub-067_ses-01_age-P37_rec-baseline_run-01_comp-001_ica-ini-0028	0.985552029074419	0.9999736216397072	0.9794274479447768	1.0	0.98772705651841
sub-067_ses-01_age-P37_rec-baseline_run-01_comp-001_ica-ini-0029	0.9996834073747932	0.9997539365701783	0.9834198826053028	1.0	0.9937307111176992
sub-067_ses-01_age-P37_rec-baseline_run-01_comp-001_ica-ini-0030	0.9973199095412695	0.9999969077313519	0.979421932601036	1.0	0.991647918465122
sub-067_ses-01_age-P37_rec-baseline_run-01_comp-001_ica-ini-0031	0.9989907921741628	0.9999995901646758	0.9891201654327414	1.0	0.9954141245092626
sub-067_ses-01_age-P37_rec-baseline_run-01_comp-001_ica-ini-0032	0.9985689822131021	0.9999990247337638	0.9938596027302893	1.0	0.9969585601156274
sub-067_ses-01_age-P37_rec-baseline_run-01_comp-001_ica-ini-0033	0.9984662392993507	0.9999948861349442	0.9381859247492584	1.0	0.9797632578597963
sub-067_ses-01_age-P37_rec-baseline_run-01_comp-001_ica-ini-0034	0.9992178091543163	0.9999971360862782	0.979438514796008	1.0	0.9922858580344207
sub-067_ses-01_age-P37_rec-baseline_run-01_comp-001_ica-ini-0035	0.9989176344329107	0.9999992183680337	0.9796436411594902	1.0	0.9922514823245242
sub-067_ses-01_age-P37_rec-baseline_run-01_comp-001_ica-ini-0036	0.9987127482160157	0.999999354805562	0.989630230757743	1.0	0.9954978084096114
sub-067_ses-01_age-P37_rec-baseline_run-01_comp-001_ica-ini-0037	0.9962978099004561	0.9999931417988912	0.9821871671138673	0.95	0.9838660299989525
sub-067_ses-01_age-P37_rec-baseline_run-01_comp-001_ica-ini-0038	0.9905551468882691	0.9999905960666615	0.9907279470361996	1.0	0.9931617173231962
sub-067_ses-01_age-P37_rec-baseline_run-01_comp-001_ica-ini-0039	0.9990334192013728	0.9999993065621566	0.9794400120705502	1.0	0.9922248738747764
sub-067_ses-01_age-P37_rec-baseline_run-01_comp-001_ica-ini-0040	0.996247091731792	0.9999982645276259	0.9888410196427756	1.0	0.9944034516198975
sub-067_ses-01_age-P37_rec-baseline_run-01_comp-001_ica-ini-0041	0.9980389434411484	0.9999957541392691	0.9778820304476975	1.0	0.9913969306130436
sub-067_ses-01_age-P37_rec-baseline_run-01_comp-001_ica-ini-0042	0.9964782097827045	0.9999983194947787	0.9800883669398941	0.975	0.991581010197767
sub-067_ses-01_age-P37_rec-baseline_run-01_comp-001_ica-ini-0043	0.9993810618784059	0.9999775000771931	0.9800772304712989	1.0	0.9925450504520211
sub-067_ses-01_age-P37_rec-baseline_run-01_comp-001_ica-ini-0044	0.9997542223058732	0.9934188676703806	0.9794492647975053	1.0	0.992468102725296
sub-067_ses-01_age-P37_rec-baseline_run-01_comp-001_ica-ini-0045	0.9947757458720652	0.9999931489411183	0.985320817980555	0.975	0.9927230142683449
sub-067_ses-01_age-P37_rec-baseline_run-01_comp-001_ica-ini-0046	0.9984843332990542	0.999998476998959	0.9874845372558073	0.975	0.9946860647219727
sub-067_ses-01_age-P37_rec-baseline_run-01_comp-001_ica-ini-0047	0.995205091948061	0.9999946362096995	0.9824561169772851	1.0	0.991922723046012
sub-067_ses-01_age-P37_rec-baseline_run-01_comp-001_ica-ini-0048	0.9961719216935557	0.9999987123146812	0.9915312333122057	1.0	0.9953176997740005
sub-067_ses-01_age-P37_rec-baseline_run-01_comp-001_ica-ini-0049	0.9996103087164179	0.9999556504022081	0.979440876432708	1.0	0.9924174469949355
sub-067_ses-01_age-P37_rec-baseline_run-01_comp-001_ica-ini-0050	0.9996067610820594	0.9999592594250905	0.9861638084174751	1.0	0.9946149307277831
sub-067_ses-01_age-P37_rec-baseline_run-01_comp-001_ica-ini-0051	0.9985329197640347	0.9999993566298687	0.9914108439779041	1.0	0.9960619820396378
sub-067_ses-01_age-P37_rec-baseline_run-01_comp-001_ica-ini-0052	0.9787913841128203	0.2473062056391598	0.979428559652254	0.9	0.9854738639439963
sub-067_ses-01_age-P37_rec-baseline_run-01_comp-001_ica-ini-0053	0.9984750358850405	0.9999992587714898	0.9890588014626331	1.0	0.9952210543435357
sub-067_ses-01_age-P37_rec-baseline_run-01_comp-001_ica-ini-0054	0.9989954620627863	0.9999994580961514	0.9798253709245045	1.0	0.9923356800480457
sub-067_ses-01_age-P37_rec-baseline_run-01_comp-001_ica-ini-0055	0.9993434785364337	0.9999988850701821	0.9794570262539448	1.0	0.9923336721530177
sub-067_ses-01_age-P37_rec-baseline_run-01_comp-001_ica-ini-0056	0.6067559531891337	0.0018401446123026714	0.0005752547520043294	0.325	0.30290278078273947
sub-067_ses-01_age-P37_rec-baseline_run-01_comp-001_ica-ini-0057	0.267927301159162	2.3599843432658976e-07	0.0005734476517335694	0.225	0.1316247548693178
sub-067_ses-01_age-P37_rec-baseline_run-01_comp-001_ica-ini-0058	0.9992243721501585	0.9999994637575895	0.9860464348789757	1.0	0.9944481442490763
sub-067_ses-01_age-P37_rec-baseline_run-01_comp-001_ica-ini-0059	0.9988113331382089	0.9999992348410413	0.9866853323314871	0.975	0.9945249927591896
sub-067_ses-01_age-P37_rec-baseline_run-01_comp-001_ica-ini-0060	0.9952014258313306	0.9999246876948688	0.9652966548670093	1.0	0.9865668207363973
sub-067_ses-01_age-P37_rec-baseline_run-01_comp-001_ica-ini-0061	0.9930889048831115	0.9999866673388621	0.9794261853253273	1.0	0.9902389444194402
sub-067_ses-01_age-P37_rec-baseline_run-01_comp-001_ica-ini-0062	0.9945815212000797	0.99999670688194	0.9772394630108746	1.0	0.9900408986799635
sub-067_ses-01_age-P37_rec-baseline_run-01_comp-001_ica-ini-0063	0.9972327674305024	0.9999981468156042	0.9794103625915006	1.0	0.9916151689428174
sub-067_ses-01_age-P37_rec-baseline_run-01_comp-001_ica-ini-0064	0.9974757559284538	0.9999849289426663	0.9793916474121489	1.0	0.9916901771697003
sub-067_ses-01_age-P37_rec-baseline_run-01_comp-001_ica-ini-0065	0.9993430769034728	0.9999705298375744	0.983903526949941	1.0	0.9937762542685592
sub-067_ses-01_age-P37_rec-baseline_run-01_comp-001_ica-ini-0066	0.997374824105228	0.9999994119145927	0.9891224914206689	1.0	0.9948762705012303
sub-067_ses-01_age-P37_rec-baseline_run-01_comp-001_ica-ini-0067	0.9989503223794005	0.9999996015133443	0.9896563701090643	1.0	0.9955860651057943
sub-067_ses-01_age-P37_rec-baseline_run-01_comp-001_ica-ini-0068	0.8704715906427494	0.9954905125926233	0.9794273118246795	0.925	0.9160335334829429
sub-067_ses-01_age-P37_rec-baseline_run-01_comp-001_ica-ini-0069	0.9979066843230989	0.9998868246053922	0.9794814138999526	1.0	0.9918625466104841
sub-067_ses-01_age-P37_rec-baseline_run-01_comp-001_ica-ini-0070	0.9988798166865182	0.9999994106998762	0.9912822827503665	1.0	0.9961320753968739
sub-067_ses-01_age-P37_rec-baseline_run-01_comp-001_ica-ini-0071	0.9985450113237776	0.9999994929607527	0.9758841062776245	1.0	0.9909348556239044
sub-067_ses-01_age-P37_rec-baseline_run-01_comp-001_ica-ini-0072	0.9994280060147747	0.9998934293248787	0.9846105708405705	1.0	0.9940380021400771
sub-067_ses-01_age-P37_rec-baseline_run-01_comp-001_ica-ini-0073	0.9864685039261182	0.9873973518323689	0.9624230466114829	0.95	0.9744604398499016
sub-067_ses-01_age-P37_rec-baseline_run-01_comp-001_ica-ini-0074	0.9968459164290271	0.9999982643841799	0.9777860771557847	0.95	0.9743021482992354
sub-067_ses-01_age-P37_rec-baseline_run-01_comp-001_ica-ini-0075	0.9908564325115798	0.99999656511695	0.9908884350480004	1.0	0.9933185914877055
sub-067_ses-01_age-P37_rec-baseline_run-01_comp-001_ica-ini-0076	0.9961697593900481	0.9999973734219159	0.9873449274469979	1.0	0.9938672196688211
sub-067_ses-01_age-P37_rec-baseline_run-01_comp-001_ica-ini-0077	0.988016601627282	0.9999608807195868	0.9794787266473262	1.0	0.9718983255381275
sub-067_ses-01_age-P37_rec-baseline_run-01_comp-001_ica-ini-0078	0.9973957089208897	0.999999142165349	0.9935935399718921	1.0	0.9964695879638269
sub-067_ses-01_age-P37_rec-baseline_run-01_comp-001_ica-ini-0079	0.9986181434796295	0.9999994790123922	0.9875888832388044	1.0	0.9947660764427403
sub-067_ses-01_age-P37_rec-baseline_run-01_comp-001_ica-ini-0080	0.9980055155593907	0.9994793968248341	0.9794266802373363	1.0	0.9918779730151807
sub-067_ses-01_age-P37_rec-baseline_run-01_comp-001_ica-ini-0081	0.9993343239670122	0.9992386808506074	0.9793910015063509	1.0	0.9923094932023532
sub-067_ses-01_age-P37_rec-baseline_run-01_comp-001_ica-ini-0082	0.9746677066359605	2.5639911402090807e-06	0.9794194721300159	0.975	0.9674297301790685
sub-067_ses-01_age-P37_rec-baseline_run-01_comp-001_ica-ini-0083	0.949126162819026	6.847643159264122e-05	0.9794014722915974	1.0	0.967243456200325
sub-067_ses-01_age-P37_rec-baseline_run-01_comp-001_ica-ini-0084	0.9970867070463357	0.9999919173250916	0.9797430317502949	1.0	0.9916730262462199
sub-067_ses-01_age-P37_rec-baseline_run-01_comp-001_ica-ini-0085	0.9980558858056414	0.9999968374378968	0.9834083392499477	1.0	0.9931844160168722
sub-067_ses-01_age-P37_rec-baseline_run-01_comp-001_ica-ini-0086	0.9966746959191948	0.999983602549619	0.9225402777985544	1.0	0.9747900265960451
sub-067_ses-01_age-P37_rec-baseline_run-01_comp-001_ica-ini-0087	0.998554513624858	0.9999995532623863	0.9925762736412566	1.0	0.9964858398121788
sub-067_ses-01_age-P37_rec-baseline_run-01_comp-001_ica-ini-0088	0.9322073067470852	7.611641664366911e-06	0.9794127471189263	0.95	0.9449407783589198
sub-067_ses-01_age-P37_rec-baseline_run-01_comp-001_ica-ini-0089	0.916080387875886	0.9995755763954498	0.9794693231366777	1.0	0.9645832443824002
sub-067_ses-01_age-P37_rec-baseline_run-01_comp-001_ica-ini-0090	0.9978909199301863	0.9999815258085317	0.9793746070359985	1.0	0.9918231136362275
sub-067_ses-01_age-P37_rec-baseline_run-01_comp-001_ica-ini-0091	0.9890248292709907	0.9984661183736457	0.9794069298759129	1.0	0.9888780912083557
sub-067_ses-01_age-P37_rec-baseline_run-01_comp-001_ica-ini-0092	0.9165598426705424	1.0850609260846977e-12	0.9211611281362989	0.775	0.9143704756641392
sub-067_ses-01_age-P37_rec-baseline_run-01_comp-001_ica-ini-0093	0.9987642233679561	0.9999995874312669	0.9879018994770795	1.0	0.994921198744038
sub-067_ses-01_age-P37_rec-baseline_run-01_comp-001_ica-ini-0094	0.9948586208533894	0.9999970373491778	0.9794203401180146	1.0	0.9908269793281076
sub-067_ses-01_age-P37_rec-baseline_run-01_comp-001_ica-ini-0095	0.9812058171939934	0.9999907392431523	0.984094021114315	1.0	0.9794599409611123
sub-067_ses-01_age-P37_rec-baseline_run-01_comp-001_ica-ini-0096	0.9997085139564712	0.9999632994133845	0.9794581600728615	1.0	0.9924557135089009
sub-067_ses-01_age-P37_rec-baseline_run-01_comp-001_ica-ini-0097	0.976231402671884	0.9998768044722217	0.9794399640044752	0.975	0.9846241863161054
sub-067_ses-01_age-P37_rec-baseline_run-01_comp-001_ica-ini-0098	0.9979290295333436	0.9999870291890561	0.9815779396078023	1.0	0.9925452401437234
sub-067_ses-01_age-P37_rec-baseline_run-01_comp-001_ica-ini-0099	0.977270385984883	0.9900218633389197	0.9793685266684042	1.0	0.9849476572250148
sub-067_ses-01_age-P37_rec-baseline_run-01_comp-001_ica-ini-0100	0.9950006650418	0.99999816755628	0.9750187064399743	0.975	0.9894820928460552
sub-067_ses-01_age-P37_rec-baseline_run-01_comp-001_ica-ini-0101	0.9822992674851366	0.9999852380227212	0.9885838585829057	0.975	0.9813325566343617
sub-067_ses-01_age-P37_rec-baseline_run-01_comp-001_ica-ini-0102	0.9980289995046012	0.9999991925902725	0.9829410597451368	1.0	0.993022374114188
sub-067_ses-01_age-P37_rec-baseline_run-01_comp-001_ica-ini-0103	0.9923524229792229	0.9999969070994823	0.9735750474259494	0.95	0.9798157940018465
sub-067_ses-01_age-P37_rec-baseline_run-01_comp-001_ica-ini-0104	0.7616515192807906	0.9315875591332159	0.9794139951579216	0.9	0.8964225818759579
sub-067_ses-01_age-P37_rec-baseline_run-01_comp-001_ica-ini-0105	0.9979492770439393	0.9999989444207221	0.9794531854124052	1.0	0.9918677090653181
sub-067_ses-01_age-P37_rec-baseline_run-01_comp-001_ica-ini-0106	0.996139030636739	0.9999974890659326	0.9794014758720959	1.0	0.9912477466184827
sub-067_ses-01_age-P37_rec-baseline_run-01_comp-001_ica-ini-0107	0.9997602894842502	0.987899811342458	0.979422866052068	1.0	0.9924616771407502
sub-067_ses-01_age-P37_rec-baseline_run-01_comp-001_ica-ini-0108	0.9975709056779003	0.9999951195939408	0.9794351073450696	0.975	0.9917357997711646
sub-067_ses-01_age-P37_rec-baseline_run-01_comp-001_ica-ini-0109	0.9966665527994197	0.9999953829592685	0.9793890479642837	1.0	0.9914196111476318
sub-067_ses-01_age-P37_rec-baseline_run-01_comp-001_ica-ini-0110	0.9997449629846001	0.9999721055690262	0.9794265463896096	1.0	0.992457745992681
sub-067_ses-01_age-P37_rec-baseline_run-01_comp-001_ica-ini-0111	0.995038183147588	0.9999965859070395	0.9905584020140324	1.0	0.9945965564124956
sub-067_ses-01_age-P37_rec-baseline_run-01_comp-001_ica-ini-0112	0.9994750598408629	0.9999988083823593	0.9793967811753311	1.0	0.9923582542965033
sub-067_ses-01_age-P37_rec-baseline_run-01_comp-001_ica-ini-0113	0.9959413352607375	0.9999023695461671	0.9656289812334047	0.975	0.9869136606562537
sub-067_ses-01_age-P37_rec-baseline_run-01_comp-001_ica-ini-0114	0.9979269953321673	0.9999988531362374	0.9793978978223269	1.0	0.9918425900584564
sub-067_ses-01_age-P37_rec-baseline_run-01_comp-001_ica-ini-0115	0.9677893159939941	0.6051238977405189	0.9794439673580655	0.9	0.9568114385968296
sub-067_ses-01_age-P37_rec-baseline_run-01_comp-001_ica-ini-0116	0.9892820486339159	0.99997341639659	0.9730438408073009	0.975	0.9786273938003204
sub-067_ses-01_age-P37_rec-baseline_run-01_comp-001_ica-ini-0117	0.9749017475385074	0.9999900662456191	0.9514803357545593	0.85	0.975717564699713
sub-067_ses-01_age-P37_rec-baseline_run-01_comp-001_ica-ini-0118	0.9975658383208452	0.9998226602802575	0.9794282681644627	1.0	0.9917319220704334
sub-067_ses-01_age-P37_rec-baseline_run-01_comp-001_ica-ini-0119	0.9753781097834602	0.9050784339841231	0.9794236407323328	1.0	0.9843345317979889
sub-067_ses-01_age-P37_rec-baseline_run-01_comp-001_ica-ini-0120	0.34870135596735286	8.832852663491072e-13	0.0005751396317947017	0.15	0.12521779984790588
sub-067_ses-01_age-P37_rec-baseline_run-01_comp-001_ica-ini-0121	0.9737997241978734	0.9999832678901257	0.9938981388002561	1.0	0.9887163586011094
sub-067_ses-01_age-P37_rec-baseline_run-01_comp-001_ica-ini-0122	0.99813590772825	0.99999887181593	0.9814447046880949	1.0	0.9925710305314702
sub-067_ses-01_age-P37_rec-baseline_run-01_comp-001_ica-ini-0123	0.9951046513366324	0.9999956684603222	0.9889665709016835	1.0	0.9940658283092157
sub-067_ses-01_age-P37_rec-baseline_run-01_comp-001_ica-ini-0124	0.9956684599094884	0.9999988023677839	0.9840273050286386	1.0	0.9925921603786069
sub-067_ses-01_age-P37_rec-baseline_run-01_comp-001_ica-ini-0125	0.9994497996575236	0.9999767105597639	0.9845175056400097	1.0	0.9940144695508643
sub-067_ses-01_age-P37_rec-baseline_run-01_comp-001_ica-ini-0126	0.9961409087814074	0.9999989080581593	0.9904905832499591	1.0	0.9949403641506072
sub-067_ses-01_age-P37_rec-baseline_run-01_comp-001_ica-ini-0127	0.9951812955415876	0.9999989081480641	0.9864641864859164	1.0	0.9932405901819997
sub-067_ses-01_age-P37_rec-baseline_run-01_comp-001_ica-ini-0128	0.9971354720051185	0.9999982907246643	0.9894323920805788	1.0	0.9949035244978788
sub-067_ses-01_age-P37_rec-baseline_run-01_comp-001_ica-ini-0129	0.99397496886764	0.9999822013350692	0.9794314843639578	0.975	0.9905359947799778
sub-067_ses-01_age-P37_rec-baseline_run-01_comp-001_ica-ini-0130	0.9967051537866128	0.9999991205290608	0.9934479740881251	1.0	0.9961860544405176
sub-067_ses-01_age-P37_rec-baseline_run-01_comp-001_ica-ini-0131	0.9983986213573669	0.9999993201211004	0.9817377765138978	1.0	0.992753607125383
sub-067_ses-01_age-P37_rec-baseline_run-01_comp-001_ica-ini-0132	0.9984394484262469	0.999998708172869	0.992569404343943	1.0	0.9964450073450163
sub-067_ses-01_age-P37_rec-baseline_run-01_comp-001_ica-ini-0133	0.998006404546728	0.9999986405576711	0.9794700854967808	1.0	0.9918921606186578
sub-067_ses-01_age-P37_rec-baseline_run-01_comp-001_ica-ini-0134	0.9996570910777876	0.999990407578613	0.9688981072268357	1.0	0.9891439946702839
sub-067_ses-01_age-P37_rec-baseline_run-01_comp-001_ica-ini-0135	0.9985881935979208	0.9999980398817838	0.9928740515161559	0.975	0.9966047227815457
sub-067_ses-01_age-P37_rec-baseline_run-01_comp-001_ica-ini-0136	0.9853575060302447	0.999607286314412	0.9471782535893407	0.925	0.9696259765362965
sub-067_ses-01_age-P37_rec-baseline_run-01_comp-001_ica-ini-0137	0.9339755824801615	0.9733566898129408	0.6878765076117429	0.775	0.858848391344075
sub-067_ses-01_age-P37_rec-baseline_run-01_comp-001_ica-ini-0138	0.9591246431631394	1.4357263400765952e-10	0.9794376314742477	0.85	0.9289211866918485
sub-067_ses-01_age-P37_rec-baseline_run-01_comp-001_ica-ini-0139	0.9415016682975844	0.999780634174347	0.9847488927133191	0.95	0.9581083701067388
sub-067_ses-01_age-P37_rec-baseline_run-01_comp-001_ica-ini-0140	0.9849332398570011	0.9966369886681808	0.9794277463572254	1.0	0.987520888937628
sub-067_ses-01_age-P37_rec-baseline_run-01_comp-001_ica-ini-0141	0.9753385467464514	0.9999839391390666	0.9738456268944395	1.0	0.9742286642742565
sub-067_ses-01_age-P37_rec-baseline_run-01_comp-001_ica-ini-0142	4.819700140744736e-05	1.2594030001043495e-55	0.0005739746269600496	0.0	0.0006655809551941714
sub-067_ses-01_age-P37_rec-baseline_run-01_comp-001_ica-ini-0143	0.9982239480649321	0.9999993543718382	0.9807821208786061	1.0	0.9923862270993392
sub-067_ses-01_age-P37_rec-baseline_run-01_comp-001_ica-ini-0144	0.9984602865925569	0.9997495937843887	0.9794699114805697	1.0	0.9920433989355493
sub-067_ses-01_age-P37_rec-baseline_run-01_comp-001_ica-ini-0145	0.9980209748404371	0.9999987401657041	0.9794376830996826	1.0	0.9918866471053097
sub-067_ses-01_age-P37_rec-baseline_run-01_comp-001_ica-ini-0146	0.9987254352159439	0.9999512928794078	0.9793694315957495	1.0	0.9920996297820622
sub-067_ses-01_age-P37_rec-baseline_run-01_comp-001_ica-ini-0147	0.9961389940209713	0.9999932210871891	0.9794290362093299	1.0	0.9912565530788785
sub-067_ses-01_age-P37_rec-baseline_run-01_comp-001_ica-ini-0148	0.997977211136123	0.9999980346738746	0.9855634537386313	1.0	0.9938710158891674
sub-067_ses-01_age-P37_rec-baseline_run-01_comp-001_ica-ini-0149	0.9844606894566243	0.9999872168325653	0.97940925545136	0.975	0.9790241220367211
sub-067_ses-01_age-P37_rec-baseline_run-01_comp-001_ica-ini-0150	0.9953687058803583	0.9999979435938974	0.992340289527263	1.0	0.9953389493285755
sub-067_ses-01_age-P37_rec-baseline_run-01_comp-001_ica-ini-0151	0.9655497894303473	0.9999526543148644	0.9858542035982522	0.975	0.983158964023514
sub-067_ses-01_age-P37_rec-baseline_run-01_comp-001_ica-ini-0152	0.9996982725801421	0.999927164890501	0.9819312730550409	1.0	0.9932496476362361
sub-067_ses-01_age-P37_rec-baseline_run-01_comp-001_ica-ini-0153	0.9977853542808669	0.9999994633319622	0.9864017425583959	1.0	0.9940876305223275
sub-067_ses-01_age-P37_rec-baseline_run-01_comp-001_ica-ini-0154	0.9984081229622513	0.9999955999437012	0.9794433610632789	1.0	0.9920175135548761
sub-067_ses-01_age-P37_rec-baseline_run-01_comp-001_ica-ini-0155	0.9833796131971976	0.35341508480660766	0.9072898921525027	0.975	0.9578422953389403
sub-067_ses-01_age-P37_rec-baseline_run-01_comp-001_ica-ini-0156	0.997251095314796	0.9999988809165031	0.9852974003859312	1.0	0.9935403363123946
sub-067_ses-01_age-P37_rec-baseline_run-01_comp-001_ica-ini-0157	0.9851435089585862	0.9999935853257367	0.9882678034846392	1.0	0.9905057838445286
sub-067_ses-01_age-P37_rec-baseline_run-01_comp-001_ica-ini-0158	0.9906017692829283	0.9996981240053118	0.9811110047802996	0.975	0.9899516881116409
sub-067_ses-01_age-P37_rec-baseline_run-01_comp-001_ica-ini-0159	0.9981167587394245	0.9999946431697587	0.9839820567397431	1.0	0.9933933487525396
sub-067_ses-01_age-P37_rec-baseline_run-01_comp-001_ica-ini-0160	0.9832768821515997	0.9959085046594909	0.9794323742552089	0.975	0.9869702506459347
sub-067_ses-01_age-P37_rec-baseline_run-01_comp-001_ica-ini-0161	0.9990278972581101	0.9999993569303215	0.9777939465533814	1.0	0.991698637801442
sub-067_ses-01_age-P37_rec-baseline_run-01_comp-001_ica-ini-0162	0.9963317244745409	0.9999989365944769	0.979463157319649	1.0	0.9913317164282481
sub-067_ses-01_age-P37_rec-baseline_run-01_comp-001_ica-ini-0163	0.928245776340395	0.9448947798436359	0.9794387505097283	1.0	0.9686285891959815
sub-067_ses-01_age-P37_rec-baseline_run-01_comp-001_ica-ini-0164	0.9996437041870856	0.9998643781440614	0.9633214469230051	1.0	0.9874542019148396
sub-067_ses-01_age-P37_rec-baseline_run-01_comp-001_ica-ini-0165	0.9398848554821599	0.9998669333639052	0.9794108335855843	1.0	0.9724993489965322
sub-067_ses-01_age-P37_rec-baseline_run-01_comp-001_ica-ini-0166	0.9942761304449167	0.9999971242601134	0.98338422095645	1.0	0.9835832508927379
sub-067_ses-01_age-P37_rec-baseline_run-01_comp-001_ica-ini-0167	0.9963234262150599	0.9999956435976464	0.9723054129353639	1.0	0.9890791854702847
sub-067_ses-01_age-P37_rec-baseline_run-01_comp-001_ica-ini-0168	0.972111022697611	0.9997503878924128	0.9793998526925588	0.95	0.9665712246353008
sub-067_ses-01_age-P37_rec-baseline_run-01_comp-001_ica-ini-0169	0.9966623371653509	0.9999988698883131	0.9885364625833647	1.0	0.9944373338409234
sub-067_ses-01_age-P37_rec-baseline_run-01_comp-001_ica-ini-0170	0.9986451018905955	0.9999989812211364	0.9940642134272355	1.0	0.9970595459581374
sub-067_ses-01_age-P37_rec-baseline_run-01_comp-001_ica-ini-0171	0.99680318483188	0.9999985612175853	0.9909174590486339	1.0	0.9953110628044336
sub-067_ses-01_age-P37_rec-baseline_run-01_comp-001_ica-ini-0172	0.9978543336596646	0.9999995914420889	0.991050271918401	1.0	0.9957082638835905
sub-067_ses-01_age-P37_rec-baseline_run-01_comp-001_ica-ini-0173	0.9987237782305672	0.9999816765142783	0.9787390257972127	1.0	0.9918977687407257
sub-067_ses-01_age-P37_rec-baseline_run-01_comp-001_ica-ini-0174	0.9769378741530683	0.9999723739106513	0.9869228823665599	1.0	0.9873139098532232
sub-067_ses-01_age-P37_rec-baseline_run-01_comp-001_ica-ini-0175	0.9962607746466082	0.999991950044507	0.9812478773884785	1.0	0.9918822788937806
sub-067_ses-01_age-P37_rec-baseline_run-01_comp-001_ica-ini-0176	0.9863630765151404	0.9999692545019907	0.9850005325212128	0.95	0.981478977667538
sub-067_ses-01_age-P37_rec-baseline_run-01_comp-001_ica-ini-0177	0.995421104269566	0.9999976990973461	0.9794269323363894	1.0	0.9910165832563278
sub-067_ses-01_age-P37_rec-baseline_run-01_comp-001_ica-ini-0178	0.9837539237996145	0.999926043721521	0.9843426766628866	0.95	0.988724715055252
sub-067_ses-01_age-P37_rec-baseline_run-01_comp-001_ica-ini-0179	0.973993936016812	0.9985636575334527	0.9794140102519954	0.95	0.9838700589510161
sub-067_ses-01_age-P37_rec-baseline_run-01_comp-001_ica-ini-0180	0.9971454606831729	0.9999984283235707	0.9793853726968412	1.0	0.9915780712952146
sub-067_ses-01_age-P37_rec-baseline_run-01_comp-001_ica-ini-0181	0.9863825630483164	0.9999874468463984	0.9794349350414153	0.95	0.9546729637553208
sub-067_ses-01_age-P37_rec-baseline_run-01_comp-001_ica-ini-0182	0.991017978195578	0.9950401678846009	0.9794486436128557	0.975	0.9895558225526976
sub-067_ses-01_age-P37_rec-baseline_run-01_comp-001_ica-ini-0183	0.9971086954033097	0.9999989822473633	0.9777409774463633	1.0	0.9910421059133577
sub-067_ses-01_age-P37_rec-baseline_run-01_comp-001_ica-ini-0184	0.9787313261894337	0.9999632676516189	0.987503265834047	1.0	0.9881080817324216
sub-067_ses-01_age-P37_rec-baseline_run-01_comp-001_ica-ini-0185	0.998449333902599	0.9999805946484375	0.9794191273576645	1.0	0.9920234956129764
sub-067_ses-01_age-P37_rec-baseline_run-01_comp-001_ica-ini-0186	0.9724500855565278	0.999690345940872	0.992177347222492	1.0	0.9876409299094485
sub-067_ses-01_age-P37_rec-baseline_run-01_comp-001_ica-ini-0187	0.8418573045853575	0.6744979861843193	0.9629472175062579	0.975	0.9264133882703659
sub-067_ses-01_age-P37_rec-baseline_run-01_comp-001_ica-ini-0188	0.9961111346731072	0.9999983210436474	0.9794721731792372	1.0	0.9912610722151163
sub-067_ses-01_age-P37_rec-baseline_run-01_comp-001_ica-ini-0189	0.9970258815981835	0.9999968063668108	0.9961525102284672	1.0	0.9973116515712238
sub-067_ses-01_age-P37_rec-baseline_run-01_comp-001_ica-ini-0190	0.9858175582227161	0.9738484238221324	0.9794301476666152	1.0	0.9628164301487124
sub-067_ses-01_age-P37_rec-baseline_run-01_comp-001_ica-ini-0191	0.969036898999492	0.9995731322073995	0.9912417577673707	1.0	0.9861700978455973
sub-067_ses-01_age-P37_rec-baseline_run-01_comp-001_ica-ini-0192	0.9874553305120036	0.9999582301948755	0.9794198908252599	1.0	0.9883590721138203
sub-067_ses-01_age-P37_rec-baseline_run-01_comp-001_ica-ini-0193	7.107019410322178e-11	4.592161817676435e-307	0.0005748865743241551	0.025	0.000650427986238688
sub-067_ses-01_age-P37_rec-baseline_run-01_comp-001_ica-ini-0194	0.9733580241125374	0.9999637830190571	0.9811928328291856	1.0	0.9758968930519849
sub-067_ses-01_age-P37_rec-baseline_run-01_comp-001_ica-ini-0195	0.9580888332144935	0.9998894691130944	0.9838802862188092	1.0	0.980017187196241
sub-067_ses-01_age-P37_rec-baseline_run-01_comp-001_ica-ini-0196	0.9976544974203873	0.9999957837155972	0.9793681611870415	1.0	0.9917422441222966
sub-067_ses-01_age-P37_rec-baseline_run-01_comp-001_ica-ini-0197	0.8165726023745773	0.004681433656725154	0.9176303440345531	1.0	0.8884015387401784
sub-067_ses-01_age-P37_rec-baseline_run-01_comp-001_ica-ini-0198	0.9828767487952925	0.9999725391059371	0.9794183020890667	0.9	0.9784990365053288
sub-067_ses-01_age-P37_rec-baseline_run-01_comp-001_ica-ini-0199	0.9969544331637574	0.9999446570569291	0.9926180957613114	1.0	0.9959675685702366
sub-067_ses-01_age-P37_rec-baseline_run-01_comp-001_ica-ini-0200	0.9956975790447616	0.9999929862181598	0.9999941977319247	1.0	0.9985615580673765
sub-067_ses-01_age-P37_rec-baseline_run-01_comp-001_ica-ini-0201	0.9972357643497739	0.9999865025302076	0.9954004545232344	1.0	0.9970917278955165
sub-067_ses-01_age-P37_rec-baseline_run-01_comp-001_ica-ini-0202	0.995442214523173	0.9999894371746093	0.9922619523990726	1.0	0.9953353192561766
sub-067_ses-01_age-P37_rec-baseline_run-01_comp-001_ica-ini-0203	0.9978677785190899	0.9999954916159698	0.9931618736405574	1.0	0.9964691456647191
sub-067_ses-01_age-P37_rec-baseline_run-01_comp-001_ica-ini-0204	0.9976520677409202	0.9999990617651712	0.9873797792521294	1.0	0.9943731296173004
sub-067_ses-01_age-P37_rec-baseline_run-01_comp-001_ica-ini-0205	0.9740093212406226	0.9802190299987674	0.9794401706518601	1.0	0.9755502253039765
sub-067_ses-01_age-P37_rec-baseline_run-01_comp-001_ica-ini-0206	0.8553587862043937	0.8887269029440517	0.9686374649135521	1.0	0.9326317370280087
sub-067_ses-01_age-P37_rec-baseline_run-01_comp-001_ica-ini-0207	0.9984233970333156	0.9999993871449511	0.9891656117680263	1.0	0.9952406666311667
sub-067_ses-01_age-P37_rec-baseline_run-01_comp-001_ica-ini-0208	0.9245821292962119	0.9022536202645389	0.9794216153382141	1.0	0.9674018901963207
sub-067_ses-01_age-P37_rec-baseline_run-01_comp-001_ica-ini-0209	0.9486917588981917	0.8957182025602741	0.9658287764981653	0.9	0.9712240969167868
sub-067_ses-01_age-P37_rec-baseline_run-01_comp-001_ica-ini-0210	0.8899336835935319	0.762692711248104	0.9794785921556377	1.0	0.9558706431438905
sub-067_ses-01_age-P37_rec-baseline_run-01_comp-001_ica-ini-0211	0.9681446661360152	2.365278008682318e-10	0.9032616811602854	0.8	0.8350034941000958
sub-067_ses-01_age-P37_rec-baseline_run-01_comp-001_ica-ini-0212	0.9903549116020303	0.9995438127236995	0.977347171154337	1.0	0.988666102516719
sub-067_ses-01_age-P37_rec-baseline_run-01_comp-001_ica-ini-0213	0.9963228973148133	0.9999618718673097	0.9830630087963173	1.0	0.9841602424546555
sub-067_ses-01_age-P37_rec-baseline_run-01_comp-001_ica-ini-0214	0.9809130801761984	0.9999121494219692	0.999996854955268	1.0	0.9936351912775677
sub-067_ses-01_age-P37_rec-baseline_run-01_comp-001_ica-ini-0215	0.9746055093436483	0.999979616060912	0.9794265902388338	1.0	0.9840779421439908
sub-067_ses-01_age-P37_rec-baseline_run-01_comp-001_ica-ini-0216	0.9964453291845942	0.9999865626376614	0.9777522000352544	1.0	0.9908245424394594
sub-067_ses-01_age-P37_rec-baseline_run-01_comp-001_ica-ini-0217	0.8950095592445743	0.7509316666637501	0.9718240896750971	0.95	0.9551592232502147
sub-067_ses-01_age-P37_rec-baseline_run-01_comp-001_ica-ini-0218	0.8698609131946041	0.006835859294782721	0.9794283795962905	0.85	0.9158303160199083
sub-067_ses-01_age-P37_rec-baseline_run-01_comp-001_ica-ini-0219	0.47817329020001065	0.00027017026127408003	0.9794278255885905	0.875	0.7769342644059504
sub-067_ses-01_age-P37_rec-baseline_run-01_comp-001_ica-ini-0220	0.9965096430472907	0.999989673995463	0.9961790789436605	1.0	0.9971499282048365
sub-067_ses-01_age-P37_rec-baseline_run-01_comp-001_ica-ini-0221	0.9964486181225176	0.9999712808632439	0.9928059314016828	1.0	0.9958668573970102
sub-067_ses-01_age-P37_rec-baseline_run-01_comp-001_ica-ini-0222	0.2343844900934099	6.539024185795676e-07	0.9793963695956271	0.975	0.7123279326986696
sub-067_ses-01_age-P37_rec-baseline_run-01_comp-001_ica-ini-0223	0.9007992525942579	0.114647086750815	0.0005749657732501107	0.1	0.3592502580814745
sub-067_ses-01_age-P37_rec-baseline_run-01_comp-001_ica-ini-0224	0.9703756219520031	0.9990723056325059	0.9827420968091886	1.0	0.9837395513025861
sub-067_ses-01_age-P37_rec-baseline_run-01_comp-001_ica-ini-0225	0.9267522230134717	0.9727658880365903	0.8682302387312532	0.95	0.9368358282536294
sub-067_ses-01_age-P37_rec-baseline_run-01_comp-001_ica-ini-0226	0.29273022052268527	5.462259167690363e-05	0.979451064380109	0.925	0.7151273447357719
sub-067_ses-01_age-P37_rec-baseline_run-01_comp-001_ica-ini-0227	0.9857773724756053	0.9998662533528525	0.9864692158294147	1.0	0.9901076393587195
sub-067_ses-01_age-P37_rec-baseline_run-01_comp-001_ica-ini-0228	0.70147559724816	0.3059947784099938	0.9793842232145473	0.975	0.8930210824059267
sub-067_ses-01_age-P37_rec-baseline_run-01_comp-001_ica-ini-0229	0.9963144154747038	0.9999817561533031	0.9968010917066414	1.0	0.9973298721984772
sub-067_ses-01_age-P37_rec-baseline_run-01_comp-001_ica-ini-0230	0.8657962042758903	0.9868474578825841	0.9794566363407587	1.0	0.9478177892736888
sub-067_ses-01_age-P37_rec-baseline_run-01_comp-001_ica-ini-0231	0.9970438859040609	0.9999757346032252	0.979420524794126	1.0	0.9915554601054452
sub-067_ses-01_age-P37_rec-baseline_run-01_comp-001_ica-ini-0232	0.8491225356881571	0.0004109549650568758	0.9117405168249404	0.95	0.82263679222214
sub-067_ses-01_age-P37_rec-baseline_run-01_comp-001_ica-ini-0233	0.8667404227439202	0.1723064522933757	0.9793828452254849	1.0	0.9397755833924423
sub-067_ses-01_age-P37_rec-baseline_run-01_comp-001_ica-ini-0234	0.6653311411952253	0.009158708544651827	0.9411545342678016	0.9	0.8278939118563927
sub-067_ses-01_age-P37_rec-baseline_run-01_comp-001_ica-ini-0235	0.9874478356843828	0.9999844738916261	0.0005733938708762387	0.4	0.4464648792097065
sub-083_ses-01_age-P36_rec-baseline_run-02_comp-001_ica-ini-0000	0.9992740117710225	0.9999989615259849	0.9892841314109714	1.0	0.9955651172165102
sub-083_ses-01_age-P36_rec-baseline_run-02_comp-001_ica-ini-0001	0.9994419868835824	0.9999986145181167	0.9894410796896599	1.0	0.995675368719958
sub-083_ses-01_age-P36_rec-baseline_run-02_comp-001_ica-ini-0002	0.9992835021214291	0.9999983773641541	0.9910053725586878	1.0	0.9961688167142192
sub-083_ses-01_age-P36_rec-baseline_run-02_comp-001_ica-ini-0003	0.9995015120858306	0.999999009388095	0.9887441424512103	1.0	0.9954549713339779
sub-083_ses-01_age-P36_rec-baseline_run-02_comp-001_ica-ini-0004	0.9995898661163967	0.9999950476867939	0.9794169522918141	1.0	0.9924029770362477
sub-083_ses-01_age-P36_rec-baseline_run-02_comp-001_ica-ini-0005	0.9996481993313109	0.9999973865638898	0.9807737668802858	1.0	0.992858283027115
sub-083_ses-01_age-P36_rec-baseline_run-02_comp-001_ica-ini-0006	0.998562832405524	0.9999974459767531	0.9913463934157458	1.0	0.9960491132909818
sub-083_ses-01_age-P36_rec-baseline_run-02_comp-001_ica-ini-0007	0.9985466961615119	0.9999983560800322	0.9937202613264419	1.0	0.9968998086502125
sub-083_ses-01_age-P36_rec-baseline_run-02_comp-001_ica-ini-0008	0.999486331873793	0.9999981134509742	0.9841628744376978	1.0	0.9939094899448359
sub-083_ses-01_age-P36_rec-baseline_run-02_comp-001_ica-ini-0009	0.9968819869960371	0.9999732079173708	0.9776109977352625	1.0	0.9909253359807537
sub-083_ses-01_age-P36_rec-baseline_run-02_comp-001_ica-ini-0010	0.9835331693197409	0.0014663857650066923	0.9794776916443886	0.975	0.9537368501407603
sub-083_ses-01_age-P36_rec-baseline_run-02_comp-001_ica-ini-0011	0.9970590215330282	0.9999924696521427	0.984892833592989	1.0	0.993341881233231
sub-083_ses-01_age-P36_rec-baseline_run-02_comp-001_ica-ini-0012	0.9994869481526459	0.9999989769782858	0.9902972400501114	1.0	0.995988061318886
sub-083_ses-01_age-P36_rec-baseline_run-02_comp-001_ica-ini-0013	0.9995902797403954	0.9995992023574725	0.9794484931895765	1.0	0.9924132082599563
sub-083_ses-01_age-P36_rec-baseline_run-02_comp-001_ica-ini-0014	0.9986887332511212	0.9999974322827485	0.9922140666993412	1.0	0.9964003116555477
sub-083_ses-01_age-P36_rec-baseline_run-02_comp-001_ica-ini-0015	0.9991647538035929	0.9999994964145839	0.9906101189208186	1.0	0.995990217951904
sub-083_ses-01_age-P36_rec-baseline_run-02_comp-001_ica-ini-0016	0.9982096197522793	0.9999987562312044	0.9841847375527277	1.0	0.993491133041409
sub-083_ses-01_age-P36_rec-baseline_run-02_comp-001_ica-ini-0017	0.95656770146385	0.9999148918221918	0.9794188250862694	1.0	0.9780628547448917
sub-083_ses-01_age-P36_rec-baseline_run-02_comp-001_ica-ini-0018	0.9992186274595397	0.9999959075004649	0.9872157588467592	1.0	0.9948397822577836
sub-083_ses-01_age-P36_rec-baseline_run-02_comp-001_ica-ini-0019	0.9992472021816743	0.9999993580564368	0.9867991330961813	1.0	0.9947086197051731
sub-083_ses-01_age-P36_rec-baseline_run-02_comp-001_ica-ini-0020	0.986001264065373	0.9364601448530946	0.9794673893927045	1.0	0.9795562508399293
sub-083_ses-01_age-P36_rec-baseline_run-02_comp-001_ica-ini-0021	0.9992229699639904	0.9999991450412984	0.9820985617195862	1.0	0.9931455911785046
sub-083_ses-01_age-P36_rec-baseline_run-02_comp-001_ica-ini-0022	0.9971947499502247	0.9999977103521646	0.9877872668662944	1.0	0.9943590274361283
sub-083_ses-01_age-P36_rec-baseline_run-02_comp-001_ica-ini-0023	0.9990316347839976	0.9999989389470975	0.9907715024770888	1.0	0.9960025208241893
sub-083_ses-01_age-P36_rec-baseline_run-02_comp-001_ica-ini-0024	0.9994224380519493	0.9999992610193398	0.9860236381474518	1.0	0.9945065331704762
sub-083_ses-01_age-P36_rec-baseline_run-02_comp-001_ica-ini-0025	0.9991598032350775	0.999999221314629	0.9945038054964463	1.0	0.9973946163733381
sub-083_ses-01_age-P36_rec-baseline_run-02_comp-001_ica-ini-0026	0.9948510843100763	0.9999936706565953	0.9999952065088542	1.0	0.998280061968514
sub-083_ses-01_age-P36_rec-baseline_run-02_comp-001_ica-ini-0027	0.9991634242593451	0.9999985502121665	0.9916089165078856	1.0	0.9963424691056114
sub-083_ses-01_age-P36_rec-baseline_run-02_comp-001_ica-ini-0028	0.997281585102879	0.999994867234265	0.994477639804903	1.0	0.9967587695917883
sub-083_ses-01_age-P36_rec-baseline_run-02_comp-001_ica-ini-0029	0.9989063950022815	0.9999993733215088	0.9957509977547376	1.0	0.9977829707394923
sub-083_ses-01_age-P36_rec-baseline_run-02_comp-001_ica-ini-0030	0.9991469480093077	0.9999993366108979	0.993921574922418	1.0	0.997174085087364
sub-083_ses-01_age-P36_rec-baseline_run-02_comp-001_ica-ini-0031	0.9989793448197312	0.9999949997981021	0.9860596457889326	1.0	0.9943708925606015
sub-083_ses-01_age-P36_rec-baseline_run-02_comp-001_ica-ini-0032	0.9957462206562658	0.9999985635526795	0.9898567034413656	0.975	0.994587598277732
sub-083_ses-01_age-P36_rec-baseline_run-02_comp-001_ica-ini-0033	0.9966991046004396	0.9999989223511071	0.9933861533889212	1.0	0.9961614236903816
sub-083_ses-01_age-P36_rec-baseline_run-02_comp-001_ica-ini-0034	0.9966567610710504	0.999991982771759	0.990979735892236	1.0	0.9952841981149648
sub-083_ses-01_age-P36_rec-baseline_run-02_comp-001_ica-ini-0035	0.9957302216458672	0.9999988074116544	0.9926803132840736	1.0	0.9955819640306588
sub-083_ses-01_age-P36_rec-baseline_run-02_comp-001_ica-ini-0036	0.9991253627397134	0.9999992380818598	0.992472569145265	1.0	0.9966387505429392
sub-083_ses-01_age-P36_rec-baseline_run-02_comp-001_ica-ini-0037	0.9983968877118394	0.9999985302894885	0.994772914737928	1.0	0.9972411585206306
sub-083_ses-01_age-P36_rec-baseline_run-02_comp-001_ica-ini-0038	0.9964881217889797	0.9999876356192002	0.9829917653635919	1.0	0.9925253353010777
sub-083_ses-01_age-P36_rec-baseline_run-02_comp-001_ica-ini-0039	0.9985486874724588	0.9999968961802063	0.9934110658353383	1.0	0.9967870614211002
sub-083_ses-01_age-P36_rec-baseline_run-02_comp-001_ica-ini-0040	0.999362091379474	0.9999992537894751	0.9937305235214327	1.0	0.99717538226483
sub-083_ses-01_age-P36_rec-baseline_run-02_comp-001_ica-ini-0041	0.9980347871822043	0.999999325425778	0.9968787142796102	1.0	0.9979342794035203
sub-083_ses-01_age-P36_rec-baseline_run-02_comp-001_ica-ini-0042	0.9980486023030076	0.9999983293419857	0.9863519998740327	1.0	0.994158675947361
sub-083_ses-01_age-P36_rec-baseline_run-02_comp-001_ica-ini-0043	0.9993320681710204	0.999999277313565	0.9934091022814225	1.0	0.9970474701315896
sub-083_ses-01_age-P36_rec-baseline_run-02_comp-001_ica-ini-0044	0.9991094129565181	0.9999980208798781	0.9932094527989406	1.0	0.9969003579282739
sub-083_ses-01_age-P36_rec-baseline_run-02_comp-001_ica-ini-0045	0.9971449389939232	0.999994400521266	0.984387823512918	1.0	0.993203304391184
sub-083_ses-01_age-P36_rec-baseline_run-02_comp-001_ica-ini-0046	0.9951479605020246	0.9999966756320524	0.9999869509364118	1.0	0.9973975124555324
sub-083_ses-01_age-P36_rec-baseline_run-02_comp-001_ica-ini-0047	0.9957637197449519	0.9999099183720495	0.9850566491194751	1.0	0.9929644954991379
sub-083_ses-01_age-P36_rec-baseline_run-02_comp-001_ica-ini-0048	0.9994194793252734	0.9999925265448123	0.979388619249145	1.0	0.9923371161645336
sub-083_ses-01_age-P36_rec-baseline_run-02_comp-001_ica-ini-0049	0.9951653713833868	0.999967211640335	0.9793946843107757	0.975	0.9909210206035489
sub-083_ses-01_age-P36_rec-baseline_run-02_comp-001_ica-ini-0050	0.9990672102655294	0.9999994622953644	0.9958828025455475	1.0	0.9978874296681918
sub-083_ses-01_age-P36_rec-baseline_run-02_comp-001_ica-ini-0051	0.9989334391442865	0.9999992208869128	0.9813762057911808	1.0	0.9928146943285947
sub-083_ses-01_age-P36_rec-baseline_run-02_comp-001_ica-ini-0052	0.998649511892961	0.9999939368599008	0.9890083167762722	1.0	0.9952618220300189
sub-083_ses-01_age-P36_rec-baseline_run-02_comp-001_ica-ini-0053	0.9986712083101182	0.9999991258453564	0.9855373323942165	1.0	0.9940936370035874
sub-083_ses-01_age-P36_rec-baseline_run-02_comp-001_ica-ini-0054	0.9875514391960178	0.9993415789000382	0.9794156820508658	1.0	0.9800564282795192
sub-083_ses-01_age-P36_rec-baseline_run-02_comp-001_ica-ini-0055	0.9968381910596382	0.9999991196889354	0.993389381884306	1.0	0.9962089662276266
sub-083_ses-01_age-P36_rec-baseline_run-02_comp-001_ica-ini-0056	0.9977333587361215	0.9999949561247979	0.9876117991977614	1.0	0.9944789290774447
sub-083_ses-01_age-P36_rec-baseline_run-02_comp-001_ica-ini-0057	0.998291915649834	0.9999992849316078	0.9930788751092331	1.0	0.9965803204362441
sub-083_ses-01_age-P36_rec-baseline_run-02_comp-001_ica-ini-0058	0.9978582100165669	0.9999989639950277	0.9898025230918293	1.0	0.9952727644224099
sub-083_ses-01_age-P36_rec-baseline_run-02_comp-001_ica-ini-0059	0.9972538485628135	0.9999991986465769	0.9947205256478786	1.0	0.9968404660203835
sub-083_ses-01_age-P36_rec-baseline_run-02_comp-001_ica-ini-0060	0.9906833309353306	0.9955850778272884	0.9793808090356829	1.0	0.989422568045944
sub-083_ses-01_age-P36_rec-baseline_run-02_comp-001_ica-ini-0061	0.9992774306517761	0.999998631851488	0.9872173058295253	1.0	0.9948599067056203
sub-083_ses-01_age-P36_rec-baseline_run-02_comp-001_ica-ini-0062	0.9965830036688907	0.9999909542739223	0.996744308470193	1.0	0.9973968165474467
sub-083_ses-01_age-P36_rec-baseline_run-02_comp-001_ica-ini-0063	0.9975218259282029	0.9999989058556071	0.9881210198816273	1.0	0.994581762041069
sub-083_ses-01_age-P36_rec-baseline_run-02_comp-001_ica-ini-0064	0.9875079281238083	0.9999860717440943	0.9943692137355894	1.0	0.9934604395683554
sub-083_ses-01_age-P36_rec-baseline_run-02_comp-001_ica-ini-0065	0.987416282096795	0.9999765108717633	0.985125430020488	1.0	0.9735382034857768
sub-083_ses-01_age-P36_rec-baseline_run-02_comp-001_ica-ini-0066	0.9962446839862032	0.9999912141323872	0.9822556205803377	0.975	0.992203935756747
sub-083_ses-01_age-P36_rec-baseline_run-02_comp-001_ica-ini-0067	0.9965131796504928	0.9999956104771401	0.9787865321128867	1.0	0.9911760484089335
sub-083_ses-01_age-P36_rec-baseline_run-02_comp-001_ica-ini-0068	0.9986417486577637	0.9999991557214004	0.9974390391511039	1.0	0.9983628629005846
sub-083_ses-01_age-P36_rec-baseline_run-02_comp-001_ica-ini-0069	0.9981687629263215	0.9999981888279403	0.9808332619476662	1.0	0.9923843300472228
sub-083_ses-01_age-P36_rec-baseline_run-02_comp-001_ica-ini-0070	0.9968287103970924	0.9999990409278235	0.9911403618668793	1.0	0.9953981937672505
sub-083_ses-01_age-P36_rec-baseline_run-02_comp-001_ica-ini-0071	0.9994816706336009	0.999999220875363	0.9890005019759145	1.0	0.9955365170726043
sub-083_ses-01_age-P36_rec-baseline_run-02_comp-001_ica-ini-0072	0.9968922593684212	0.9999966923451257	0.9862935854260552	0.95	0.9770869548092387
sub-083_ses-01_age-P36_rec-baseline_run-02_comp-001_ica-ini-0073	0.998636065252942	0.999999608645654	0.9894749556846378	1.0	0.9954184521176059
sub-083_ses-01_age-P36_rec-baseline_run-02_comp-001_ica-ini-0074	0.9987772366315387	0.9999992745719306	0.9832477137915628	1.0	0.9933721895178521
sub-083_ses-01_age-P36_rec-baseline_run-02_comp-001_ica-ini-0075	0.981913299560995	0.9992475842993885	0.9794295635816241	0.975	0.9865148236857947
sub-083_ses-01_age-P36_rec-baseline_run-02_comp-001_ica-ini-0076	0.9975998082890692	0.9999980480407755	0.9826780277428305	1.0	0.9927933580514018
sub-083_ses-01_age-P36_rec-baseline_run-02_comp-001_ica-ini-0077	0.9978861607600633	0.9999982426342898	0.9882249141170968	1.0	0.9947386798882424
sub-083_ses-01_age-P36_rec-baseline_run-02_comp-001_ica-ini-0078	0.9983025860207255	0.99999928397096	0.9964559129895535	1.0	0.9978559976531248
sub-083_ses-01_age-P36_rec-baseline_run-02_comp-001_ica-ini-0079	0.9980374345908078	0.9999980213096241	0.9861080351468037	1.0	0.9940731313889116
sub-083_ses-01_age-P36_rec-baseline_run-02_comp-001_ica-ini-0080	0.9962065784793273	0.9999154513712601	0.9794444486980425	1.0	0.9912840134680696
sub-083_ses-01_age-P36_rec-baseline_run-02_comp-001_ica-ini-0081	0.9908181169561158	0.9998597374243876	0.9793711775410074	0.975	0.9894644155488271
sub-083_ses-01_age-P36_rec-baseline_run-02_comp-001_ica-ini-0082	0.9984328483183351	0.9999994740188158	0.9903125419672449	1.0	0.9956420429080386
sub-083_ses-01_age-P36_rec-baseline_run-02_comp-001_ica-ini-0083	0.9848143536941306	0.9999720037469588	0.9914339923221366	1.0	0.9914973347810146
sub-083_ses-01_age-P36_rec-baseline_run-02_comp-001_ica-ini-0084	0.9982204469035717	0.9999995784179739	0.9934544414371151	1.0	0.9966935193849263
sub-083_ses-01_age-P36_rec-baseline_run-02_comp-001_ica-ini-0085	0.9983065013362818	0.999999152667659	0.9849784303850062	1.0	0.993786114563988
sub-083_ses-01_age-P36_rec-baseline_run-02_comp-001_ica-ini-0086	0.9521585605614796	0.9908300345792906	0.9794429371654038	1.0	0.9766008570957799
sub-083_ses-01_age-P36_rec-baseline_run-02_comp-001_ica-ini-0087	0.9980236460946544	0.9999993295970501	0.9913460237365723	1.0	0.995869253573748
sub-083_ses-01_age-P36_rec-baseline_run-02_comp-001_ica-ini-0088	0.997487865486792	0.9999991334778275	0.9794671408686005	1.0	0.9917183717684063
sub-083_ses-01_age-P36_rec-baseline_run-02_comp-001_ica-ini-0089	0.9655100427224553	3.549598102745795e-08	0.9794159433352825	0.925	0.9477093797268515
sub-083_ses-01_age-P36_rec-baseline_run-02_comp-001_ica-ini-0090	0.9980117209561188	0.9999993700638625	0.9948515532327784	1.0	0.9971423530010245
sub-083_ses-01_age-P36_rec-baseline_run-02_comp-001_ica-ini-0091	0.9468317853537672	0.999666716417856	0.9794529631463316	1.0	0.974828474033414
sub-083_ses-01_age-P36_rec-baseline_run-02_comp-001_ica-ini-0092	0.9614651266612915	8.926229906636799e-10	0.9794505468751429	0.9	0.9130388144924776
sub-083_ses-01_age-P36_rec-baseline_run-02_comp-001_ica-ini-0093	0.9984481335708818	0.9999978337820357	0.9870365990365682	1.0	0.9945223867077294
sub-083_ses-01_age-P36_rec-baseline_run-02_comp-001_ica-ini-0094	0.9953257104867865	0.9999992102630194	0.9934107513654521	1.0	0.9957126207370827
sub-083_ses-01_age-P36_rec-baseline_run-02_comp-001_ica-ini-0095	0.9623728185205274	3.6923198617410755e-09	0.9095588044276778	0.925	0.9097913328230355
sub-083_ses-01_age-P36_rec-baseline_run-02_comp-001_ica-ini-0096	0.9923775560656888	0.9998560777142761	0.9906984805135425	1.0	0.9937588358573443
sub-083_ses-01_age-P36_rec-baseline_run-02_comp-001_ica-ini-0097	0.9988567839389906	0.9999995114114211	0.9896663592652769	1.0	0.9955583506460081
sub-083_ses-01_age-P36_rec-baseline_run-02_comp-001_ica-ini-0098	0.9846007207750282	0.9999627809795929	0.9794162094217937	1.0	0.9874063575529192
sub-083_ses-01_age-P36_rec-baseline_run-02_comp-001_ica-ini-0099	0.9899709341893363	0.9965154095532089	0.9776565421838891	1.0	0.9886360850490398
sub-083_ses-01_age-P36_rec-baseline_run-02_comp-001_ica-ini-0100	0.9959726363037099	0.999998491749461	0.8224721924210413	1.0	0.9479043000157065
sub-083_ses-01_age-P36_rec-baseline_run-02_comp-001_ica-ini-0101	0.9985840951119134	0.9999991568191791	0.9959074145574421	1.0	0.9977359082662138
sub-083_ses-01_age-P36_rec-baseline_run-02_comp-001_ica-ini-0102	0.9970751937582074	0.9999984215251121	0.981322229745813	1.0	0.9921778084126348
sub-083_ses-01_age-P36_rec-baseline_run-02_comp-001_ica-ini-0103	0.9963659345930196	0.9999944826427596	0.979452215686358	1.0	0.983006284559545
sub-083_ses-01_age-P36_rec-baseline_run-02_comp-001_ica-ini-0104	0.9979003358658352	0.9999946856390107	0.9796219774351086	1.0	0.9919054423400363
sub-083_ses-01_age-P36_rec-baseline_run-02_comp-001_ica-ini-0105	0.9993441153385313	0.9999988450566546	0.9905845049685144	1.0	0.9960410204214413
sub-083_ses-01_age-P36_rec-baseline_run-02_comp-001_ica-ini-0106	0.9330170397713893	3.89360736834362e-09	0.9207305791917046	0.975	0.9447373152506904
sub-083_ses-01_age-P36_rec-baseline_run-02_comp-001_ica-ini-0107	0.97981804444792	0.7012691494719726	0.9273189802371717	0.95	0.9538307712724348
sub-083_ses-01_age-P36_rec-baseline_run-02_comp-001_ica-ini-0108	0.9929885636296283	0.9999970158184984	0.9894502025765205	1.0	0.9935273844847866
sub-083_ses-01_age-P36_rec-baseline_run-02_comp-001_ica-ini-0109	0.9981778175607418	0.9999981527585957	0.9794227817525736	1.0	0.9919341595245535
sub-083_ses-01_age-P36_rec-baseline_run-02_comp-001_ica-ini-0110	0.9938796905145804	0.9999851097234813	0.9794310180854809	1.0	0.9905040861172195
sub-083_ses-01_age-P36_rec-baseline_run-02_comp-001_ica-ini-0111	0.9987193696184476	0.9999994094167061	0.988238217509872	1.0	0.9950209610414916
sub-083_ses-01_age-P36_rec-baseline_run-02_comp-001_ica-ini-0112	0.9974556903681024	0.9999987905254382	0.9924136915232343	1.0	0.9960610021824957
sub-083_ses-01_age-P36_rec-baseline_run-02_comp-001_ica-ini-0113	0.9917469391552536	0.9999973421286378	0.9857618288071293	1.0	0.9918604758339423
sub-083_ses-01_age-P36_rec-baseline_run-02_comp-001_ica-ini-0114	0.992127257385696	0.9267387071420701	0.9794607982205483	0.975	0.9732628056756552
sub-083_ses-01_age-P36_rec-baseline_run-02_comp-001_ica-ini-0115	0.9972004759365284	0.9999988435314782	0.9892698497065726	1.0	0.9948690058277609
sub-083_ses-01_age-P36_rec-baseline_run-02_comp-001_ica-ini-0116	0.9966352945081176	0.9998502324240345	0.9794275445342343	1.0	0.9914215092381568
sub-083_ses-01_age-P36_rec-baseline_run-02_comp-001_ica-ini-0117	0.9974849667999764	0.9999993618259347	0.9906471914275558	1.0	0.9954432981351161
sub-083_ses-01_age-P36_rec-baseline_run-02_comp-001_ica-ini-0118	0.9864656810414231	0.9999972348549878	0.9966690209298324	1.0	0.9939945016380433
sub-083_ses-01_age-P36_rec-baseline_run-02_comp-001_ica-ini-0119	0.9986113825422855	0.9999995563565091	0.9937925668466802	1.0	0.996947985725687
sub-083_ses-01_age-P36_rec-baseline_run-02_comp-001_ica-ini-0120	0.9847598779678111	0.9999602944574405	0.0005736667735122989	0.35	0.44556916647392564
sub-083_ses-01_age-P36_rec-baseline_run-02_comp-001_ica-ini-0121	0.9893410627569856	0.9999778402462945	0.98346201555756	1.0	0.9902970913120909
sub-083_ses-01_age-P36_rec-baseline_run-02_comp-001_ica-ini-0122	0.998174169234029	0.9999995271066293	0.9933610061116829	1.0	0.9966439200140509
sub-083_ses-01_age-P36_rec-baseline_run-02_comp-001_ica-ini-0123	0.9961638393426959	0.9999992460611917	0.9912838460798147	1.0	0.9952273029010157
sub-083_ses-01_age-P36_rec-baseline_run-02_comp-001_ica-ini-0124	0.9948764914614077	0.9996377593596767	0.9782160263879797	1.0	0.9904488559765018
sub-083_ses-01_age-P36_rec-baseline_run-02_comp-001_ica-ini-0125	0.9960917216668123	0.9999987108406444	0.9931557560588117	1.0	0.9958748989779549
sub-083_ses-01_age-P36_rec-baseline_run-02_comp-001_ica-ini-0126	0.9965744220946045	0.9999978166162451	0.9538011602534189	1.0	0.9836175165007036
sub-083_ses-01_age-P36_rec-baseline_run-02_comp-001_ica-ini-0127	0.9909640585473303	0.9953455869812033	0.9794283102665208	1.0	0.9895313422852651
sub-083_ses-01_age-P36_rec-baseline_run-02_comp-001_ica-ini-0128	0.9828258443525988	0.9987768897888158	0.9893607949659412	1.0	0.9901088869239679
sub-083_ses-01_age-P36_rec-baseline_run-02_comp-001_ica-ini-0129	0.9957113881194755	0.999659815897484	0.9793691779038957	1.0	0.9910948662621463
sub-083_ses-01_age-P36_rec-baseline_run-02_comp-001_ica-ini-0130	0.9853993669223015	0.9998038057616221	0.980472298645489	1.0	0.9880115276343174
sub-083_ses-01_age-P36_rec-baseline_run-02_comp-001_ica-ini-0131	0.9908889568272247	0.9892537988308687	0.979394096635166	0.975	0.989495361064492
sub-083_ses-01_age-P36_rec-baseline_run-02_comp-001_ica-ini-0132	0.9974134073041419	0.999998855211805	0.9881195541588701	1.0	0.9945451223155327
sub-083_ses-01_age-P36_rec-baseline_run-02_comp-001_ica-ini-0133	0.9123342206189452	0.9915107184560914	0.9794334138809573	0.975	0.9466563628242352
sub-083_ses-01_age-P36_rec-baseline_run-02_comp-001_ica-ini-0134	0.9837170304437819	0.9919278786335894	0.9301462415559696	0.925	0.972585824920059
sub-083_ses-01_age-P36_rec-baseline_run-02_comp-001_ica-ini-0135	0.9974507451342544	0.9999992443290711	0.9914410078045439	1.0	0.995711953374011
sub-083_ses-01_age-P36_rec-baseline_run-02_comp-001_ica-ini-0136	0.9987718900228748	0.999997470079321	0.984888068509088	1.0	0.9939112565790874
sub-083_ses-01_age-P36_rec-baseline_run-02_comp-001_ica-ini-0137	0.9971624811948203	0.9999963295230646	0.9794469000349099	1.0	0.9916034322121893
sub-083_ses-01_age-P36_rec-baseline_run-02_comp-001_ica-ini-0138	0.9934300745237458	0.9999761092346796	0.9794266892395158	0.975	0.9903528288839728
sub-083_ses-01_age-P36_rec-baseline_run-02_comp-001_ica-ini-0139	0.15860617529667664	3.2964152564078817e-28	0.0005738557352260321	0.05	0.0868514547214097
sub-083_ses-01_age-P36_rec-baseline_run-02_comp-001_ica-ini-0140	0.9983226648625544	0.9999987336986276	0.9778576255179134	1.0	0.9914837608126882
sub-083_ses-01_age-P36_rec-baseline_run-02_comp-001_ica-ini-0141	0.9981820055872976	0.9999981612966053	0.9824633273944446	1.0	0.9929173782310062
sub-083_ses-01_age-P36_rec-baseline_run-02_comp-001_ica-ini-0142	0.9978115887901163	0.9999963590199004	0.9794486217945472	1.0	0.9918203524348753
sub-083_ses-01_age-P36_rec-baseline_run-02_comp-001_ica-ini-0143	0.9994042076808144	0.9999960120105567	0.9794580705789528	1.0	0.9923542494407726
sub-083_ses-01_age-P36_rec-baseline_run-02_comp-001_ica-ini-0144	0.9954403319175651	0.9999891723714244	0.9662980472905379	1.0	0.9869487300836619
sub-083_ses-01_age-P36_rec-baseline_run-02_comp-001_ica-ini-0145	0.9817327229749012	0.9999568082663473	0.9794042410349643	1.0	0.9864465287902348
sub-083_ses-01_age-P36_rec-baseline_run-02_comp-001_ica-ini-0146	0.9894793522244578	0.9999812320171579	0.9713841116809714	1.0	0.9865135063260665
sub-083_ses-01_age-P36_rec-baseline_run-02_comp-001_ica-ini-0147	0.981211792991688	0.9999782803584298	0.9794095427535402	1.0	0.9862745818087012
sub-083_ses-01_age-P36_rec-baseline_run-02_comp-001_ica-ini-0148	0.9963631554167922	0.9999954558244137	0.9849551825033139	1.0	0.9931306155185721
sub-083_ses-01_age-P36_rec-baseline_run-02_comp-001_ica-ini-0149	0.9816384300235728	0.9999764455110252	0.9794400856130778	1.0	0.9864265676840375
sub-083_ses-01_age-P36_rec-baseline_run-02_comp-001_ica-ini-0150	0.9900154709539367	0.9999735227214233	0.9900545668557005	1.0	0.9927462166644029
sub-083_ses-01_age-P36_rec-baseline_run-02_comp-001_ica-ini-0151	0.9995180071355674	0.9999794090929849	0.9793857722930157	1.0	0.9923690479527095
sub-083_ses-01_age-P36_rec-baseline_run-02_comp-001_ica-ini-0152	0.9990941222915706	0.9999913089416332	0.9794009483912786	1.0	0.9922326084019168
sub-083_ses-01_age-P36_rec-baseline_run-02_comp-001_ica-ini-0153	0.9951225341701109	0.999998417803542	0.9864970549028781	1.0	0.993232050399156
sub-083_ses-01_age-P36_rec-baseline_run-02_comp-001_ica-ini-0154	0.9946013616446108	0.9999940411059655	0.9911261171982845	1.0	0.9946507128872212
sub-083_ses-01_age-P36_rec-baseline_run-02_comp-001_ica-ini-0155	0.9996280487290706	0.9999978425685775	0.9873521529379813	1.0	0.995022430333873
sub-083_ses-01_age-P36_rec-baseline_run-02_comp-001_ica-ini-0156	0.9907503112388346	0.9999891032583689	0.9794140818449568	1.0	0.9894555402662792
sub-083_ses-01_age-P36_rec-baseline_run-02_comp-001_ica-ini-0157	0.9970488210745947	0.999999330528825	0.9868753804871553	1.0	0.9940015339758584
sub-083_ses-01_age-P36_rec-baseline_run-02_comp-001_ica-ini-0158	0.9995255502205762	0.9999891466866772	0.9804772252066569	1.0	0.9927218415147174
sub-083_ses-01_age-P36_rec-baseline_run-02_comp-001_ica-ini-0159	0.9964872467643009	0.9999952243042194	0.9811004720354314	1.0	0.9919101098906462
sub-083_ses-01_age-P36_rec-baseline_run-02_comp-001_ica-ini-0160	0.9985929432291286	0.9999984791406274	0.9820853943953504	1.0	0.9929313000378753
sub-083_ses-01_age-P36_rec-baseline_run-02_comp-001_ica-ini-0161	0.9980187027717544	0.9999425517126853	0.972841672919532	1.0	0.9898102695696668
sub-083_ses-01_age-P36_rec-baseline_run-02_comp-001_ica-ini-0162	0.9912412828272182	0.9999390731865268	0.9909517647669335	1.0	0.9934691808823176
sub-083_ses-01_age-P36_rec-baseline_run-02_comp-001_ica-ini-0163	0.9788285059288937	0.9999889911005242	0.9834494719300239	1.0	0.9867887883447453
sub-083_ses-01_age-P36_rec-baseline_run-02_comp-001_ica-ini-0164	0.995778231108876	0.9999962186678241	0.9886045853944014	0.975	0.9941659849040666
sub-083_ses-01_age-P36_rec-baseline_run-02_comp-001_ica-ini-0165	0.1040415934460668	1.5269578192382628e-15	0.0005744891237655115	0.15	0.05199722803103233
sub-083_ses-01_age-P36_rec-baseline_run-02_comp-001_ica-ini-0166	0.9977697680601697	0.999997738559073	0.9794587567329821	1.0	0.9918096558408038
sub-083_ses-01_age-P36_rec-baseline_run-02_comp-001_ica-ini-0167	0.9971611765617708	0.999990141798069	0.9794391965676993	1.0	0.9916005320170719
sub-083_ses-01_age-P36_rec-baseline_run-02_comp-001_ica-ini-0168	0.9987779650975732	0.999999115804295	0.9876163911145296	1.0	0.9948286905403115
sub-083_ses-01_age-P36_rec-baseline_run-02_comp-001_ica-ini-0169	0.9988349883445321	0.9999981402981808	0.9876579912588331	1.0	0.9948618281417684
sub-083_ses-01_age-P36_rec-baseline_run-02_comp-001_ica-ini-0170	0.9581255542392728	0.9998712360541512	0.979425804994259	1.0	0.9785843725003615
sub-083_ses-01_age-P36_rec-baseline_run-02_comp-001_ica-ini-0171	0.9965873211953034	0.9999799809741333	0.9794033598100348	1.0	0.9913977795771798
sub-083_ses-01_age-P36_rec-baseline_run-02_comp-001_ica-ini-0172	0.9942651163747029	0.999993899225612	0.9794365001696802	1.0	0.9906343157266292
sub-083_ses-01_age-P36_rec-baseline_run-02_comp-001_ica-ini-0173	0.99704457816249	0.9998827595208739	0.9089221706002271	0.95	0.9378417163495288
sub-083_ses-01_age-P36_rec-baseline_run-02_comp-001_ica-ini-0174	0.9948672924798053	0.9999849710279801	0.9794522319746277	0.975	0.9908400757347636
sub-083_ses-01_age-P36_rec-baseline_run-02_comp-001_ica-ini-0175	0.9984091901201172	0.9999990384238574	0.9869375671617235	1.0	0.9944759705026351
sub-083_ses-01_age-P36_rec-baseline_run-02_comp-001_ica-ini-0176	0.9969284269155545	0.9999978300438784	0.9866833479165903	1.0	0.9938966891832012
sub-083_ses-01_age-P36_rec-baseline_run-02_comp-001_ica-ini-0177	0.9959454096932283	0.9999883656725486	0.9793835999803483	1.0	0.9911774871691607
sub-083_ses-01_age-P36_rec-baseline_run-02_comp-001_ica-ini-0178	0.9993637694942389	0.999999276843369	0.9850562153548368	1.0	0.9941643679942126
sub-083_ses-01_age-P36_rec-baseline_run-02_comp-001_ica-ini-0179	0.9993305129480817	0.9999986668106159	0.9841550442077345	1.0	0.993854966977703
sub-083_ses-01_age-P36_rec-baseline_run-02_comp-001_ica-ini-0180	0.9985625990983514	0.9999985131931308	0.984160324063722	1.0	0.9936007375917733
sub-083_ses-01_age-P36_rec-baseline_run-02_comp-001_ica-ini-0181	0.9926827570593557	0.9999527434452377	0.9794190904033208	1.0	0.9901012915071092
sub-083_ses-01_age-P36_rec-baseline_run-02_comp-001_ica-ini-0182	0.9993712098237962	0.9999823648790384	0.9793766358156976	1.0	0.992317192617732
sub-083_ses-01_age-P36_rec-baseline_run-02_comp-001_ica-ini-0183	0.9989910430845602	0.9999970155069405	0.9853482358477157	1.0	0.9941372411022056
sub-083_ses-01_age-P36_rec-baseline_run-02_comp-001_ica-ini-0184	0.9955842573934287	0.9999971254037446	0.9847561645149923	1.0	0.9928049763246238
sub-083_ses-01_age-P36_rec-baseline_run-02_comp-001_ica-ini-0185	0.9987221112984663	0.9999976569970888	0.9815870367510351	1.0	0.9928125495942259
sub-083_ses-01_age-P36_rec-baseline_run-02_comp-001_ica-ini-0186	0.9992105519264911	0.9999992816047355	0.9859417986771375	1.0	0.99440851411571
sub-083_ses-01_age-P36_rec-baseline_run-02_comp-001_ica-ini-0187	0.9927957365540054	0.9999974650807935	0.9849383199812685	1.0	0.991935879303543
sub-083_ses-01_age-P36_rec-baseline_run-02_comp-001_ica-ini-0188	0.9997013757777199	0.9999972244482976	0.979456144426256	1.0	0.9924526890031555
sub-083_ses-01_age-P36_rec-baseline_run-02_comp-001_ica-ini-0189	0.9987478403821505	0.9999983498121248	0.9886150263710674	1.0	0.995159435366952
sub-083_ses-01_age-P36_rec-baseline_run-02_comp-001_ica-ini-0190	0.998686040464496	0.9999989015542632	0.987883322962579	1.0	0.9948888125956395
sub-083_ses-01_age-P36_rec-baseline_run-02_comp-001_ica-ini-0191	0.9960760061132156	0.999996516424401	0.9862734448499622	1.0	0.9934747791438802
sub-083_ses-01_age-P36_rec-baseline_run-02_comp-001_ica-ini-0192	0.9990770378401018	0.999998700741552	0.9794598261943824	1.0	0.9922457547221063
sub-083_ses-01_age-P36_rec-baseline_run-02_comp-001_ica-ini-0193	0.9990209714584921	0.9999989662558267	0.9771146477959667	1.0	0.9914812532290388
sub-083_ses-01_age-P36_rec-baseline_run-02_comp-001_ica-ini-0194	0.9993984572065997	0.9999981277906838	0.9865022809033213	1.0	0.9946591148698559
sub-083_ses-01_age-P36_rec-baseline_run-02_comp-001_ica-ini-0195	0.9994524858282557	0.999998695876966	0.9824949381896281	1.0	0.9933511782847414
sub-083_ses-01_age-P36_rec-baseline_run-02_comp-001_ica-ini-0196	0.01628548808489796	3.6534476829148e-37	0.0005745326817346798	0.125	0.056078569835970656
sub-083_ses-01_age-P36_rec-baseline_run-02_comp-001_ica-ini-0197	0.9985381110617709	0.9999993587296881	0.9850632105018141	1.0	0.9938914722258293
sub-083_ses-01_age-P36_rec-baseline_run-02_comp-001_ica-ini-0198	0.9921382701682752	0.9999957510079365	0.9793905044709129	1.0	0.9899106495850273
sub-083_ses-01_age-P36_rec-baseline_run-02_comp-001_ica-ini-0199	0.9989177789339405	0.999998653177179	0.9827277442202668	1.0	0.9932489159417254
sub-083_ses-01_age-P36_rec-baseline_run-02_comp-001_ica-ini-0200	0.9973549624775213	0.9999982865999868	0.9818093622656537	1.0	0.9924289538126013
sub-083_ses-01_age-P36_rec-baseline_run-02_comp-001_ica-ini-0201	0.9992568348175664	0.9999989484793947	0.9860126960854678	1.0	0.9944476688731969
sub-083_ses-01_age-P36_rec-baseline_run-02_comp-001_ica-ini-0202	0.9991929640474954	0.9999988197287986	0.9768704521008423	1.0	0.9914614498983907
sub-083_ses-01_age-P36_rec-baseline_run-02_comp-001_ica-ini-0203	0.027338882685421232	3.840212442180603e-38	0.0005735533742862824	0.075	0.05142872120473649
sub-083_ses-01_age-P36_rec-baseline_run-02_comp-001_ica-ini-0204	0.9984909738564104	0.999999292611452	0.9892286988814395	1.0	0.9952849629771524
sub-083_ses-01_age-P36_rec-baseline_run-02_comp-001_ica-ini-0205	0.8692255276836838	0.8322509917165936	0.9793957968859978	1.0	0.9489414286615405
sub-083_ses-01_age-P36_rec-baseline_run-02_comp-001_ica-ini-0206	0.9994316433297451	0.9999986972872564	0.9787176455155266	1.0	0.9921269086418691
sub-083_ses-01_age-P36_rec-baseline_run-02_comp-001_ica-ini-0208	0.999201733551973	0.9999991777589946	0.9910538078547213	1.0	0.9961586447538427
sub-083_ses-01_age-P36_rec-baseline_run-02_comp-001_ica-ini-0209	0.7803398696375197	0.00022438678075808896	0.0005746356580896672	0.375	0.3857634667421208
sub-083_ses-01_age-P36_rec-baseline_run-02_comp-001_ica-ini-0210	0.44864531579355743	0.00038847999158608766	0.9099141390706376	0.825	0.7219790722637365
sub-083_ses-01_age-P36_rec-baseline_run-02_comp-001_ica-ini-0211	0.9961332178886754	0.999998079356909	0.9842905602704655	1.0	0.9928339321752221
sub-083_ses-01_age-P36_rec-baseline_run-02_comp-001_ica-ini-0212	0.9967124711318427	0.999998610056451	0.9835853515411561	1.0	0.992794731129533
sub-083_ses-01_age-P36_rec-baseline_run-02_comp-001_ica-ini-0213	0.9953969431166251	0.9999979713693754	0.98836870725145	1.0	0.993958097205471
sub-083_ses-01_age-P36_rec-baseline_run-02_comp-001_ica-ini-0214	0.9995477344777344	0.9999988977006301	0.9862370782053087	1.0	0.9946198225156381
sub-083_ses-01_age-P36_rec-baseline_run-02_comp-001_ica-ini-0215	0.9979128563352868	0.999997994403103	0.9923272789069059	1.0	0.9961823246831102
sub-083_ses-01_age-P36_rec-baseline_run-02_comp-001_ica-ini-0216	0.9777155213899937	0.9959574473380469	0.979420881045069	0.975	0.9851127859295975
sub-083_ses-01_age-P36_rec-baseline_run-02_comp-001_ica-ini-0217	0.9336321998371446	0.9758278208927067	0.986713021619083	0.975	0.9728079394190153
sub-083_ses-01_age-P36_rec-baseline_run-02_comp-001_ica-ini-0218	0.9467262560752964	0.9752802215618994	0.9794309336280481	1.0	0.9747862476106463
sub-083_ses-01_age-P36_rec-baseline_run-02_comp-001_ica-ini-0219	0.32779199444561874	2.2295084814070578e-15	0.9032617136579897	0.325	0.5382192790111998
sub-083_ses-01_age-P36_rec-baseline_run-02_comp-001_ica-ini-0220	0.998936658067602	0.9999991591677359	0.984468689734874	1.0	0.9938272768765705
sub-083_ses-01_age-P36_rec-baseline_run-02_comp-001_ica-ini-0221	0.9987027362326132	0.9999994594735182	0.9870969168295749	1.0	0.9946276333991416
sub-083_ses-01_age-P36_rec-baseline_run-02_comp-001_ica-ini-0222	0.9950730147493156	0.9999956755908026	0.9867262771246601	1.0	0.9932926756839802
sub-083_ses-01_age-P36_rec-baseline_run-02_comp-001_ica-ini-0223	0.9992009653189243	0.9999987310839935	0.9743289681591717	1.0	0.9906667282244968
sub-083_ses-01_age-P36_rec-baseline_run-02_comp-001_ica-ini-0224	0.9988386957113407	0.9999986907474137	0.9815782327219365	1.0	0.9928485572140974
sub-083_ses-01_age-P36_rec-baseline_run-02_comp-001_ica-ini-0225	0.9970040516668389	0.9999923069308827	0.9794670262921606	1.0	0.9915570638225439
sub-083_ses-01_age-P36_rec-baseline_run-02_comp-001_ica-ini-0226	0.9108895991241018	0.993213793645612	0.9794403147398429	1.0	0.9545103640431144
sub-083_ses-01_age-P36_rec-baseline_run-02_comp-001_ica-ini-0227	0.9976581835363098	0.9999971270116468	0.9794457518073135	1.0	0.9917682988553794
sub-083_ses-01_age-P36_rec-baseline_run-02_comp-001_ica-ini-0229	0.8985811956286486	0.9900098118741696	0.9412949675181446	0.975	0.9306838865081405
sub-083_ses-01_age-P36_rec-baseline_run-02_comp-001_ica-ini-0230	0.9995208668536422	0.9999983768703828	0.9810217622436184	1.0	0.9928958855880071
sub-083_ses-01_age-P36_rec-baseline_run-02_comp-001_ica-ini-0231	0.9987798085528652	0.9999980555884566	0.9794645438025119	1.0	0.9921481882185642
sub-083_ses-01_age-P36_rec-baseline_run-02_comp-001_ica-ini-0232	0.995739768554004	0.9999930458389935	0.9940867386858793	1.0	0.9960994441379798
sub-083_ses-01_age-P36_rec-baseline_run-02_comp-001_ica-ini-0233	0.998648285564093	0.9999985394018251	0.9857211890828067	1.0	0.9941473503928518
sub-083_ses-01_age-P36_rec-baseline_run-02_comp-001_ica-ini-0234	0.9978272486032366	0.9999982072104382	0.9914725970439034	1.0	0.9958486609562976
sub-083_ses-01_age-P36_rec-baseline_run-02_comp-001_ica-ini-0235	0.9983292319225732	0.9999898532238342	0.9810562117380734	1.0	0.9925098029999774
sub-083_ses-01_age-P36_rec-baseline_run-02_comp-001_ica-ini-0236	0.990265361739834	0.9690120060829502	0.9794323945668767	0.875	0.9809664170085693
sub-083_ses-01_age-P36_rec-baseline_run-02_comp-001_ica-ini-0237	0.9599884769332766	0.999342771742155	0.9812359667727669	1.0	0.9797876603808029
sub-083_ses-01_age-P36_rec-baseline_run-02_comp-001_ica-ini-0238	0.9843952135729758	0.9998723561114895	0.9790036414044525	0.95	0.9872059950314624
sub-083_ses-01_age-P36_rec-baseline_run-02_comp-001_ica-ini-0239	0.9978083726324897	0.9999413908550784	0.9794120412553206	0.925	0.9918075744644718
sub-083_ses-01_age-P36_rec-baseline_run-02_comp-001_ica-ini-0240	0.9956625023360081	0.9999933564364598	0.9794314120069808	1.0	0.9910984827814344
sub-083_ses-01_age-P36_rec-baseline_run-02_comp-001_ica-ini-0242	0.9960950225849418	0.9999991328455827	0.9955510796270939	1.0	0.9967690635560983
sub-083_ses-01_age-P36_rec-baseline_run-02_comp-001_ica-ini-0309	0.9960950225849418	0.9999991328455827	0.9955510796270939	1.0	0.9967690635560983
sub-100_ses-01_age-P31_rec-baseline_run-01_comp-001_ica-filt-0000	0.9997143320973386	0.9999472998772663	0.9832810182026798	1.0	0.9936954719074195
sub-100_ses-01_age-P31_rec-baseline_run-01_comp-001_ica-filt-0001	0.9974463438429856	0.9999478519436651	0.9658776412262989	1.0	0.9874903778788521
sub-100_ses-01_age-P31_rec-baseline_run-01_comp-001_ica-filt-0002	0.9994796320630777	0.9999970027405473	0.9831433721293001	1.0	0.9935721343956526
sub-100_ses-01_age-P31_rec-baseline_run-01_comp-001_ica-filt-0003	0.9962401037185017	0.9999929434336486	0.9531260752047759	0.975	0.974975814678895
sub-100_ses-01_age-P31_rec-baseline_run-01_comp-001_ica-filt-0004	0.9977101987976513	0.9999123908076388	0.9756737337400929	1.0	0.9905905283153378
sub-100_ses-01_age-P31_rec-baseline_run-01_comp-001_ica-filt-0005	0.999423775203653	0.9997223796588913	0.9816142488572542	1.0	0.9930552594518857
sub-100_ses-01_age-P31_rec-baseline_run-01_comp-001_ica-filt-0006	0.9960950225849418	0.9999991328455827	0.9955510796270939	1.0	0.9967690635560983
sub-100_ses-01_age-P31_rec-baseline_run-01_comp-001_ica-filt-0007	0.9975429787028028	0.99999572478676	0.9842476449247806	1.0	0.9932896823685192
sub-100_ses-01_age-P31_rec-baseline_run-01_comp-001_ica-filt-0008	0.9994945567877115	0.9999722916806236	0.9869221589034793	1.0	0.9948325599518695
sub-100_ses-01_age-P31_rec-baseline_run-01_comp-001_ica-filt-0009	0.9996928228707092	0.9999957676855525	0.9868368573095491	1.0	0.9948698770432235
sub-100_ses-01_age-P31_rec-baseline_run-01_comp-001_ica-filt-0010	0.9996261168870278	0.9999884766711143	0.9881934433727403	1.0	0.9953079162470967
sub-100_ses-01_age-P31_rec-baseline_run-01_comp-001_ica-filt-0011	0.9760453256685827	0.8711753495883338	0.9794258275749821	1.0	0.9595576368692011
sub-100_ses-01_age-P31_rec-baseline_run-01_comp-001_ica-filt-0012	0.9969557247919822	0.99919256828584	0.9794576943295383	1.0	0.983204634724414
sub-100_ses-01_age-P31_rec-baseline_run-01_comp-001_ica-filt-0013	0.9996599650675176	0.9999842807861005	0.9827596458324362	1.0	0.9935067313005131
sub-100_ses-01_age-P31_rec-baseline_run-01_comp-001_ica-filt-0014	0.9994278919088629	0.9999845490930059	0.9866669016176053	1.0	0.9947243070299475
sub-100_ses-01_age-P31_rec-baseline_run-01_comp-001_ica-filt-0015	0.9979848479906369	0.9999822956169063	0.9794272034606599	1.0	0.9918712512559255
sub-100_ses-01_age-P31_rec-baseline_run-01_comp-001_ica-filt-0016	0.9046853912950072	1.147072629963011e-13	0.9032716986942074	0.5	0.7555197842331531
sub-100_ses-01_age-P31_rec-baseline_run-01_comp-001_ica-filt-0017	0.999906780365153	0.9359716148310571	0.9793697018438656	1.0	0.9924934979492633
sub-100_ses-01_age-P31_rec-baseline_run-01_comp-001_ica-filt-0018	0.9960950225849418	0.9999991328455827	0.9955510796270939	1.0	0.9967690635560983
sub-100_ses-01_age-P31_rec-baseline_run-01_comp-001_ica-filt-0019	0.9301315285400709	0.34641602013478867	0.9525872230492363	0.95	0.9444493225595104
sub-100_ses-01_age-P31_rec-baseline_run-01_comp-001_ica-filt-0020	0.9995656880832924	0.99999465575991	0.986868158208317	1.0	0.9948380537929763
sub-100_ses-01_age-P31_rec-baseline_run-01_comp-001_ica-filt-0021	0.9996531581486339	0.9999911804566279	0.9774725606907936	1.0	0.9918052089487919
sub-100_ses-01_age-P31_rec-baseline_run-01_comp-001_ica-filt-0022	0.9978387129089217	0.9999988046682414	0.9821484497611087	1.0	0.9927003999077565
sub-100_ses-01_age-P31_rec-baseline_run-01_comp-001_ica-filt-0023	0.9994951997972739	0.9999680158292311	0.9794069488905853	1.0	0.9840348874677494
sub-100_ses-01_age-P31_rec-baseline_run-01_comp-001_ica-filt-0024	0.9926291389065193	0.9999978760526457	0.9875189472304904	1.0	0.9927460059450962
sub-100_ses-01_age-P31_rec-baseline_run-01_comp-001_ica-filt-0025	0.9985297704530042	0.9999977440136558	0.9928847045426288	1.0	0.9965891095006724
sub-100_ses-01_age-P31_rec-baseline_run-01_comp-001_ica-filt-0026	0.9936266979203664	0.9999961477900392	0.9794530159174434	1.0	0.9904267951114109
sub-100_ses-01_age-P31_rec-baseline_run-01_comp-001_ica-filt-0027	0.9992726224222884	0.9999975970282822	0.9907619110762108	1.0	0.9960794784155903
sub-100_ses-01_age-P31_rec-baseline_run-01_comp-001_ica-filt-0028	0.9992914275118173	0.9999976246392869	0.987621553662647	1.0	0.9950015978793351
sub-100_ses-01_age-P31_rec-baseline_run-01_comp-001_ica-filt-0029	0.9979958372324346	0.9999979486811065	0.9845093978186116	1.0	0.9935271333981394
sub-100_ses-01_age-P31_rec-baseline_run-01_comp-001_ica-filt-0030	0.9960950225849418	0.9999991328455827	0.9955510796270939	1.0	0.9967690635560983
sub-100_ses-01_age-P31_rec-baseline_run-01_comp-001_ica-filt-0031	0.9997279332988172	0.999986805701632	0.9830760141421944	1.0	0.9936328451832317
sub-100_ses-01_age-P31_rec-baseline_run-01_comp-001_ica-filt-0032	0.999497284399073	0.9999822059885315	0.9793926398027823	1.0	0.9923643374936617
sub-100_ses-01_age-P31_rec-baseline_run-01_comp-001_ica-filt-0033	0.9989766440245432	0.9999966435616178	0.9796393384298565	1.0	0.9922697736436522
sub-100_ses-01_age-P31_rec-baseline_run-01_comp-001_ica-filt-0034	0.9877202544329067	0.999994417077686	0.9893427918170138	1.0	0.9917341336946731
sub-100_ses-01_age-P31_rec-baseline_run-01_comp-001_ica-filt-0035	0.9846562605155287	0.99984723640718	0.24425528442666625	0.95	0.7692407704558835
sub-100_ses-01_age-P31_rec-baseline_run-01_comp-001_ica-filt-0036	0.9986004205955447	0.9999993595749102	0.9881620895117964	1.0	0.9949553117388353
sub-100_ses-01_age-P31_rec-baseline_run-01_comp-001_ica-filt-0037	0.9929070939904452	0.9999961852894615	0.9898292303221887	1.0	0.9936316730008602
sub-100_ses-01_age-P31_rec-baseline_run-01_comp-001_ica-filt-0038	0.9994574314572885	0.999968546383756	0.9794385483039683	1.0	0.9923657428585893
sub-100_ses-01_age-P31_rec-baseline_run-01_comp-001_ica-filt-0039	0.9931939715106066	0.9999906951465423	0.9794482801031691	1.0	0.9902810373212311
sub-100_ses-01_age-P31_rec-baseline_run-01_comp-001_ica-filt-0040	0.9996620724001147	0.9999947949740802	0.9859411998248742	1.0	0.9945588205832009
sub-100_ses-01_age-P31_rec-baseline_run-01_comp-001_ica-filt-0041	0.9967217321670085	0.9999958943410009	0.9831772092878847	1.0	0.9926639182561813
sub-100_ses-01_age-P31_rec-baseline_run-01_comp-001_ica-filt-0042	0.9960950225849418	0.9999991328455827	0.9955510796270939	1.0	0.9967690635560983
sub-100_ses-01_age-P31_rec-baseline_run-01_comp-001_ica-filt-0043	0.9970429401527728	0.9999968703141527	0.9796012753337829	1.0	0.9916130121868129
sub-100_ses-01_age-P31_rec-baseline_run-01_comp-001_ica-filt-0044	0.9961802933496452	0.9999967493006785	0.9802710972519328	0.975	0.991540432355177
sub-100_ses-01_age-P31_rec-baseline_run-01_comp-001_ica-filt-0045	0.998831915343623	0.9999451280048641	0.9747536740908147	0.975	0.9906763037128391
sub-100_ses-01_age-P31_rec-baseline_run-01_comp-001_ica-filt-0046	0.965045197435827	0.9221403615904772	0.9794262220243808	0.975	0.9725577203472472
sub-100_ses-01_age-P31_rec-baseline_run-01_comp-001_ica-filt-0047	0.9960873252132161	0.9999404940356931	0.9849314130243144	1.0	0.9930307833479487
sub-100_ses-01_age-P31_rec-baseline_run-01_comp-001_ica-filt-0048	0.9293086900025431	0.9995928350503859	0.0005734443003893495	0.225	0.45208521446243016
sub-100_ses-01_age-P31_rec-baseline_run-01_comp-001_ica-filt-0049	0.998528735489397	0.9999985138432533	0.9867302511785052	1.0	0.9944459212126588
sub-100_ses-01_age-P31_rec-baseline_run-01_comp-001_ica-filt-0050	0.9992530207526971	0.9999985970015147	0.9889100585173906	1.0	0.9954291705033108
sub-100_ses-01_age-P31_rec-baseline_run-01_comp-001_ica-filt-0051	0.9960056466988185	0.9999961141411392	0.9232185878533192	0.925	0.9664214372500085
sub-100_ses-01_age-P31_rec-baseline_run-01_comp-001_ica-filt-0052	0.9990392404476357	0.999998702723905	0.9859262835507143	1.0	0.9943462197413627
sub-100_ses-01_age-P31_rec-baseline_run-01_comp-001_ica-filt-0053	0.9987316051145261	0.9999985140876033	0.987392211430686	1.0	0.9947371881339223
sub-100_ses-01_age-P31_rec-baseline_run-01_comp-001_ica-filt-0054	0.9960950225849418	0.9999991328455827	0.9955510796270939	1.0	0.9967690635560983
sub-100_ses-01_age-P31_rec-baseline_run-01_comp-001_ica-filt-0055	0.993903766376384	0.9814366837830877	0.9794581769172789	1.0	0.9905208030400016
sub-100_ses-01_age-P31_rec-baseline_run-01_comp-001_ica-filt-0056	0.9987222467411496	0.9999424038655372	0.9794263043167917	1.0	0.9921167631156468
sub-100_ses-01_age-P31_rec-baseline_run-01_comp-001_ica-filt-0057	0.9997067803092144	0.9999960847634896	0.9731884863554523	0.975	0.9904805134829724
sub-100_ses-01_age-P31_rec-baseline_run-01_comp-001_ica-filt-0058	0.9993482672423851	0.9999972381283408	0.9822284548441993	1.0	0.9932296200763089
sub-100_ses-01_age-P31_rec-baseline_run-01_comp-001_ica-filt-0059	0.005444417302014607	4.975063511095383e-49	0.9032616775054887	0.1	0.3557700768315301
sub-100_ses-01_age-P31_rec-baseline_run-01_comp-001_ica-filt-0060	0.9989271487364129	0.9999977301411644	0.9873438685198914	1.0	0.9947859907653539
sub-100_ses-01_age-P31_rec-baseline_run-01_comp-001_ica-filt-0061	0.9964236330403682	0.9999961060832393	0.978346400315161	1.0	0.9910060272663265
sub-100_ses-01_age-P31_rec-baseline_run-01_comp-001_ica-filt-0062	0.9998081412154272	0.9901185645259157	0.9794134936948888	1.0	0.9924746287323915
sub-100_ses-01_age-P31_rec-baseline_run-01_comp-001_ica-filt-0063	0.05492707877769744	1.6781437582919712e-23	0.0005745191090925611	0.05	0.0772924198170336
sub-100_ses-01_age-P31_rec-baseline_run-01_comp-001_ica-filt-0064	0.997837142455955	0.9999965402905872	0.9813720001539944	1.0	0.9924479006203887
sub-100_ses-01_age-P31_rec-baseline_run-01_comp-001_ica-filt-0065	0.9992745883981385	0.9999954688133993	0.9808192044045305	1.0	0.9927484030949679
sub-100_ses-01_age-P31_rec-baseline_run-01_comp-001_ica-filt-0066	0.9960950225849418	0.9999991328455827	0.9955510796270939	1.0	0.9967690635560983
sub-100_ses-01_age-P31_rec-baseline_run-01_comp-001_ica-filt-0067	0.9990097405964294	0.9999991094231775	0.9794223910160577	1.0	0.9922113421713571
sub-100_ses-01_age-P31_rec-baseline_run-01_comp-001_ica-filt-0068	0.9974960377022938	0.9999979357302909	0.9851466899225246	1.0	0.9935718552328066
sub-100_ses-01_age-P31_rec-baseline_run-01_comp-001_ica-filt-0069	0.9868703075993792	0.9986091601073109	0.9880747776012138	1.0	0.9910154790469031
sub-100_ses-01_age-P31_rec-baseline_run-01_comp-001_ica-filt-0070	0.9991806836295675	0.9999292761480532	0.9794260741733046	1.0	0.9922695017666826
sub-100_ses-01_age-P31_rec-baseline_run-01_comp-001_ica-filt-0071	0.00926969442243239	2.80864072196882e-84	0.0005743504509722195	0.275	0.10373978957282577
sub-100_ses-01_age-P31_rec-baseline_run-01_comp-001_ica-filt-0072	0.9988663091816332	0.999997107649738	0.989352046479357	0.975	0.9954526842373754
sub-100_ses-01_age-P31_rec-baseline_run-01_comp-001_ica-filt-0073	0.9994985207392537	0.9999974440182003	0.9864328122430451	1.0	0.9946691230495966
sub-100_ses-01_age-P31_rec-baseline_run-01_comp-001_ica-filt-0074	0.9994299583670683	0.9999983247664249	0.9890888295990462	1.0	0.9955497104166208
sub-100_ses-01_age-P31_rec-baseline_run-01_comp-001_ica-filt-0075	0.9987960923311814	0.9999984948064777	0.9875433451873992	1.0	0.994809935749409
sub-100_ses-01_age-P31_rec-baseline_run-01_comp-001_ica-filt-0076	0.9989644477940195	0.9999988823249535	0.9852004994887261	1.0	0.9940792162461296
sub-100_ses-01_age-P31_rec-baseline_run-01_comp-001_ica-filt-0077	0.9606390912342363	0.00015298010578385248	0.979411954716439	0.925	0.929417786308472
sub-100_ses-01_age-P31_rec-baseline_run-01_comp-001_ica-filt-0078	0.9960950225849418	0.9999991328455827	0.9955510796270939	1.0	0.9967690635560983
sub-100_ses-01_age-P31_rec-baseline_run-01_comp-001_ica-filt-0079	0.9987286840235586	0.999999363363161	0.9869755873965765	1.0	0.9945953012942802
sub-100_ses-01_age-P31_rec-baseline_run-01_comp-001_ica-filt-0080	0.998804187499664	0.9999927289587893	0.9468146731205357	1.0	0.982336954309079
sub-100_ses-01_age-P31_rec-baseline_run-01_comp-001_ica-filt-0081	0.043370999158646964	1.6529357776114075e-19	0.9031989938989998	0.225	0.39339528203298774
sub-100_ses-01_age-P31_rec-baseline_run-01_comp-001_ica-filt-0082	0.9918727281051992	0.999938047485489	0.995713352477068	1.0	0.9954239247572042
sub-100_ses-01_age-P31_rec-baseline_run-01_comp-001_ica-filt-0083	0.9486429118080804	0.998129618386008	0.9794350962148296	1.0	0.9754264649194074
sub-100_ses-01_age-P31_rec-baseline_run-01_comp-001_ica-filt-0084	0.9904439726206671	0.9681131370047776	0.9794284043466107	0.975	0.9643580104153765
sub-100_ses-01_age-P31_rec-baseline_run-01_comp-001_ica-filt-0085	0.9871659839554607	0.9997786258127843	0.9963780016433214	0.95	0.9774465191375646
sub-100_ses-01_age-P31_rec-baseline_run-01_comp-001_ica-filt-0086	0.9889118685705849	0.9988310010944434	0.9806096856583449	0.95	0.9808932776863003
sub-100_ses-01_age-P31_rec-baseline_run-01_comp-001_ica-filt-0087	0.9967132820365591	0.9999542704340573	0.9794654604056381	1.0	0.9914596394206715
sub-100_ses-01_age-P31_rec-baseline_run-01_comp-001_ica-filt-0088	0.9504053012491214	0.9274743711486604	0.9794050704769756	1.0	0.9676709869345245
sub-100_ses-01_age-P31_rec-baseline_run-01_comp-001_ica-filt-0089	0.906574437031686	0.08816740812343098	0.9794103268139066	0.925	0.9197290473622001
sub-100_ses-01_age-P31_rec-baseline_run-01_comp-001_ica-filt-0090	0.9960950225849418	0.9999991328455827	0.9955510796270939	1.0	0.9967690635560983
sub-100_ses-01_age-P31_rec-baseline_run-01_comp-001_ica-filt-0091	0.9294480685010768	0.002511571053400911	0.9794230113705278	0.975	0.9440243166468988
sub-100_ses-01_age-P31_rec-baseline_run-01_comp-001_ica-filt-0092	0.998634351990403	0.999995829313573	0.978323896194604	1.0	0.9917357754631198
sub-100_ses-01_age-P31_rec-baseline_run-01_comp-001_ica-filt-0093	0.9692458351468941	0.005308525280670478	0.9794260586916643	0.925	0.9572912139850579
sub-100_ses-01_age-P31_rec-baseline_run-01_comp-001_ica-filt-0094	0.9963754833565548	0.9999510403624249	0.9794581447489312	1.0	0.9913446984044382
sub-100_ses-01_age-P31_rec-baseline_run-01_comp-001_ica-filt-0095	0.9687229014632938	0.9387100543679008	0.9794660758787095	1.0	0.940463042889588
sub-100_ses-01_age-P31_rec-baseline_run-01_comp-001_ica-filt-0096	0.9950005727451516	0.9997239032936072	0.9289675159626087	0.95	0.9760177948468657
sub-100_ses-01_age-P31_rec-baseline_run-01_comp-001_ica-filt-0097	0.9981497550852862	0.9999949576483786	0.9813125284308187	1.0	0.9925328560573407
sub-100_ses-01_age-P31_rec-baseline_run-01_comp-001_ica-filt-0098	0.2201228772900648	6.704259050280984e-07	0.0005746354320718398	0.2	0.12402446906678026
sub-100_ses-01_age-P31_rec-baseline_run-01_comp-001_ica-filt-0099	0.9987673260896759	0.9999974401288538	0.9908365315002021	1.0	0.9959372881854888
sub-100_ses-01_age-P31_rec-baseline_run-01_comp-001_ica-filt-0100	0.31756638341414223	2.930659478879932e-06	0.776616893396326	0.275	0.5265094127628578
sub-100_ses-01_age-P31_rec-baseline_run-01_comp-001_ica-filt-0101	0.9987134182204989	0.9999779874816195	0.9794299363469232	1.0	0.9921149825249445
sub-100_ses-01_age-P31_rec-baseline_run-01_comp-001_ica-filt-0102	0.9960950225849418	0.9999991328455827	0.9955510796270939	1.0	0.9967690635560983
sub-100_ses-01_age-P31_rec-baseline_run-01_comp-001_ica-filt-0103	0.9977793881692518	0.9996183493793759	0.9794087157271824	0.95	0.925130182247892
sub-100_ses-01_age-P31_rec-baseline_run-01_comp-001_ica-filt-0104	0.9861325144090729	0.9999212973312064	0.996985925979894	1.0	0.9940097520195321
sub-100_ses-01_age-P31_rec-baseline_run-01_comp-001_ica-filt-0105	0.9911282582185494	0.9998206610269951	0.9830597181539805	1.0	0.9740942855993175
sub-100_ses-01_age-P31_rec-baseline_run-01_comp-001_ica-filt-0106	0.8134235243683807	0.014973582197872204	0.9794245665972233	0.725	0.8803499662629655
sub-100_ses-01_age-P31_rec-baseline_run-01_comp-001_ica-filt-0115	0.9960950225849418	0.9999991328455827	0.9955510796270939	1.0	0.9967690635560983
sub-103_ses-01_age-P37_rec-baseline_run-02_comp-001_ica-filt-0000	0.9903179964799559	0.9998197867137613	0.982858438564166	1.0	0.9904250246356655
sub-103_ses-01_age-P37_rec-baseline_run-02_comp-001_ica-filt-0001	0.9975493317397817	0.9999992128685599	0.983674391813263	1.0	0.9931029477418837
sub-103_ses-01_age-P37_rec-baseline_run-02_comp-001_ica-filt-0002	0.9784172572718232	0.7039442448367157	0.9793818557355642	0.975	0.9853342116801903
sub-103_ses-01_age-P37_rec-baseline_run-02_comp-001_ica-filt-0003	0.9965833602488666	0.9999986336613089	0.9832186173931111	1.0	0.9926313616274115
sub-103_ses-01_age-P37_rec-baseline_run-02_comp-001_ica-filt-0004	0.9981032326133753	0.9999970479966309	0.9794351450582172	1.0	0.9919132541516734
sub-103_ses-01_age-P37_rec-baseline_run-02_comp-001_ica-filt-0005	0.9969404028714249	0.9999761821383253	0.9849758004440164	1.0	0.9933298753369263
sub-103_ses-01_age-P37_rec-baseline_run-02_comp-001_ica-filt-0006	0.9965611530519675	0.9999975966281498	0.9889270865760597	1.0	0.9945377399069927
sub-103_ses-01_age-P37_rec-baseline_run-02_comp-001_ica-filt-0007	0.9982123587966031	0.9999962447602193	0.9777375414731788	1.0	0.9914089042313358
sub-103_ses-01_age-P37_rec-baseline_run-02_comp-001_ica-filt-0008	0.9934136406833197	0.9974998300005262	0.9794488210381538	1.0	0.9903544334979891
sub-103_ses-01_age-P37_rec-baseline_run-02_comp-001_ica-filt-0009	0.9974347703777462	0.9999960509244404	0.9850265247073137	1.0	0.9935115068087189
sub-103_ses-01_age-P37_rec-baseline_run-02_comp-001_ica-filt-0010	0.9969836554622481	0.9999975684011956	0.9864911310657508	1.0	0.9938504328804988
sub-103_ses-01_age-P37_rec-baseline_run-02_comp-001_ica-filt-0011	0.9879084220069507	0.999988168710063	0.9779254386479622	0.95	0.9880338658709923
sub-103_ses-01_age-P37_rec-baseline_run-02_comp-001_ica-filt-0012	0.185877155625225	4.267971216502326e-22	0.9032616796125269	0.4	0.4659143235103407
sub-103_ses-01_age-P37_rec-baseline_run-02_comp-001_ica-filt-0013	0.9958378153756284	0.9999733176676561	0.9794808727408565	1.0	0.9911727504050981
sub-103_ses-01_age-P37_rec-baseline_run-02_comp-001_ica-filt-0014	0.9855006046852135	0.9963259651190876	0.9794300833747729	1.0	0.9877107583959254
sub-103_ses-01_age-P37_rec-baseline_run-02_comp-001_ica-filt-0015	0.9653594727017627	2.785678969759969e-06	0.9445616526632266	0.85	0.9538756487117119
sub-103_ses-01_age-P37_rec-baseline_run-02_comp-001_ica-filt-0016	0.9980349198039166	0.9999984871156191	0.9849393912205008	1.0	0.9936826292377271
sub-103_ses-01_age-P37_rec-baseline_run-02_comp-001_ica-filt-0017	0.9066846644523857	9.88086639598299e-10	0.9035225051804284	0.625	0.8979208601365848
sub-103_ses-01_age-P37_rec-baseline_run-02_comp-001_ica-filt-0018	0.9984262034108031	0.999999131154337	0.9864434204367919	1.0	0.9943152481255705
sub-103_ses-01_age-P37_rec-baseline_run-02_comp-001_ica-filt-0019	0.995980029842322	0.9999989024013411	0.9896386060958011	1.0	0.9945898066172957
sub-103_ses-01_age-P37_rec-baseline_run-02_comp-001_ica-filt-0020	0.996638134067066	0.9999988778419295	0.9896242103011813	1.0	0.9948041828050845
sub-103_ses-01_age-P37_rec-baseline_run-02_comp-001_ica-filt-0021	0.9967343537133283	0.9999974390165358	0.9916765957290852	1.0	0.9955568507172069
sub-103_ses-01_age-P37_rec-baseline_run-02_comp-001_ica-filt-0022	0.9979586082660911	0.9999728858729664	0.9776399551956946	1.0	0.9912933861536577
sub-103_ses-01_age-P37_rec-baseline_run-02_comp-001_ica-filt-0023	0.9903676197230825	0.9999621805677554	0.9794230483632259	1.0	0.9893308455582219
sub-103_ses-01_age-P37_rec-baseline_run-02_comp-001_ica-filt-0024	0.997296562194199	0.9999989257786958	0.9794062810248833	1.0	0.9916351279090331
sub-103_ses-01_age-P37_rec-baseline_run-02_comp-001_ica-filt-0025	0.9951793758399443	0.9999953973842018	0.9882431816881879	1.0	0.9938426591932509
sub-103_ses-01_age-P37_rec-baseline_run-02_comp-001_ica-filt-0026	0.9980869581362559	0.9999992293244947	0.9894298827779999	1.0	0.995219818372262
sub-103_ses-01_age-P37_rec-baseline_run-02_comp-001_ica-filt-0027	0.9934456922087456	0.9976920020372521	0.9794302620712372	0.95	0.9903591780872955
sub-103_ses-01_age-P37_rec-baseline_run-02_comp-001_ica-filt-0028	0.9967417029539697	0.9999981574289402	0.9833350151324589	0.975	0.9927223012096767
sub-103_ses-01_age-P37_rec-baseline_run-02_comp-001_ica-filt-0029	0.9504716590963715	4.6439643821478815e-11	0.9794246638475375	0.9	0.9510327089584428
sub-103_ses-01_age-P37_rec-baseline_run-02_comp-001_ica-filt-0030	0.07353132537487939	5.798764612624458e-10	0.0005754293809614985	0.05	0.050161412914158175
sub-103_ses-01_age-P37_rec-baseline_run-02_comp-001_ica-filt-0031	0.9973235404813087	0.9999982482538985	0.9881580494365254	1.0	0.9945283057971167
sub-103_ses-01_age-P37_rec-baseline_run-02_comp-001_ica-filt-0032	0.9978854912175265	0.9999995631477421	0.991257560325118	1.0	0.9957918854931029
sub-103_ses-01_age-P37_rec-baseline_run-02_comp-001_ica-filt-0033	0.9990396216606949	0.9999996141912105	0.9910335146700812	1.0	0.9960974482675494
sub-103_ses-01_age-P37_rec-baseline_run-02_comp-001_ica-filt-0034	0.9975062425517791	0.9999978721439158	0.9869894240564913	1.0	0.9941924921301849
sub-103_ses-01_age-P37_rec-baseline_run-02_comp-001_ica-filt-0035	0.9965578648758403	0.9999368945898598	0.9794249126004163	1.0	0.9913948571510117
sub-103_ses-01_age-P37_rec-baseline_run-02_comp-001_ica-filt-0036	0.9987766316727676	0.9999992846510982	0.9794031854197938	1.0	0.9921274939392998
sub-103_ses-01_age-P37_rec-baseline_run-02_comp-001_ica-filt-0037	0.9943866887643907	0.9994083191893012	0.9794062252772285	1.0	0.9906651522620541
sub-103_ses-01_age-P37_rec-baseline_run-02_comp-001_ica-filt-0038	0.9957521153310406	0.9996428996662612	0.966236184458133	1.0	0.987033955275015
sub-103_ses-01_age-P37_rec-baseline_run-02_comp-001_ica-filt-0039	0.20683094933963528	2.6884182319769795e-05	0.0005744908817836963	0.275	0.144593681754954
sub-103_ses-01_age-P37_rec-baseline_run-02_comp-001_ica-filt-0040	0.9947359167215284	0.9999974868891903	0.9846109103530898	1.0	0.9924740847670376
sub-103_ses-01_age-P37_rec-baseline_run-02_comp-001_ica-filt-0041	0.9975859168503013	0.9999983079539356	0.9883795952297978	1.0	0.994691480136901
sub-103_ses-01_age-P37_rec-baseline_run-02_comp-001_ica-filt-0042	0.9914675019642686	0.9999965310256411	0.9892535958833483	1.0	0.9929524015133833
sub-103_ses-01_age-P37_rec-baseline_run-02_comp-001_ica-filt-0043	0.9976818673618906	0.9999988728964617	0.9870947954576962	1.0	0.9942866268533188
sub-103_ses-01_age-P37_rec-baseline_run-02_comp-001_ica-filt-0044	0.9990689181643031	0.9999995956757514	0.9871552872464461	1.0	0.9947694258951733
sub-103_ses-01_age-P37_rec-baseline_run-02_comp-001_ica-filt-0045	0.9907344844199858	0.9999927234908794	0.9840896714868829	1.0	0.990968062398077
sub-103_ses-01_age-P37_rec-baseline_run-02_comp-001_ica-filt-0046	0.9916673095768367	0.9568851502611719	0.9793908157551202	0.975	0.9897537623110697
sub-103_ses-01_age-P37_rec-baseline_run-02_comp-001_ica-filt-0047	0.9804059093329742	0.2956416635202669	0.9794277040860624	1.0	0.9776784319028784
sub-103_ses-01_age-P37_rec-baseline_run-02_comp-001_ica-filt-0048	0.998296649823079	0.9999781600709892	0.9807147241812973	1.0	0.9923887268103178
sub-103_ses-01_age-P37_rec-baseline_run-02_comp-001_ica-filt-0049	0.997786980037284	0.9999991042749039	0.9873745994250728	1.0	0.9944163453082804
sub-103_ses-01_age-P37_rec-baseline_run-02_comp-001_ica-filt-0050	0.9970062304212773	0.9999991246128306	0.9869606769619027	1.0	0.9940161169078853
sub-103_ses-01_age-P37_rec-baseline_run-02_comp-001_ica-filt-0051	0.9815949002677474	0.9998961624904539	0.9794673698225693	0.975	0.9780874566435528
sub-103_ses-01_age-P37_rec-baseline_run-02_comp-001_ica-filt-0052	0.9991064721649442	0.9999995514716737	0.9872288443846393	1.0	0.9948068245659596
sub-103_ses-01_age-P37_rec-baseline_run-02_comp-001_ica-filt-0053	0.9974982843670153	0.999997763189033	0.9847730867855917	1.0	0.9934485938259074
sub-103_ses-01_age-P37_rec-baseline_run-02_comp-001_ica-filt-0054	0.9983377613330459	0.9999988798763265	0.9799728870306462	1.0	0.9921637790590351
sub-103_ses-01_age-P37_rec-baseline_run-02_comp-001_ica-filt-0055	0.9988815795006921	0.9999992987078813	0.981137718536821	1.0	0.9927202593879545
sub-103_ses-01_age-P37_rec-baseline_run-02_comp-001_ica-filt-0056	0.9909355238272447	0.9999953304734043	0.9868769752735549	1.0	0.9919643061203519
sub-103_ses-01_age-P37_rec-baseline_run-02_comp-001_ica-filt-0057	0.8562271494433095	0.010015158068397274	0.9794417061189498	0.825	0.9279566594232508
sub-103_ses-01_age-P37_rec-baseline_run-02_comp-001_ica-filt-0058	0.9886571371168655	0.9995905193595581	0.9875293777051581	0.975	0.9914255443619857
sub-103_ses-01_age-P37_rec-baseline_run-02_comp-001_ica-filt-0059	0.9958703218528789	0.99998760260987	0.9793753183454349	1.0	0.9911498084944611
sub-103_ses-01_age-P37_rec-baseline_run-02_comp-001_ica-filt-0060	0.9974663893594298	0.9999990045245343	0.9863665496423569	1.0	0.993969490131717
sub-103_ses-01_age-P37_rec-baseline_run-02_comp-001_ica-filt-0061	0.9913141062344546	0.8977622859868696	0.960088597809794	1.0	0.9753807523922885
sub-103_ses-01_age-P37_rec-baseline_run-02_comp-001_ica-filt-0062	0.9986890388693515	0.9999996326017353	0.9912995489423506	1.0	0.9960745942002426
sub-103_ses-01_age-P37_rec-baseline_run-02_comp-001_ica-filt-0063	0.9972283119926507	0.9999988873814596	0.9866830031173924	1.0	0.9939965347800995
sub-103_ses-01_age-P37_rec-baseline_run-02_comp-001_ica-filt-0064	0.9995399610424045	0.9999975053729363	0.9880763735407928	1.0	0.9952392412419458
sub-103_ses-01_age-P37_rec-baseline_run-02_comp-001_ica-filt-0065	0.9985110803368556	0.9999992197100632	0.9868198319858328	1.0	0.9944702229746581
sub-103_ses-01_age-P37_rec-baseline_run-02_comp-001_ica-filt-0066	0.9992642127514848	0.9999994342921534	0.9835806597020449	1.0	0.9936437702132421
sub-103_ses-01_age-P37_rec-baseline_run-02_comp-001_ica-filt-0067	0.9975881162114498	0.9999970873226971	0.982272157676581	1.0	0.992657130697812
sub-103_ses-01_age-P37_rec-baseline_run-02_comp-001_ica-filt-0068	0.9921247905619894	0.9999954070619342	0.9865301056296759	1.0	0.9922439143316927
sub-103_ses-01_age-P37_rec-baseline_run-02_comp-001_ica-filt-0069	0.966531238562773	0.9997475250913015	0.9794609258699902	1.0	0.9813975069234013
sub-103_ses-01_age-P37_rec-baseline_run-02_comp-001_ica-filt-0070	0.9990564436859783	0.9999990611495913	0.9851476414350153	1.0	0.9940923068601571
sub-103_ses-01_age-P37_rec-baseline_run-02_comp-001_ica-filt-0071	0.9953094882729429	0.9994290957538947	0.9794425397145662	1.0	0.9826510391381617
sub-103_ses-01_age-P37_rec-baseline_run-02_comp-001_ica-filt-0072	0.9945477062565814	0.9999177334998428	0.9794031861640237	0.975	0.9907178523720245
sub-103_ses-01_age-P37_rec-baseline_run-02_comp-001_ica-filt-0073	0.053979126691641836	4.403593843011229e-12	0.000574965605247484	0.175	0.06864354927915078
sub-103_ses-01_age-P37_rec-baseline_run-02_comp-001_ica-filt-0074	0.9228798523771871	0.901688347569303	0.9794288691966229	1.0	0.966836785753305
sub-103_ses-01_age-P37_rec-baseline_run-02_comp-001_ica-filt-0075	0.9803153533359663	0.9999699167848951	0.9727074740885338	1.0	0.9755342453497505
sub-103_ses-01_age-P37_rec-baseline_run-02_comp-001_ica-filt-0076	0.9972515598518096	0.9999978211483201	0.9838132474544535	1.0	0.9930493626887885
sub-103_ses-01_age-P37_rec-baseline_run-02_comp-001_ica-filt-0077	0.9936901069645435	0.9999965498014193	0.9873114593776205	1.0	0.9930293340769296
sub-103_ses-01_age-P37_rec-baseline_run-02_comp-001_ica-filt-0078	0.9984397941427906	0.9999993535249428	0.9864531827537252	1.0	0.9943230586432024
sub-103_ses-01_age-P37_rec-baseline_run-02_comp-001_ica-filt-0079	0.9972374177012473	0.9999990431288963	0.9944457930742031	1.0	0.9967321582684477
sub-103_ses-01_age-P37_rec-baseline_run-02_comp-001_ica-filt-0080	0.996678192031171	0.9999987560202179	0.9892522235967985	1.0	0.9946888243515285
sub-103_ses-01_age-P37_rec-baseline_run-02_comp-001_ica-filt-0081	0.9964853843562713	0.9999990039435845	0.9898205291947264	1.0	0.9948214125568616
sub-103_ses-01_age-P37_rec-baseline_run-02_comp-001_ica-filt-0082	0.9937658738963895	0.9999988092595162	0.9910580383362013	1.0	0.9943481842384916
sub-103_ses-01_age-P37_rec-baseline_run-02_comp-001_ica-filt-0083	0.9971583212111589	0.9999916093376375	0.9842040022198983	1.0	0.9931470576004221
sub-103_ses-01_age-P37_rec-baseline_run-02_comp-001_ica-filt-0084	0.9849418145481054	0.9999917510592111	0.9793955995853124	1.0	0.9875134611583679
sub-103_ses-01_age-P37_rec-baseline_run-02_comp-001_ica-filt-0085	0.9975512283287354	0.9999983057020253	0.9794165753285026	1.0	0.9917233104865254
sub-103_ses-01_age-P37_rec-baseline_run-02_comp-001_ica-filt-0086	0.9921486507423194	0.9999514756235802	0.9897242690282897	1.0	0.9933424016607164
sub-103_ses-01_age-P37_rec-baseline_run-02_comp-001_ica-filt-0087	0.9984939036176865	0.9999994756429008	0.9863221573801245	1.0	0.994297091848499
sub-103_ses-01_age-P37_rec-baseline_run-02_comp-001_ica-filt-0088	0.9979975978037982	0.9999979487437727	0.9794287093098399	1.0	0.9918759830648837
sub-103_ses-01_age-P37_rec-baseline_run-02_comp-001_ica-filt-0089	0.9960459515112686	0.9999965646627496	0.9797403196978196	1.0	0.9913252383252606
sub-103_ses-01_age-P37_rec-baseline_run-02_comp-001_ica-filt-0090	0.9975735858984309	0.9999988196096282	0.9823131725610705	1.0	0.9926656435486808
sub-103_ses-01_age-P37_rec-baseline_run-02_comp-001_ica-filt-0091	0.9834836408304086	0.9999839855469557	0.9794413105859987	1.0	0.9870420299721667
sub-103_ses-01_age-P37_rec-baseline_run-02_comp-001_ica-filt-0092	0.9965838257545538	0.9999910998084895	0.9539854617268528	1.0	0.9836744679315407
sub-103_ses-01_age-P37_rec-baseline_run-02_comp-001_ica-filt-0093	0.9936409445793427	0.9999632730581673	0.9457334300282215	0.95	0.9636386381842897
sub-103_ses-01_age-P37_rec-baseline_run-02_comp-001_ica-filt-0094	0.022631882781427005	1.4261949232985491e-11	0.9024738570337698	0.1	0.369619117243188
sub-103_ses-01_age-P37_rec-baseline_run-02_comp-001_ica-filt-0095	0.9705869938882291	2.1168810936756065e-05	0.9794322728270818	0.95	0.9827402554337091
sub-103_ses-01_age-P37_rec-baseline_run-02_comp-001_ica-filt-0096	0.9992694076404399	0.9999991412917747	0.9856715395344441	1.0	0.9943378135830231
sub-103_ses-01_age-P37_rec-baseline_run-02_comp-001_ica-filt-0097	0.992346912847295	0.9998981442271088	0.9793725595754798	1.0	0.9899744562897355
sub-103_ses-01_age-P37_rec-baseline_run-02_comp-001_ica-filt-0098	0.9917293923736904	0.9998232970684551	0.9794017705923868	1.0	0.9897779614938275
sub-103_ses-01_age-P37_rec-baseline_run-02_comp-001_ica-filt-0099	0.9988457760780705	0.9999995517921373	0.9898205730385504	1.0	0.9956082250337248
sub-103_ses-01_age-P37_rec-baseline_run-02_comp-001_ica-filt-0100	0.9887440738612824	0.9999856364705034	0.9794679836464462	1.0	0.9888040443090059
sub-103_ses-01_age-P37_rec-baseline_run-02_comp-001_ica-filt-0101	0.9986960844990934	0.9999991300408465	0.9794397914465957	1.0	0.9921123583696535
sub-103_ses-01_age-P37_rec-baseline_run-02_comp-001_ica-filt-0102	0.9982535480272091	0.9999991582478556	0.9901747651125651	1.0	0.9955341571300722
sub-103_ses-01_age-P37_rec-baseline_run-02_comp-001_ica-filt-0103	0.9957315066326091	0.9999551003606588	0.9683395253171798	1.0	0.9876652049717404
sub-103_ses-01_age-P37_rec-baseline_run-02_comp-001_ica-filt-0104	0.982480243528039	0.9999695821075507	0.979388155426528	1.0	0.9866905558422149
sub-103_ses-01_age-P37_rec-baseline_run-02_comp-001_ica-filt-0105	0.9712603316518762	0.053949094991343254	0.9794141861756868	1.0	0.98295891378715
sub-103_ses-01_age-P37_rec-baseline_run-02_comp-001_ica-filt-0106	0.9978775692103851	0.9999988675520886	0.9826086426054884	1.0	0.992863297211945
sub-103_ses-01_age-P37_rec-baseline_run-02_comp-001_ica-filt-0107	0.9645576213121702	0.9990464796416049	0.9436382103704567	1.0	0.9700109018838191
sub-103_ses-01_age-P37_rec-baseline_run-02_comp-001_ica-filt-0108	0.9958462572892345	0.9999980907952697	0.9878446462538455	1.0	0.9939290526953742
sub-103_ses-01_age-P37_rec-baseline_run-02_comp-001_ica-filt-0109	0.9988098792540064	0.9999994790838621	0.9846875445605343	1.0	0.9938574485255584
sub-103_ses-01_age-P37_rec-baseline_run-02_comp-001_ica-filt-0110	0.012055004908725473	2.549226188770794e-16	0.7228886598536989	0.1	0.3023664757179549
sub-103_ses-01_age-P37_rec-baseline_run-02_comp-001_ica-filt-0111	0.14627394195330923	1.4713638553019315e-07	0.0005745150456401885	0.1	0.07440803680894945
sub-103_ses-01_age-P37_rec-baseline_run-02_comp-001_ica-filt-0112	0.9854213018489366	0.9999910323339949	0.9793960491725047	0.95	0.9876734341002781
sub-103_ses-01_age-P37_rec-baseline_run-02_comp-001_ica-filt-0113	0.9985206113884925	0.9999994481317755	0.9894385661564886	1.0	0.995367373837763
sub-103_ses-01_age-P37_rec-baseline_run-02_comp-001_ica-filt-0114	0.956025388804953	2.778934909448115e-05	0.979382409609472	0.95	0.9695370993848288
sub-103_ses-01_age-P37_rec-baseline_run-02_comp-001_ica-filt-0115	0.9921518116620908	0.9999733145308304	0.9794441344629307	0.975	0.9899323239645658
sub-103_ses-01_age-P37_rec-baseline_run-02_comp-001_ica-filt-0116	0.9915652540483951	0.9999972961107877	0.9861213462043628	1.0	0.9919201978197689
sub-103_ses-01_age-P37_rec-baseline_run-02_comp-001_ica-filt-0117	0.9742046972425501	0.9993828021172446	0.9429534975676062	1.0	0.9730310422271565
sub-103_ses-01_age-P37_rec-baseline_run-02_comp-001_ica-filt-0118	0.9952770137651258	0.9999944843952201	0.987436520744949	1.0	0.9936006761615855
sub-103_ses-01_age-P37_rec-baseline_run-02_comp-001_ica-filt-0119	0.9984509025204988	0.9999968626012924	0.9794151191879445	1.0	0.9920227359511831
sub-103_ses-01_age-P37_rec-baseline_run-02_comp-001_ica-filt-0120	0.9875632014284679	0.9999945089083282	0.9901330471240498	1.0	0.9919561538297611
sub-103_ses-01_age-P37_rec-baseline_run-02_comp-001_ica-filt-0121	0.9967085238055751	0.9999987435645401	0.9813226728576196	1.0	0.9837223951627072
sub-103_ses-01_age-P37_rec-baseline_run-02_comp-001_ica-filt-0122	0.999226695930042	0.9999985749429385	0.9885960594087289	1.0	0.9953125494999518
sub-103_ses-01_age-P37_rec-baseline_run-02_comp-001_ica-filt-0123	0.993397538744743	0.9999926294539017	0.9805704567585348	1.0	0.9907091958808764
sub-103_ses-01_age-P37_rec-baseline_run-02_comp-001_ica-filt-0124	0.9970283563628051	0.9999988919090168	0.9896982753030301	0.975	0.9949599484083563
sub-103_ses-01_age-P37_rec-baseline_run-02_comp-001_ica-filt-0125	0.996801085389134	0.9999986694355882	0.9906745376223396	1.0	0.9952249376598271
sub-103_ses-01_age-P37_rec-baseline_run-02_comp-001_ica-filt-0126	0.9986946962358507	0.9999994217050169	0.9866039417800024	1.0	0.9944587185160735
sub-103_ses-01_age-P37_rec-baseline_run-02_comp-001_ica-filt-0127	0.9990958796623879	0.999999078835035	0.9844236068337089	1.0	0.9938654452079133
sub-103_ses-01_age-P37_rec-baseline_run-02_comp-001_ica-filt-0128	0.9906838819759713	0.9978588757774846	0.9794692112334417	1.0	0.9894510399317215
sub-103_ses-01_age-P37_rec-baseline_run-02_comp-001_ica-filt-0129	0.9973422115284367	0.9999986657426538	0.9894699796027542	1.0	0.9949854451223605
sub-103_ses-01_age-P37_rec-baseline_run-02_comp-001_ica-filt-0130	0.02019533273044513	3.771617438182902e-16	0.0005756736404320233	0.025	0.024049659765164797
sub-103_ses-01_age-P37_rec-baseline_run-02_comp-001_ica-filt-0131	0.99906710544476	0.9999991388443994	0.988544242286375	1.0	0.9952415893887019
sub-103_ses-01_age-P37_rec-baseline_run-02_comp-001_ica-filt-0132	0.996419222160295	0.9999983100666261	0.9877019594223194	1.0	0.9940715130054838
sub-103_ses-01_age-P37_rec-baseline_run-02_comp-001_ica-filt-0133	0.9990933524961514	0.9999990074380053	0.975325513925365	1.0	0.990942383993756
sub-103_ses-01_age-P37_rec-baseline_run-02_comp-001_ica-filt-0134	0.9981144511436634	0.9999991439469907	0.9883127086113572	1.0	0.9948447812998239
sub-103_ses-01_age-P37_rec-baseline_run-02_comp-001_ica-filt-0135	0.9894784866285133	0.9999756905203326	0.9793840219535255	0.925	0.9890219811451963
sub-103_ses-01_age-P37_rec-baseline_run-02_comp-001_ica-filt-0136	0.9532190633361156	0.999825088843114	0.9811704144324934	1.0	0.9775099907187275
sub-103_ses-01_age-P37_rec-baseline_run-02_comp-001_ica-filt-0137	0.9902818914271613	0.9999957611282355	0.9888524304455286	1.0	0.9924189745108528
sub-103_ses-01_age-P37_rec-baseline_run-02_comp-001_ica-filt-0138	0.9952195509550387	0.9999960678353353	0.9803867027243185	1.0	0.9912573719993083
sub-103_ses-01_age-P37_rec-baseline_run-02_comp-001_ica-filt-0139	0.9981873388572567	0.9999993513161778	0.9920424080875027	1.0	0.9961716937994609
sub-103_ses-01_age-P37_rec-baseline_run-02_comp-001_ica-filt-0140	0.9924891552473775	0.999834467550167	0.979379325444503	1.0	0.9900240348630088
sub-103_ses-01_age-P37_rec-baseline_run-02_comp-001_ica-filt-0141	0.9994478701145929	0.9999985152064258	0.985041908679554	1.0	0.9941876494149801
sub-103_ses-01_age-P37_rec-baseline_run-02_comp-001_ica-filt-0142	0.9981296825527703	0.9999990505137412	0.9856989998689799	1.0	0.993967073124753
sub-103_ses-01_age-P37_rec-baseline_run-02_comp-001_ica-filt-0143	0.9983766903926587	0.9999958049785205	0.9794307380042918	1.0	0.9920029964492104
sub-103_ses-01_age-P37_rec-baseline_run-02_comp-001_ica-filt-0144	0.9948640315920307	0.999998664897706	0.993020127110879	1.0	0.9954163390125066
sub-103_ses-01_age-P37_rec-baseline_run-02_comp-001_ica-filt-0145	0.997850259634921	0.9999990490083298	0.9883657227221812	1.0	0.9947748483758447
sub-103_ses-01_age-P37_rec-baseline_run-02_comp-001_ica-filt-0146	0.9995171014062946	0.9999990559322425	0.9787724628487003	1.0	0.9921728697178663
sub-103_ses-01_age-P37_rec-baseline_run-02_comp-001_ica-filt-0147	0.9932666800525224	0.9999958674314622	0.9879611993154728	1.0	0.9931088831603553
sub-103_ses-01_age-P37_rec-baseline_run-02_comp-001_ica-filt-0148	0.9982081883985154	0.9999993264157498	0.9875017321516023	1.0	0.994599848869961
sub-103_ses-01_age-P37_rec-baseline_run-02_comp-001_ica-filt-0149	0.9948599146802763	0.9999853783800845	0.9764700458086485	1.0	0.9815574936973688
sub-103_ses-01_age-P37_rec-baseline_run-02_comp-001_ica-filt-0150	0.9601997552523206	0.9999490318526921	0.9841364703677726	1.0	0.980805253853346
sub-103_ses-01_age-P37_rec-baseline_run-02_comp-001_ica-filt-0151	0.9964145329805643	0.9999956185937798	0.9834058389322902	1.0	0.9926364779787941
sub-103_ses-01_age-P37_rec-baseline_run-02_comp-001_ica-filt-0152	0.9956345958967457	0.9999972025840065	0.9793841895151956	1.0	0.9910740711743387
sub-103_ses-01_age-P37_rec-baseline_run-02_comp-001_ica-filt-0153	0.9982830456409909	0.9999984784929492	0.9822123327444205	1.0	0.992869298627968
sub-103_ses-01_age-P37_rec-baseline_run-02_comp-001_ica-filt-0154	0.9943426813665277	0.9999944511978506	0.9794056843730988	1.0	0.9906503100618141
sub-103_ses-01_age-P37_rec-baseline_run-02_comp-001_ica-filt-0155	0.9985102206867394	0.9999984355908251	0.9832544644168971	1.0	0.9932853968623027
sub-103_ses-01_age-P37_rec-baseline_run-02_comp-001_ica-filt-0156	0.9978301827755848	0.9999992035930855	0.9898497784072644	1.0	0.9952798448725448
sub-103_ses-01_age-P37_rec-baseline_run-02_comp-001_ica-filt-0157	0.9991399149597675	0.9999979036120018	0.9804964670110321	1.0	0.9925994918047408
sub-103_ses-01_age-P37_rec-baseline_run-02_comp-001_ica-filt-0158	0.9967465317743348	0.999998872755531	0.9890429602560253	1.0	0.9946394283076984
sub-103_ses-01_age-P37_rec-baseline_run-02_comp-001_ica-filt-0159	0.9989427844233149	0.9999995321725159	0.989176781568696	1.0	0.9954176492597551
sub-103_ses-01_age-P37_rec-baseline_run-02_comp-001_ica-filt-0160	0.9974062997677006	0.9999964195248721	0.9851643547040877	1.0	0.9935478150591214
sub-103_ses-01_age-P37_rec-baseline_run-02_comp-001_ica-filt-0161	0.934231156466826	0.9993060083473008	0.9878918897730679	1.0	0.9650734347304106
sub-103_ses-01_age-P37_rec-baseline_run-02_comp-001_ica-filt-0162	0.9896228807307829	0.9999646549990088	0.9818520233650699	1.0	0.9898654438616167
sub-103_ses-01_age-P37_rec-baseline_run-02_comp-001_ica-filt-0163	0.8752010018061019	0.83131375901917	0.9794245025573928	1.0	0.9259424382498779
sub-103_ses-01_age-P37_rec-baseline_run-02_comp-001_ica-filt-0164	0.9809974253317386	0.9999841279329166	0.984648820229367	1.0	0.9795738057243493
sub-103_ses-01_age-P37_rec-baseline_run-02_comp-001_ica-filt-0165	0.9979882457846379	0.9999959623666058	0.9499358784279661	1.0	0.9829653295219171
sub-103_ses-01_age-P37_rec-baseline_run-02_comp-001_ica-filt-0166	0.9991326048890802	0.9999988642556679	0.980964245846181	1.0	0.9927478892648866
sub-103_ses-01_age-P37_rec-baseline_run-02_comp-001_ica-filt-0167	0.9989127316398978	0.9999995122007981	0.9829511238439014	1.0	0.9933202432549445
sub-103_ses-01_age-P37_rec-baseline_run-02_comp-001_ica-filt-0168	0.9974561936905931	0.9999987766409332	0.9889175079557164	1.0	0.9948327910566978
sub-103_ses-01_age-P37_rec-baseline_run-02_comp-001_ica-filt-0169	0.9991328707438629	0.9999995446407499	0.9936242983458557	1.0	0.9970599327010458
sub-103_ses-01_age-P37_rec-baseline_run-02_comp-001_ica-filt-0170	0.9956967069671447	0.999997493879478	0.985268400988649	1.0	0.9930125565673859
sub-103_ses-01_age-P37_rec-baseline_run-02_comp-001_ica-filt-0171	0.998778915676981	0.9999991287405828	0.9806401299812257	1.0	0.9925254371439906
sub-103_ses-01_age-P37_rec-baseline_run-02_comp-001_ica-filt-0172	0.9986143693554538	0.9999994934804772	0.9863855496009494	1.0	0.994358530393995
sub-103_ses-01_age-P37_rec-baseline_run-02_comp-001_ica-filt-0173	0.9996232035084217	0.9999965731915068	0.979439790251129	1.0	0.9924213976568552
sub-103_ses-01_age-P37_rec-baseline_run-02_comp-001_ica-filt-0174	0.9957588620595451	0.9999984559640432	0.9862511445965859	1.0	0.993361583251637
sub-103_ses-01_age-P37_rec-baseline_run-02_comp-001_ica-filt-0175	0.9981471747959458	0.9999980019764289	0.9885184346804776	1.0	0.994926102333558
sub-103_ses-01_age-P37_rec-baseline_run-02_comp-001_ica-filt-0176	0.999214484718213	0.9999990434015722	0.9794292844801167	1.0	0.9922817960917362
sub-103_ses-01_age-P37_rec-baseline_run-02_comp-001_ica-filt-0177	0.9986615032184919	0.9999994301355785	0.9886570161759507	1.0	0.9951450605087041
sub-103_ses-01_age-P37_rec-baseline_run-02_comp-001_ica-filt-0178	0.9991627835303468	0.9999937581270182	0.9810043796511299	1.0	0.9927709098545324
sub-103_ses-01_age-P37_rec-baseline_run-02_comp-001_ica-filt-0179	0.9974135965101965	0.9999946758243663	0.9851352706599186	1.0	0.9935405790574459
sub-103_ses-01_age-P37_rec-baseline_run-02_comp-001_ica-filt-0180	0.9905873223554563	0.9997033806806552	0.9794356237890487	1.0	0.989408103932511
sub-103_ses-01_age-P37_rec-baseline_run-02_comp-001_ica-filt-0181	0.99598912337766	0.9999984855310953	0.989333987373284	1.0	0.994487380308764
sub-103_ses-01_age-P37_rec-baseline_run-02_comp-001_ica-filt-0182	0.9984269668622223	0.9999982743908159	0.9793786781358377	1.0	0.99200309832
sub-103_ses-01_age-P37_rec-baseline_run-02_comp-001_ica-filt-0183	0.998889207040184	0.9999994693496715	0.9862803908890814	1.0	0.9944148433094832
sub-103_ses-01_age-P37_rec-baseline_run-02_comp-001_ica-filt-0184	0.9992431472624381	0.9999994139093409	0.983329641631506	1.0	0.9935543536987442
sub-103_ses-01_age-P37_rec-baseline_run-02_comp-001_ica-filt-0185	0.9879881781441398	0.9999912750694233	0.9848290565532196	1.0	0.9902971135635017
sub-103_ses-01_age-P37_rec-baseline_run-02_comp-001_ica-filt-0186	0.9986012228680937	0.9999988058083947	0.9850161609839554	1.0	0.9938968826286821
sub-103_ses-01_age-P37_rec-baseline_run-02_comp-001_ica-filt-0187	0.9934149238987262	0.9999972787908173	0.9910142985037437	1.0	0.9942157715413212
sub-103_ses-01_age-P37_rec-baseline_run-02_comp-001_ica-filt-0188	0.9980053601618007	0.999998850083021	0.9923084094703046	1.0	0.996206381042736
sub-103_ses-01_age-P37_rec-baseline_run-02_comp-001_ica-filt-0189	0.9993833018136022	0.9999992173073559	0.9849757162620761	1.0	0.9941441470383968
sub-103_ses-01_age-P37_rec-baseline_run-02_comp-001_ica-filt-0190	0.9992979486522382	0.9999992098014335	0.984100021665527	1.0	0.9938259635589405
sub-103_ses-01_age-P37_rec-baseline_run-02_comp-001_ica-filt-0191	0.9995764901807588	0.9999982269532965	0.9844633423077759	1.0	0.9940387859898219
sub-103_ses-01_age-P37_rec-baseline_run-02_comp-001_ica-filt-0192	0.9988275991242153	0.9999987397807787	0.979724747946803	1.0	0.9922474625842072
sub-103_ses-01_age-P37_rec-baseline_run-02_comp-001_ica-filt-0193	0.9985963996113987	0.9999993819541394	0.9848898280831909	1.0	0.9938533435074738
sub-103_ses-01_age-P37_rec-baseline_run-02_comp-001_ica-filt-0194	0.9978370032936683	0.999999005498215	0.9833752507825688	1.0	0.9931005990248226
sub-103_ses-01_age-P37_rec-baseline_run-02_comp-001_ica-filt-0195	0.9975836706954082	0.9999991781722601	0.988410722930572	1.0	0.9947013831651407
sub-103_ses-01_age-P37_rec-baseline_run-02_comp-001_ica-filt-0196	0.9835286100017403	0.9999905468493384	0.9859512242595504	1.0	0.9891843537749372
sub-103_ses-01_age-P37_rec-baseline_run-02_comp-001_ica-filt-0197	0.9974379458118731	0.9999990623175004	0.985587992680207	1.0	0.9936994460232681
sub-103_ses-01_age-P37_rec-baseline_run-02_comp-001_ica-filt-0198	0.9960203452847208	0.9999989823454323	0.9922566085926059	1.0	0.9955261116314205
sub-103_ses-01_age-P37_rec-baseline_run-02_comp-001_ica-filt-0199	0.9983988856117265	0.9999991270090539	0.9821987562664046	1.0	0.992903493375687
sub-103_ses-01_age-P37_rec-baseline_run-02_comp-001_ica-filt-0200	0.9977431778484083	0.9999992878760735	0.9860223522857422	1.0	0.9939463492668712
sub-103_ses-01_age-P37_rec-baseline_run-02_comp-001_ica-filt-0201	0.9936157862734487	0.9999981063744687	0.987368358523654	1.0	0.9930238329024009
sub-103_ses-01_age-P37_rec-baseline_run-02_comp-001_ica-filt-0202	0.9946860408232834	0.9999959450765669	0.9866036499808302	1.0	0.9931224018636667
sub-103_ses-01_age-P37_rec-baseline_run-02_comp-001_ica-filt-0203	0.9997399827360112	0.9999935717156373	0.9824944345069208	1.0	0.993446846345483
sub-103_ses-01_age-P37_rec-baseline_run-02_comp-001_ica-filt-0204	0.9992357743982172	0.9999990615925574	0.9742842648757373	1.0	0.9906643897648881
sub-103_ses-01_age-P37_rec-baseline_run-02_comp-001_ica-filt-0205	0.8875525611462046	0.985028151835846	0.9794239419802274	1.0	0.9550594453158596
sub-103_ses-01_age-P37_rec-baseline_run-02_comp-001_ica-filt-0206	0.9866052026797884	0.9999863521517407	0.979417163999198	1.0	0.9880748236328301
sub-103_ses-01_age-P37_rec-baseline_run-02_comp-001_ica-filt-0207	0.9946846875526522	0.9999926400421574	0.9854202836985146	0.975	0.9927257844842684
sub-103_ses-01_age-P37_rec-baseline_run-02_comp-001_ica-filt-0208	0.9891798401455046	0.9999658321018698	0.9794567719541888	1.0	0.988945711300207
sub-103_ses-01_age-P37_rec-baseline_run-02_comp-001_ica-filt-0209	0.9979618075855401	0.9944486684468632	0.9794374546952347	0.95	0.9835335182603556
sub-103_ses-01_age-P37_rec-baseline_run-02_comp-001_ica-filt-0210	0.9991702610168656	0.9999993957264405	0.9862252890792049	1.0	0.9944900441060623
sub-103_ses-01_age-P37_rec-baseline_run-02_comp-001_ica-filt-0211	0.9971722575211328	0.9999945880749376	0.9794234254833636	1.0	0.9915991788326707
sub-103_ses-01_age-P37_rec-baseline_run-02_comp-001_ica-filt-0212	0.9976694064715221	0.9999983157201511	0.9743749742185229	1.0	0.9901705593079712
sub-103_ses-01_age-P37_rec-baseline_run-02_comp-001_ica-filt-0213	0.9895330681873492	0.9999903767566843	0.9830904778303913	1.0	0.9902392920625536
sub-103_ses-01_age-P37_rec-baseline_run-02_comp-001_ica-filt-0214	0.9972624078181677	0.9999985984833922	0.9785376495445081	1.0	0.9913464864635086
sub-103_ses-01_age-P37_rec-baseline_run-02_comp-001_ica-filt-0215	0.9990889707381732	0.9999977300782568	0.9904112199613796	1.0	0.9958952634650536
sub-103_ses-01_age-P37_rec-baseline_run-02_comp-001_ica-filt-0216	0.999210067346766	0.9999981815792203	0.9884693230964915	1.0	0.9952635772112194
sub-103_ses-01_age-P37_rec-baseline_run-02_comp-001_ica-filt-0217	0.9928913340755068	0.9999535005875334	0.9794245631506058	1.0	0.990172568395779
sub-103_ses-01_age-P37_rec-baseline_run-02_comp-001_ica-filt-0218	0.019573482973956408	3.8912360254757087e-16	0.0005742307667976732	0.05	0.015507599307025053
sub-103_ses-01_age-P37_rec-baseline_run-02_comp-001_ica-filt-0219	0.9988176172258426	0.999998884136974	0.9809433748224221	1.0	0.9926361544283381
sub-103_ses-01_age-P37_rec-baseline_run-02_comp-001_ica-filt-0220	0.9981788306875037	0.9999981732486015	0.9844939219636767	1.0	0.9935830123677865
sub-103_ses-01_age-P37_rec-baseline_run-02_comp-001_ica-filt-0221	0.913694751755082	0.8068281947029858	0.9284638360392294	1.0	0.9404420134686496
sub-103_ses-01_age-P37_rec-baseline_run-02_comp-001_ica-filt-0222	0.9980831145974326	0.9999985221418491	0.973965570128903	1.0	0.990180859946126
sub-103_ses-01_age-P37_rec-baseline_run-02_comp-001_ica-filt-0223	0.9952180926780289	0.9999964768038331	0.9828780673023845	1.0	0.9920648067777695
sub-103_ses-01_age-P37_rec-baseline_run-02_comp-001_ica-filt-0224	0.9991823124869978	0.9999979396203197	0.9886232982393689	1.0	0.9953070964913198
sub-103_ses-01_age-P37_rec-baseline_run-02_comp-001_ica-filt-0225	0.9991498023264275	0.9999988022114985	0.9875213802407622	1.0	0.9949203858968122
sub-103_ses-01_age-P37_rec-baseline_run-02_comp-001_ica-filt-0226	0.9967281413984376	0.9999976328188934	0.9847999633103189	1.0	0.9932007886316763
sub-103_ses-01_age-P37_rec-baseline_run-02_comp-001_ica-filt-0227	0.9985135044719368	0.9999991948725908	0.9766240931258849	1.0	0.9911572413556314
sub-103_ses-01_age-P37_rec-baseline_run-02_comp-001_ica-filt-0228	0.9944365492558832	0.9999806693519546	0.9794793765169437	1.0	0.9907051827658998
sub-103_ses-01_age-P37_rec-baseline_run-02_comp-001_ica-filt-0229	0.9089897063078236	0.900614822251951	0.9794042169511155	1.0	0.953865515528752
sub-103_ses-01_age-P37_rec-baseline_run-02_comp-001_ica-filt-0230	0.9987459536190005	0.9999996038502367	0.9924513613540077	1.0	0.9965046456068757
sub-103_ses-01_age-P37_rec-baseline_run-02_comp-001_ica-filt-0231	0.9983340838670609	0.9999933466509285	0.9925611805874456	0.975	0.996406920295267
sub-103_ses-01_age-P37_rec-baseline_run-02_comp-001_ica-filt-0232	0.9966877837745987	0.9999822535925034	0.9798622195727825	1.0	0.9915782735646376
sub-103_ses-01_age-P37_rec-baseline_run-02_comp-001_ica-filt-0233	0.962356203529041	0.6885698366924241	0.9794420273128975	0.975	0.9549997802418736
sub-103_ses-01_age-P37_rec-baseline_run-02_comp-001_ica-filt-0234	0.9760134836450458	0.9999391414502073	0.9909832050457037	1.0	0.9884043285183317
sub-103_ses-01_age-P37_rec-baseline_run-02_comp-001_ica-filt-0235	0.9945912413335959	0.9999755158100891	0.9705124802999663	1.0	0.9879494400339256
sub-103_ses-01_age-P37_rec-baseline_run-02_comp-001_ica-filt-0236	0.9987345608255362	0.9999975067796192	0.9844736307738456	1.0	0.993761545068251
sub-103_ses-01_age-P37_rec-baseline_run-02_comp-001_ica-filt-0238	0.9186060892875912	0.0001842796142344832	0.9016285638457469	0.575	0.7847150010038284
sub-103_ses-01_age-P37_rec-baseline_run-02_comp-001_ica-filt-0239	0.9993647841916369	0.9999970445471409	0.9794254320492012	1.0	0.9923306631437657
sub-103_ses-01_age-P37_rec-baseline_run-02_comp-001_ica-filt-0240	0.9984675698813072	0.999990410376334	0.9808962472189752	0.975	0.9841709249963951
sub-103_ses-01_age-P37_rec-baseline_run-02_comp-001_ica-filt-0241	0.9975464885785342	0.999972664285326	0.97097338772336	1.0	0.9807428050020691
sub-103_ses-01_age-P37_rec-baseline_run-02_comp-001_ica-filt-0242	0.9872424261520322	0.9999409909605057	0.9794436530414892	1.0	0.988295708059287
sub-103_ses-01_age-P37_rec-baseline_run-02_comp-001_ica-filt-0243	0.9991810753888578	0.9999986980615427	0.9852441618094187	1.0	0.9941659482070371
sub-103_ses-01_age-P37_rec-baseline_run-02_comp-001_ica-filt-0244	0.9973793587628133	0.999986922005125	0.9904405792394781	1.0	0.9953356694022449
sub-103_ses-01_age-P37_rec-baseline_run-02_comp-001_ica-filt-0245	0.9988734507832935	0.9998900934108573	0.9645227013190427	0.975	0.9458912157808883
sub-103_ses-01_age-P37_rec-baseline_run-02_comp-001_ica-filt-0246	0.9954942597248052	0.9999808344817981	0.9999949088122262	1.0	0.9984942548526224
sub-103_ses-01_age-P37_rec-baseline_run-02_comp-001_ica-filt-0247	0.9905108619412574	0.9939720207347317	0.979442845199113	1.0	0.9893849281240366
sub-103_ses-01_age-P37_rec-baseline_run-02_comp-001_ica-filt-0248	0.9975565351994932	0.9999929959269335	0.988574949625565	1.0	0.9947485915271074
sub-103_ses-01_age-P37_rec-baseline_run-02_comp-001_ica-filt-0249	0.987824588049792	0.9925450806632489	0.979423660947535	0.9	0.9801500310221334
sub-103_ses-01_age-P37_rec-baseline_run-02_comp-001_ica-filt-0250	0.9856661035696259	0.9983611662592669	0.935638339476396	0.975	0.9497769995421604
sub-103_ses-01_age-P37_rec-baseline_run-02_comp-001_ica-filt-0251	0.9982311398325744	0.9999760876848403	0.9451215671298465	0.975	0.9733265814428608
sub-103_ses-01_age-P37_rec-baseline_run-02_comp-001_ica-filt-0252	0.9397141817851322	0.9852776676177214	0.9794297615970429	1.0	0.9724485144593199
sub-103_ses-01_age-P37_rec-baseline_run-02_comp-001_ica-filt-0253	0.9993791499755525	0.9999433746255266	0.9794536980692101	0.95	0.9840111641161905
sub-103_ses-01_age-P37_rec-baseline_run-02_comp-001_ica-filt-0254	0.998598076675076	0.9999888435037607	0.9889514432010365	1.0	0.9952250963790283
sub-103_ses-01_age-P37_rec-baseline_run-02_comp-001_ica-filt-0255	0.7557996928774606	0.0427767501861377	0.9793822453875853	0.9	0.8944618148715918
sub-103_ses-01_age-P37_rec-baseline_run-02_comp-001_ica-filt-0256	0.9866932133604173	0.9993171272605035	0.9794342245352118	0.975	0.9881096198224206
sub-103_ses-01_age-P37_rec-baseline_run-02_comp-001_ica-filt-0257	0.7193380052569514	0.00010129728810988196	0.000574923447715096	0.225	0.27376313328080243
sub-103_ses-01_age-P37_rec-baseline_run-02_comp-001_ica-filt-0258	0.9982223917324035	0.999994642332838	0.9939930413640464	1.0	0.9968923071326232
sub-103_ses-01_age-P37_rec-baseline_run-02_comp-001_ica-filt-0259	0.9960950225849418	0.9999991328455827	0.9955510796270939	1.0	0.9967690635560983
